Item,Quantity,Price Per Unit,Total Spent,Payment Method,Location,Transaction Date
0,2.0,2.0,4.0,credit card,Takeaway,2023-09-08
1,4.0,3.0,12.0,cash,In-store,2023-05-16
2,4.0,1.0,8.924352495262161,credit card,In-store,2023-07-19
3,2.0,5.0,10.0,unknown,UNKNOWN,2023-04-27
0,2.0,2.0,4.0,digital wallet,In-store,2023-06-11
4,5.0,4.0,20.0,credit card,Unknown,2023-03-31
5,3.0,3.0,9.0,error,Takeaway,2023-10-06
6,4.0,4.0,16.0,cash,UNKNOWN,2023-10-28
-1,5.0,3.0,15.0,unknown,Takeaway,2023-07-28
6,5.0,4.0,20.0,unknown,In-store,2023-12-31
3,5.0,5.0,25.0,cash,Takeaway,2023-11-07
6,2.0,4.0,8.0,credit card,Takeaway,2023-02-06
6,2.0,4.0,8.0,cash,In-store,2023-05-03
2,5.0,1.0,5.0,unknown,Takeaway,2023-06-01
7,2.0,1.5,3.0,unknown,In-store,2023-03-21
3,3.0,5.0,15.0,credit card,In-store,2023-11-15
6,1.0,4.0,4.0,unknown,Unknown,2023-06-10
8,2.0,3.0,6.0,cash,In-store,2023-02-24
1,5.0,3.0,15.0,cash,ERROR,2023-03-25
8,4.0,3.0,12.0,cash,Takeaway,2023-01-15
4,3.028463396702027,4.0,20.0,cash,In-store,2023-04-04
4,4.0,4.0,16.0,credit card,Takeaway,2023-03-30
6,3.0,4.0,12.0,digital wallet,Takeaway,2023-12-01
6,2.0,4.0,8.0,unknown,Unknown,2023-09-18
6,5.0,4.0,20.0,cash,In-store,2023-06-03
4,3.0,4.0,8.924352495262161,unknown,UNKNOWN,2023-12-13
2,5.0,1.0,5.0,credit card,In-store,2023-04-20
8,4.0,3.0,12.0,credit card,Takeaway,2023-04-10
4,5.0,4.0,20.0,credit card,Unknown,2023-03-11
1,4.0,3.0,12.0,digital wallet,Takeaway,2023-02-06
-1,5.0,2.0,10.0,digital wallet,Unknown,2023-06-02
5,2.0,1.0,8.924352495262161,credit card,ERROR,2023-11-06
4,4.0,4.0,16.0,unknown,In-store,2023-08-15
5,5.0,1.0,5.0,cash,Unknown,2023-02-06
4,2.0,4.0,8.0,digital wallet,Takeaway,2023-10-09
6,1.0,4.0,4.0,credit card,UNKNOWN,2023-05-28
5,4.0,3.0,12.0,unknown,In-store,2023-07-17
3,2.0,5.0,10.0,credit card,In-store,2023-04-29
4,4.0,4.0,16.0,unknown,Takeaway,2023-06-08
0,4.0,2.0,8.0,error,Unknown,2023-06-29
4,3.0,4.0,12.0,unknown,In-store,2023-04-17
6,4.0,4.0,16.0,unknown,Takeaway,2023-12-22
9,2.0,1.5,8.924352495262161,unknown,Takeaway,2023-01-10
8,4.0,3.0,12.0,unknown,Takeaway,2023-10-02
2,2.0,1.0,2.0,unknown,Unknown,2023-02-23
3,3.0,5.0,15.0,cash,Unknown,2023-03-22
8,4.0,3.0,12.0,digital wallet,In-store,2023-11-03
8,5.0,3.0,15.0,unknown,Unknown,2023-03-02
8,5.0,3.0,15.0,cash,Unknown,2023-06-26
1,3.0,3.0,9.0,unknown,ERROR,2023-05-02
1,5.0,3.0,15.0,unknown,Takeaway,2023-09-05
3,5.0,5.0,25.0,error,Takeaway,2023-01-08
5,5.0,5.0,25.0,digital wallet,Unknown,2023-03-15
4,3.0,4.0,12.0,credit card,Unknown,2023-11-25
4,5.0,4.0,20.0,digital wallet,Takeaway,2023-12-05
2,3.028463396702027,1.0,2.0,credit card,Takeaway,2023-03-19
1,5.0,2.949984155487483,15.0,unknown,Takeaway,2023-06-27
1,3.028463396702027,3.0,3.0,digital wallet,In-store,2023-04-19
6,4.0,4.0,16.0,cash,Takeaway,2023-11-03
8,5.0,3.0,15.0,unknown,In-store,2023-10-07
3,1.0,5.0,5.0,unknown,Unknown,2023-09-30
-1,1.0,3.0,3.0,unknown,In-store,2023-10-09
6,1.0,4.0,4.0,cash,Unknown,2023-05-27
5,3.0,5.0,15.0,unknown,Takeaway,2023-11-18
4,4.0,4.0,16.0,digital wallet,Unknown,2023-06-01
6,3.0,2.949984155487483,8.924352495262161,unknown,In-store,2023-10-20
8,3.028463396702027,3.0,6.0,cash,Unknown,2023-03-30
2,1.0,1.0,1.0,credit card,Takeaway,2023-10-03
3,2.0,2.949984155487483,10.0,unknown,In-store,2023-10-27
7,5.0,3.0,15.0,digital wallet,In-store,2023-04-06
9,2.0,1.5,3.0,cash,In-store,2023-03-22
1,2.0,3.0,6.0,credit card,In-store,2023-01-31
-1,1.0,1.0,1.0,cash,In-store,2023-12-08
3,2.0,5.0,10.0,unknown,ERROR,2023-06-19
4,2.0,4.0,8.0,credit card,ERROR,2023-12-14
0,1.0,2.0,2.0,cash,Takeaway,2023-07-16
6,4.0,4.0,16.0,cash,Unknown,2023-02-22
3,1.0,5.0,5.0,unknown,In-store,2023-02-06
9,5.0,1.5,7.5,cash,Unknown,2023-06-02
8,4.0,3.0,12.0,cash,In-store,2023-06-15
0,2.0,2.0,4.0,credit card,In-store,2023-12-09
6,2.0,4.0,8.0,unknown,In-store,2023-04-18
2,2.0,1.0,2.0,unknown,Unknown,2023-11-07
1,3.0,3.0,9.0,cash,In-store,2023-10-28
1,4.0,3.0,12.0,credit card,Unknown,2023-12-22
9,3.0,2.949984155487483,4.5,cash,UNKNOWN,2023-10-29
1,5.0,3.0,15.0,credit card,ERROR,2023-04-30
2,5.0,1.0,5.0,unknown,Takeaway,2023-04-02
7,1.0,5.0,5.0,digital wallet,Takeaway,2023-05-24
-1,5.0,1.0,5.0,unknown,In-store,2023-03-12
9,2.0,1.5,3.0,credit card,In-store,2023-08-16
5,5.0,3.0,15.0,unknown,In-store,2023-10-28
8,5.0,3.0,15.0,credit card,Unknown,2023-09-10
0,3.0,2.0,6.0,credit card,Unknown,2023-03-07
8,3.0,3.0,8.924352495262161,cash,Takeaway,2023-08-07
3,3.0,5.0,15.0,error,Takeaway,2023-08-20
3,5.0,5.0,25.0,cash,In-store,2023-06-10
0,4.0,2.0,8.0,digital wallet,In-store,2023-04-15
8,4.0,3.0,12.0,cash,Takeaway,2023-05-27
0,4.0,2.0,8.0,cash,In-store,2023-07-25
-1,5.0,5.0,25.0,cash,Takeaway,2023-10-30
3,3.0,5.0,15.0,unknown,Takeaway,2023-10-28
8,2.0,3.0,6.0,digital wallet,Takeaway,2023-12-15
1,4.0,3.0,12.0,unknown,Takeaway,2023-02-06
8,2.0,2.949984155487483,6.0,unknown,Unknown,2023-02-06
3,4.0,5.0,20.0,error,In-store,2023-02-25
2,3.0,1.0,3.0,credit card,UNKNOWN,2023-04-03
2,3.0,1.0,3.0,credit card,Unknown,2023-10-08
2,5.0,1.0,5.0,digital wallet,Takeaway,2023-12-28
9,4.0,1.5,6.0,digital wallet,Unknown,2023-08-30
6,1.0,4.0,4.0,unknown,In-store,2023-02-03
4,2.0,4.0,8.0,credit card,Unknown,2023-09-12
4,5.0,4.0,20.0,unknown,Takeaway,2023-04-27
8,3.0,3.0,9.0,digital wallet,Unknown,2023-05-04
0,5.0,2.0,10.0,digital wallet,Unknown,2023-02-21
3,2.0,5.0,10.0,cash,Takeaway,2023-02-06
8,3.0,3.0,9.0,cash,Unknown,2023-03-16
8,3.028463396702027,3.0,9.0,digital wallet,UNKNOWN,2023-01-10
7,5.0,2.949984155487483,15.0,unknown,In-store,2023-02-06
3,2.0,5.0,10.0,credit card,Takeaway,2023-02-24
1,2.0,3.0,6.0,unknown,Unknown,2023-06-02
0,3.0,2.0,6.0,unknown,Takeaway,2023-03-29
1,2.0,3.0,6.0,unknown,Takeaway,2023-06-18
0,5.0,2.0,10.0,digital wallet,In-store,2023-09-23
8,3.0,3.0,9.0,unknown,Unknown,2023-01-14
9,4.0,1.5,6.0,cash,In-store,2023-09-14
8,5.0,3.0,15.0,credit card,Unknown,2023-09-16
4,4.0,4.0,16.0,credit card,Takeaway,2023-12-28
8,2.0,3.0,6.0,digital wallet,Takeaway,2023-02-06
6,2.0,4.0,8.0,cash,In-store,2023-03-11
9,1.0,1.5,1.5,cash,Unknown,2023-04-08
9,1.0,1.5,1.5,unknown,Unknown,2023-12-19
8,4.0,3.0,12.0,credit card,Takeaway,2023-07-14
8,5.0,3.0,15.0,cash,In-store,2023-04-18
8,2.0,3.0,6.0,unknown,Unknown,2023-06-08
9,5.0,1.5,7.5,credit card,Takeaway,2023-12-12
0,5.0,2.0,10.0,cash,In-store,2023-01-05
3,3.0,5.0,15.0,credit card,In-store,2023-06-10
6,5.0,4.0,20.0,unknown,In-store,2023-01-23
9,1.0,1.5,1.5,credit card,Unknown,2023-02-20
1,3.0,2.949984155487483,9.0,digital wallet,Unknown,2023-07-19
1,5.0,3.0,15.0,unknown,In-store,2023-12-06
0,1.0,2.0,2.0,credit card,Unknown,2023-02-06
8,1.0,3.0,8.924352495262161,cash,Unknown,2023-05-31
3,2.0,5.0,10.0,cash,Unknown,2023-08-11
9,5.0,1.5,7.5,unknown,In-store,2023-09-03
1,2.0,3.0,8.924352495262161,credit card,In-store,2023-07-11
3,4.0,2.949984155487483,20.0,cash,In-store,2023-06-06
1,4.0,3.0,12.0,unknown,Unknown,2023-01-18
1,2.0,3.0,6.0,cash,Takeaway,2023-03-23
3,5.0,5.0,25.0,cash,Unknown,2023-06-10
-1,4.0,2.949984155487483,16.0,credit card,Takeaway,2023-01-04
0,1.0,2.0,2.0,error,Unknown,2023-06-23
5,3.028463396702027,3.0,12.0,cash,In-store,2023-11-25
0,5.0,2.0,10.0,cash,Unknown,2023-08-03
4,2.0,4.0,8.0,unknown,Takeaway,2023-07-12
0,3.0,2.0,6.0,cash,In-store,2023-04-30
3,5.0,5.0,25.0,digital wallet,In-store,2023-11-25
0,2.0,2.0,4.0,credit card,Unknown,2023-03-07
8,2.0,3.0,6.0,unknown,ERROR,2023-06-27
6,3.0,4.0,12.0,cash,Takeaway,2023-02-06
8,1.0,2.949984155487483,3.0,credit card,In-store,2023-11-02
2,1.0,2.949984155487483,1.0,error,Takeaway,2023-07-31
9,2.0,1.5,3.0,unknown,In-store,2023-09-19
1,5.0,2.949984155487483,15.0,unknown,ERROR,2023-02-09
5,5.0,4.0,20.0,cash,UNKNOWN,2023-09-04
6,3.0,4.0,12.0,cash,Takeaway,2023-05-21
1,3.0,3.0,9.0,cash,In-store,2023-07-02
-1,2.0,4.0,8.0,error,Unknown,2023-07-10
2,4.0,1.0,4.0,credit card,In-store,2023-11-21
6,4.0,4.0,16.0,unknown,Unknown,2023-12-02
9,2.0,1.5,8.924352495262161,unknown,Unknown,2023-11-25
0,3.0,2.0,6.0,unknown,In-store,2023-04-17
2,3.0,1.0,3.0,digital wallet,In-store,2023-03-13
1,3.0,3.0,9.0,unknown,In-store,2023-08-12
2,5.0,1.0,5.0,credit card,Takeaway,2023-02-06
2,3.0,1.0,3.0,digital wallet,In-store,2023-02-16
3,3.028463396702027,5.0,25.0,unknown,In-store,2023-09-23
4,3.028463396702027,4.0,16.0,digital wallet,Unknown,2023-04-11
4,5.0,4.0,20.0,credit card,In-store,2023-03-13
6,1.0,4.0,4.0,unknown,Unknown,2023-11-07
4,3.0,4.0,12.0,unknown,Takeaway,2023-03-26
1,2.0,3.0,6.0,digital wallet,Takeaway,2023-11-01
3,1.0,5.0,5.0,cash,Unknown,2023-07-22
5,1.0,4.0,4.0,digital wallet,Takeaway,2023-11-03
1,3.0,3.0,9.0,cash,In-store,2023-09-14
4,2.0,2.949984155487483,8.0,unknown,Unknown,2023-07-26
4,5.0,4.0,20.0,credit card,In-store,2023-02-28
0,4.0,2.0,8.0,unknown,In-store,2023-01-27
2,3.028463396702027,1.0,3.0,error,Unknown,2023-12-06
1,5.0,3.0,15.0,cash,Unknown,2023-01-19
4,1.0,4.0,4.0,unknown,Unknown,2023-02-20
8,4.0,3.0,12.0,cash,In-store,2023-04-07
4,2.0,4.0,8.0,unknown,In-store,2023-03-20
2,3.0,1.0,3.0,cash,Takeaway,2023-02-16
2,4.0,1.0,4.0,unknown,In-store,2023-12-27
9,2.0,2.949984155487483,3.0,cash,In-store,2023-10-26
-1,5.0,3.0,15.0,credit card,Unknown,2023-02-18
8,3.028463396702027,3.0,12.0,error,Unknown,2023-04-11
8,3.0,3.0,9.0,credit card,Unknown,2023-05-15
0,2.0,2.0,4.0,credit card,Takeaway,2023-12-10
1,2.0,3.0,6.0,credit card,Unknown,2023-08-15
4,1.0,4.0,4.0,unknown,In-store,2023-04-21
-1,3.0,3.0,9.0,credit card,Takeaway,2023-10-28
0,3.0,2.0,6.0,cash,Takeaway,2023-02-04
2,1.0,1.0,1.0,digital wallet,In-store,2023-04-15
4,1.0,4.0,4.0,error,In-store,2023-11-12
9,5.0,1.5,7.5,unknown,Unknown,2023-08-05
4,3.0,4.0,12.0,credit card,In-store,2023-05-10
6,2.0,4.0,8.0,credit card,Unknown,2023-02-06
4,5.0,4.0,20.0,unknown,In-store,2023-07-15
7,3.0,5.0,15.0,digital wallet,Unknown,2023-11-15
3,3.0,2.949984155487483,15.0,credit card,Unknown,2023-01-11
1,1.0,2.949984155487483,3.0,unknown,Unknown,2023-10-01
3,3.028463396702027,5.0,25.0,cash,In-store,2023-05-04
3,4.0,5.0,20.0,cash,In-store,2023-04-26
7,4.0,4.0,16.0,credit card,Unknown,2023-08-25
3,1.0,5.0,5.0,cash,In-store,2023-05-28
8,1.0,3.0,3.0,unknown,Takeaway,2023-04-30
3,1.0,5.0,5.0,unknown,ERROR,2023-01-14
0,4.0,2.0,8.0,digital wallet,In-store,2023-03-01
1,3.0,3.0,9.0,credit card,In-store,2023-11-13
2,2.0,1.0,2.0,digital wallet,Unknown,2023-07-09
3,2.0,5.0,10.0,credit card,Unknown,2023-05-13
2,1.0,1.0,1.0,cash,In-store,2023-02-06
3,1.0,5.0,5.0,digital wallet,Takeaway,2023-12-27
2,5.0,1.0,5.0,digital wallet,Takeaway,2023-05-18
5,3.0,4.0,12.0,unknown,Unknown,2023-04-04
1,1.0,2.949984155487483,3.0,cash,Takeaway,2023-01-17
1,5.0,3.0,15.0,unknown,In-store,2023-07-14
3,1.0,5.0,5.0,credit card,ERROR,2023-03-29
1,4.0,3.0,12.0,digital wallet,Takeaway,2023-09-22
9,3.0,1.5,4.5,error,Unknown,2023-09-30
1,4.0,3.0,12.0,digital wallet,ERROR,2023-08-22
4,1.0,4.0,4.0,credit card,ERROR,2023-07-27
7,1.0,4.0,4.0,digital wallet,In-store,2023-12-30
3,3.028463396702027,5.0,8.924352495262161,unknown,In-store,2023-05-18
0,4.0,2.0,8.0,unknown,In-store,2023-12-21
6,5.0,4.0,8.924352495262161,digital wallet,In-store,2023-09-28
3,3.0,2.949984155487483,15.0,unknown,In-store,2023-11-16
8,4.0,3.0,12.0,unknown,Unknown,2023-04-14
7,2.0,1.5,3.0,cash,In-store,2023-01-03
9,3.0,1.5,4.5,credit card,In-store,2023-10-20
0,4.0,2.0,8.0,unknown,Unknown,2023-01-12
6,3.0,4.0,12.0,credit card,In-store,2023-08-31
8,2.0,3.0,6.0,cash,Unknown,2023-07-07
9,2.0,1.5,3.0,unknown,UNKNOWN,2023-02-06
-1,5.0,1.5,7.5,digital wallet,In-store,2023-09-15
1,2.0,3.0,6.0,digital wallet,Unknown,2023-10-21
7,2.0,3.0,6.0,credit card,Takeaway,2023-03-30
8,2.0,3.0,6.0,digital wallet,Takeaway,2023-09-02
3,3.0,5.0,15.0,cash,In-store,2023-12-13
2,5.0,1.0,5.0,unknown,Takeaway,2023-02-06
9,4.0,1.5,8.924352495262161,unknown,In-store,2023-07-14
3,1.0,5.0,5.0,cash,In-store,2023-05-10
2,2.0,1.0,2.0,digital wallet,Takeaway,2023-08-19
4,5.0,4.0,20.0,credit card,Takeaway,2023-03-31
6,2.0,4.0,8.0,cash,Takeaway,2023-01-06
7,3.0,3.0,9.0,cash,Unknown,2023-10-02
2,4.0,1.0,8.924352495262161,digital wallet,Unknown,2023-02-06
6,5.0,4.0,20.0,digital wallet,Takeaway,2023-07-10
3,2.0,5.0,10.0,cash,Unknown,2023-10-13
9,1.0,1.5,1.5,digital wallet,In-store,2023-05-29
4,5.0,4.0,20.0,cash,In-store,2023-07-07
6,1.0,4.0,4.0,credit card,UNKNOWN,2023-05-29
6,4.0,4.0,16.0,digital wallet,In-store,2023-11-16
6,4.0,4.0,16.0,digital wallet,In-store,2023-03-13
1,4.0,3.0,12.0,unknown,Takeaway,2023-05-22
1,5.0,3.0,15.0,digital wallet,Takeaway,2023-11-23
-1,4.0,3.0,12.0,cash,Takeaway,2023-10-15
4,5.0,4.0,20.0,credit card,Takeaway,2023-11-03
6,3.0,4.0,12.0,cash,Unknown,2023-06-08
3,1.0,5.0,5.0,cash,Unknown,2023-11-14
2,1.0,1.0,1.0,unknown,In-store,2023-09-12
6,3.028463396702027,4.0,16.0,unknown,In-store,2023-11-26
4,1.0,4.0,4.0,unknown,Unknown,2023-10-13
2,2.0,1.0,2.0,unknown,Takeaway,2023-11-03
4,5.0,4.0,20.0,credit card,Unknown,2023-11-13
8,3.028463396702027,3.0,8.924352495262161,cash,Takeaway,2023-04-15
1,1.0,3.0,3.0,cash,Unknown,2023-12-17
9,5.0,1.5,8.924352495262161,unknown,Takeaway,2023-03-13
7,2.0,2.0,4.0,credit card,Unknown,2023-05-09
4,1.0,4.0,4.0,credit card,ERROR,2023-10-22
7,4.0,1.0,4.0,credit card,Takeaway,2023-06-23
2,1.0,1.0,1.0,unknown,Unknown,2023-06-30
6,5.0,4.0,20.0,unknown,In-store,2023-05-13
8,5.0,3.0,15.0,unknown,In-store,2023-02-06
0,3.028463396702027,2.0,8.0,cash,Unknown,2023-04-25
5,3.0,4.0,12.0,unknown,Takeaway,2023-05-27
-1,4.0,2.949984155487483,6.0,credit card,In-store,2023-02-19
9,5.0,1.5,7.5,credit card,In-store,2023-12-11
4,1.0,4.0,4.0,digital wallet,In-store,2023-04-25
9,3.0,1.5,4.5,digital wallet,In-store,2023-10-12
0,5.0,2.0,10.0,unknown,Takeaway,2023-08-30
1,3.0,3.0,8.924352495262161,digital wallet,Takeaway,2023-10-21
0,3.0,2.0,6.0,credit card,Unknown,2023-11-02
8,1.0,3.0,3.0,cash,UNKNOWN,2023-09-19
1,3.0,3.0,9.0,cash,Takeaway,2023-07-04
4,1.0,4.0,4.0,digital wallet,Unknown,2023-01-28
2,2.0,2.949984155487483,2.0,cash,In-store,2023-10-04
9,2.0,1.5,3.0,cash,Takeaway,2023-02-06
4,3.0,4.0,12.0,credit card,In-store,2023-02-26
0,2.0,2.0,4.0,unknown,Takeaway,2023-01-15
9,3.0,1.5,4.5,digital wallet,In-store,2023-05-18
6,3.0,4.0,12.0,unknown,Unknown,2023-05-03
3,3.0,5.0,15.0,cash,Unknown,2023-11-06
2,1.0,1.0,1.0,unknown,In-store,2023-10-11
4,3.0,4.0,12.0,credit card,Unknown,2023-02-25
2,4.0,1.0,4.0,digital wallet,In-store,2023-02-06
4,2.0,4.0,8.0,unknown,Unknown,2023-09-10
4,2.0,4.0,8.0,unknown,Unknown,2023-08-11
-1,1.0,1.0,1.0,cash,In-store,2023-11-07
9,3.0,1.5,4.5,unknown,Unknown,2023-02-14
2,3.028463396702027,1.0,1.0,unknown,Unknown,2023-04-28
2,1.0,1.0,1.0,unknown,Unknown,2023-09-06
0,2.0,2.949984155487483,4.0,credit card,Takeaway,2023-01-10
6,3.0,4.0,12.0,error,In-store,2023-04-23
4,3.0,4.0,12.0,cash,In-store,2023-02-06
3,4.0,5.0,20.0,digital wallet,Takeaway,2023-02-26
2,3.0,1.0,3.0,cash,In-store,2023-01-22
2,3.0,1.0,3.0,unknown,In-store,2023-03-10
2,4.0,1.0,4.0,digital wallet,Takeaway,2023-01-28
0,5.0,2.0,10.0,cash,Takeaway,2023-08-11
7,2.0,4.0,8.0,credit card,Unknown,2023-11-18
0,5.0,2.0,10.0,cash,Unknown,2023-01-09
0,5.0,2.0,10.0,unknown,In-store,2023-12-03
7,4.0,2.0,8.0,unknown,Unknown,2023-10-26
6,3.028463396702027,4.0,12.0,digital wallet,In-store,2023-10-08
8,1.0,3.0,3.0,digital wallet,Unknown,2023-08-06
6,4.0,4.0,16.0,credit card,Unknown,2023-02-06
3,5.0,5.0,25.0,credit card,Takeaway,2023-07-02
6,3.0,4.0,12.0,credit card,In-store,2023-06-15
4,5.0,4.0,20.0,error,Unknown,2023-01-11
9,1.0,2.949984155487483,1.5,credit card,Unknown,2023-10-02
-1,4.0,2.949984155487483,6.0,error,In-store,2023-03-25
4,2.0,4.0,8.0,unknown,In-store,2023-11-02
2,2.0,2.949984155487483,2.0,unknown,ERROR,2023-01-27
4,2.0,4.0,8.0,digital wallet,Unknown,2023-12-29
4,2.0,4.0,8.0,digital wallet,In-store,2023-10-20
8,4.0,3.0,12.0,credit card,Unknown,2023-11-01
2,3.028463396702027,1.0,1.0,credit card,Unknown,2023-07-14
2,3.028463396702027,1.0,3.0,credit card,In-store,2023-12-29
3,3.0,5.0,15.0,cash,Takeaway,2023-06-30
3,1.0,2.949984155487483,5.0,unknown,UNKNOWN,2023-02-15
1,1.0,3.0,3.0,unknown,In-store,2023-11-16
9,2.0,1.5,3.0,unknown,Unknown,2023-07-02
8,3.0,3.0,9.0,cash,In-store,2023-05-21
1,1.0,3.0,3.0,credit card,Unknown,2023-05-25
4,1.0,4.0,4.0,credit card,Unknown,2023-10-31
6,5.0,4.0,20.0,digital wallet,Takeaway,2023-02-24
9,2.0,1.5,3.0,cash,Takeaway,2023-02-27
6,5.0,4.0,8.924352495262161,unknown,Takeaway,2023-12-09
4,2.0,4.0,8.0,cash,In-store,2023-04-06
6,5.0,4.0,20.0,digital wallet,Unknown,2023-11-02
0,3.0,2.0,6.0,cash,Takeaway,2023-07-27
8,5.0,3.0,15.0,error,In-store,2023-03-03
-1,3.0,4.0,12.0,cash,Takeaway,2023-02-06
0,3.0,2.0,6.0,digital wallet,Takeaway,2023-09-19
4,4.0,4.0,16.0,unknown,In-store,2023-02-21
1,3.0,3.0,9.0,credit card,Unknown,2023-08-12
6,3.0,4.0,12.0,digital wallet,In-store,2023-09-27
2,4.0,1.0,4.0,cash,In-store,2023-08-18
-1,4.0,4.0,16.0,digital wallet,Takeaway,2023-12-16
9,4.0,1.5,6.0,digital wallet,In-store,2023-03-11
8,1.0,3.0,3.0,unknown,In-store,2023-05-21
9,2.0,1.5,3.0,unknown,Takeaway,2023-02-23
7,2.0,3.0,6.0,cash,Takeaway,2023-06-07
1,5.0,3.0,15.0,unknown,In-store,2023-05-12
4,3.0,4.0,12.0,credit card,In-store,2023-07-06
-1,2.0,4.0,8.0,cash,Unknown,2023-06-20
5,1.0,5.0,5.0,cash,Takeaway,2023-12-22
2,2.0,2.949984155487483,2.0,cash,Takeaway,2023-09-02
7,4.0,4.0,16.0,cash,Takeaway,2023-01-14
3,2.0,5.0,10.0,digital wallet,Takeaway,2023-08-09
1,3.0,3.0,9.0,digital wallet,In-store,2023-02-27
0,1.0,2.0,2.0,cash,In-store,2023-05-14
0,3.028463396702027,2.0,4.0,credit card,In-store,2023-07-18
2,2.0,1.0,2.0,credit card,Takeaway,2023-10-08
1,5.0,3.0,15.0,digital wallet,Unknown,2023-03-21
1,5.0,3.0,15.0,unknown,Unknown,2023-08-16
9,3.0,1.5,4.5,cash,Takeaway,2023-02-06
9,5.0,1.5,7.5,unknown,Takeaway,2023-04-20
2,1.0,1.0,1.0,credit card,In-store,2023-11-26
3,4.0,5.0,20.0,credit card,Unknown,2023-10-10
3,1.0,5.0,5.0,cash,Takeaway,2023-05-10
7,5.0,2.0,10.0,cash,Takeaway,2023-02-28
5,2.0,3.0,6.0,digital wallet,In-store,2023-02-02
8,5.0,3.0,8.924352495262161,cash,Unknown,2023-01-28
-1,1.0,1.0,1.0,credit card,Unknown,2023-08-14
0,5.0,2.0,10.0,cash,Takeaway,2023-02-06
9,5.0,1.5,7.5,unknown,Unknown,2023-09-26
8,3.0,3.0,9.0,cash,In-store,2023-03-15
1,2.0,3.0,6.0,credit card,Unknown,2023-01-13
9,2.0,1.5,3.0,unknown,Takeaway,2023-02-06
2,5.0,1.0,5.0,cash,In-store,2023-10-16
1,1.0,3.0,3.0,cash,In-store,2023-07-15
6,5.0,4.0,20.0,digital wallet,In-store,2023-05-28
9,4.0,1.5,6.0,digital wallet,Takeaway,2023-03-26
2,1.0,1.0,1.0,credit card,Unknown,2023-04-23
1,1.0,3.0,3.0,unknown,UNKNOWN,2023-11-17
3,4.0,5.0,20.0,credit card,Takeaway,2023-12-20
0,4.0,2.0,8.0,credit card,Unknown,2023-06-10
7,1.0,3.0,3.0,cash,Takeaway,2023-07-12
2,4.0,2.949984155487483,4.0,cash,Unknown,2023-12-04
9,5.0,1.5,7.5,credit card,In-store,2023-02-08
0,3.0,2.0,8.924352495262161,error,Takeaway,2023-10-21
7,4.0,1.0,4.0,digital wallet,Takeaway,2023-09-08
7,1.0,1.0,1.0,cash,In-store,2023-06-07
9,4.0,1.5,6.0,cash,Unknown,2023-06-19
1,5.0,3.0,8.924352495262161,credit card,Unknown,2023-09-11
1,4.0,3.0,12.0,credit card,In-store,2023-12-27
2,2.0,1.0,2.0,digital wallet,Takeaway,2023-02-01
8,3.028463396702027,3.0,3.0,credit card,Takeaway,2023-10-04
6,4.0,2.949984155487483,16.0,cash,Takeaway,2023-02-12
3,3.0,5.0,15.0,digital wallet,In-store,2023-03-14
1,1.0,3.0,3.0,cash,In-store,2023-03-02
0,4.0,2.0,8.0,cash,Takeaway,2023-02-06
6,2.0,4.0,8.0,cash,Unknown,2023-05-29
2,5.0,1.0,5.0,digital wallet,Takeaway,2023-09-29
4,5.0,4.0,20.0,unknown,In-store,2023-04-20
6,1.0,4.0,4.0,digital wallet,In-store,2023-04-22
1,3.0,3.0,9.0,credit card,ERROR,2023-07-31
1,2.0,3.0,6.0,cash,Takeaway,2023-01-05
0,5.0,2.0,10.0,digital wallet,Takeaway,2023-08-25
0,5.0,2.0,10.0,credit card,Takeaway,2023-07-28
6,2.0,4.0,8.0,digital wallet,Takeaway,2023-03-31
6,3.0,4.0,12.0,credit card,In-store,2023-02-06
1,4.0,3.0,12.0,error,Unknown,2023-05-16
6,4.0,4.0,16.0,cash,In-store,2023-02-20
9,1.0,1.5,1.5,unknown,In-store,2023-12-08
6,1.0,4.0,4.0,unknown,In-store,2023-08-03
9,2.0,1.5,3.0,unknown,Takeaway,2023-08-03
3,2.0,5.0,10.0,unknown,In-store,2023-06-06
1,5.0,3.0,15.0,unknown,Takeaway,2023-01-08
7,3.028463396702027,4.0,12.0,unknown,Takeaway,2023-02-06
6,3.0,4.0,12.0,cash,ERROR,2023-02-18
8,5.0,3.0,15.0,digital wallet,In-store,2023-06-13
0,5.0,2.949984155487483,10.0,error,Unknown,2023-12-24
9,3.028463396702027,1.5,4.5,digital wallet,Takeaway,2023-12-15
6,2.0,4.0,8.0,unknown,Takeaway,2023-07-31
1,1.0,3.0,3.0,digital wallet,In-store,2023-10-22
9,1.0,2.949984155487483,1.5,unknown,In-store,2023-03-28
-1,4.0,3.0,12.0,credit card,Unknown,2023-03-06
4,5.0,4.0,20.0,cash,ERROR,2023-04-14
1,4.0,2.949984155487483,12.0,credit card,In-store,2023-02-11
2,3.0,1.0,3.0,credit card,Takeaway,2023-01-30
3,2.0,5.0,10.0,cash,Unknown,2023-09-11
1,4.0,3.0,12.0,credit card,Takeaway,2023-04-09
9,4.0,1.5,6.0,cash,In-store,2023-10-07
0,2.0,2.0,4.0,cash,UNKNOWN,2023-08-20
4,1.0,4.0,8.924352495262161,unknown,Takeaway,2023-04-16
6,5.0,4.0,20.0,unknown,ERROR,2023-02-23
4,1.0,4.0,8.924352495262161,unknown,ERROR,2023-12-23
9,4.0,1.5,6.0,cash,UNKNOWN,2023-08-19
0,1.0,2.0,2.0,digital wallet,In-store,2023-12-22
8,2.0,3.0,6.0,unknown,Takeaway,2023-03-05
8,2.0,3.0,6.0,credit card,Takeaway,2023-02-06
9,4.0,1.5,6.0,cash,Unknown,2023-11-25
6,5.0,4.0,20.0,digital wallet,Unknown,2023-07-10
0,5.0,2.0,8.924352495262161,cash,Unknown,2023-07-02
1,3.0,3.0,9.0,digital wallet,Unknown,2023-11-17
8,1.0,3.0,8.924352495262161,unknown,Takeaway,2023-06-03
2,4.0,1.0,4.0,digital wallet,Unknown,2023-03-24
4,1.0,4.0,4.0,cash,Unknown,2023-07-23
0,4.0,2.0,8.0,cash,Takeaway,2023-07-29
1,4.0,3.0,12.0,credit card,Takeaway,2023-01-03
6,4.0,4.0,16.0,credit card,Takeaway,2023-01-05
3,1.0,5.0,5.0,credit card,Takeaway,2023-03-15
2,1.0,1.0,1.0,digital wallet,Takeaway,2023-02-06
6,2.0,4.0,8.0,unknown,Unknown,2023-03-12
6,4.0,4.0,16.0,credit card,Unknown,2023-08-16
0,4.0,2.0,8.0,unknown,In-store,2023-08-03
3,4.0,5.0,20.0,digital wallet,In-store,2023-06-05
8,5.0,3.0,15.0,credit card,In-store,2023-03-21
6,5.0,4.0,20.0,digital wallet,Takeaway,2023-10-19
2,5.0,1.0,5.0,unknown,In-store,2023-01-07
7,1.0,3.0,3.0,unknown,In-store,2023-11-29
2,1.0,1.0,1.0,cash,Takeaway,2023-10-27
9,4.0,1.5,6.0,credit card,In-store,2023-07-14
7,3.0,3.0,9.0,credit card,In-store,2023-05-21
1,1.0,3.0,3.0,unknown,In-store,2023-10-19
4,5.0,4.0,20.0,credit card,Unknown,2023-08-06
-1,2.0,3.0,6.0,cash,In-store,2023-07-05
0,3.0,2.949984155487483,6.0,credit card,Unknown,2023-01-17
9,4.0,1.5,6.0,credit card,In-store,2023-12-22
8,4.0,2.949984155487483,12.0,digital wallet,Unknown,2023-07-20
8,2.0,3.0,6.0,cash,Unknown,2023-03-25
2,1.0,1.0,1.0,cash,In-store,2023-03-20
9,5.0,1.5,7.5,digital wallet,Unknown,2023-12-24
6,1.0,4.0,4.0,unknown,Takeaway,2023-05-14
1,5.0,3.0,15.0,cash,Unknown,2023-11-06
6,4.0,4.0,16.0,cash,Takeaway,2023-09-16
1,2.0,3.0,6.0,credit card,Unknown,2023-07-29
7,4.0,1.0,4.0,unknown,Takeaway,2023-07-31
6,3.0,4.0,12.0,digital wallet,In-store,2023-08-19
3,3.0,5.0,15.0,unknown,Takeaway,2023-05-07
3,2.0,5.0,10.0,digital wallet,Takeaway,2023-01-22
6,2.0,4.0,8.0,unknown,In-store,2023-08-10
8,2.0,3.0,6.0,digital wallet,Takeaway,2023-10-24
9,1.0,1.5,1.5,digital wallet,In-store,2023-05-16
1,3.0,3.0,9.0,unknown,Unknown,2023-02-26
6,3.0,4.0,12.0,cash,Unknown,2023-09-02
1,5.0,3.0,15.0,unknown,Takeaway,2023-01-19
2,5.0,1.0,5.0,unknown,Takeaway,2023-08-13
8,2.0,3.0,6.0,unknown,Unknown,2023-10-20
3,3.0,5.0,15.0,cash,In-store,2023-08-28
4,2.0,4.0,8.0,cash,In-store,2023-06-21
1,3.028463396702027,3.0,9.0,cash,Takeaway,2023-09-15
6,3.0,4.0,12.0,unknown,Takeaway,2023-03-25
2,3.0,1.0,3.0,cash,In-store,2023-02-06
9,3.0,1.5,4.5,cash,Takeaway,2023-03-02
7,3.0,4.0,12.0,credit card,UNKNOWN,2023-12-09
1,2.0,3.0,6.0,cash,In-store,2023-02-06
4,5.0,4.0,20.0,unknown,Takeaway,2023-02-06
9,3.028463396702027,1.5,3.0,unknown,In-store,2023-12-13
6,4.0,4.0,16.0,credit card,ERROR,2023-03-28
7,4.0,1.5,6.0,unknown,In-store,2023-10-24
2,1.0,1.0,1.0,cash,In-store,2023-05-27
4,5.0,4.0,20.0,cash,In-store,2023-01-14
8,2.0,3.0,6.0,unknown,Takeaway,2023-06-20
0,3.0,2.0,6.0,unknown,Unknown,2023-06-29
9,2.0,1.5,3.0,unknown,UNKNOWN,2023-10-22
1,4.0,3.0,12.0,digital wallet,In-store,2023-10-27
-1,2.0,1.5,3.0,cash,UNKNOWN,2023-01-09
6,2.0,4.0,8.0,credit card,Unknown,2023-08-05
2,3.0,1.0,3.0,digital wallet,UNKNOWN,2023-11-10
8,4.0,3.0,8.924352495262161,unknown,Takeaway,2023-02-06
3,4.0,5.0,20.0,digital wallet,Unknown,2023-10-18
4,1.0,4.0,4.0,digital wallet,Unknown,2023-10-19
6,1.0,4.0,4.0,cash,Takeaway,2023-05-19
8,3.0,3.0,9.0,cash,Takeaway,2023-04-21
1,2.0,3.0,6.0,digital wallet,Unknown,2023-11-10
2,3.028463396702027,1.0,1.0,digital wallet,In-store,2023-11-09
9,5.0,1.5,7.5,cash,In-store,2023-08-10
0,1.0,2.0,2.0,unknown,Takeaway,2023-05-13
-1,4.0,3.0,12.0,digital wallet,Unknown,2023-02-06
3,5.0,5.0,25.0,digital wallet,Takeaway,2023-09-14
7,1.0,5.0,5.0,credit card,Unknown,2023-02-20
2,4.0,1.0,4.0,cash,In-store,2023-10-19
9,2.0,1.5,3.0,unknown,Takeaway,2023-07-07
8,5.0,3.0,15.0,credit card,Takeaway,2023-11-17
6,4.0,4.0,16.0,unknown,Unknown,2023-08-16
6,4.0,4.0,16.0,digital wallet,Takeaway,2023-12-01
4,3.0,4.0,8.924352495262161,cash,Takeaway,2023-05-21
9,3.0,1.5,4.5,credit card,Takeaway,2023-08-22
4,5.0,2.949984155487483,20.0,unknown,Unknown,2023-01-17
3,5.0,5.0,25.0,unknown,Takeaway,2023-01-03
6,5.0,4.0,20.0,unknown,Takeaway,2023-07-17
8,5.0,3.0,15.0,credit card,Unknown,2023-12-23
3,1.0,5.0,5.0,unknown,ERROR,2023-06-24
7,4.0,2.949984155487483,6.0,digital wallet,Unknown,2023-05-24
7,3.028463396702027,3.0,6.0,cash,Unknown,2023-02-06
7,3.0,4.0,12.0,unknown,Unknown,2023-04-21
1,5.0,3.0,15.0,cash,Takeaway,2023-10-26
1,4.0,3.0,12.0,unknown,In-store,2023-05-11
7,4.0,5.0,20.0,cash,Unknown,2023-12-07
6,1.0,4.0,4.0,unknown,Unknown,2023-09-01
3,5.0,5.0,25.0,digital wallet,Takeaway,2023-03-28
9,1.0,1.5,1.5,error,In-store,2023-02-26
0,4.0,2.0,8.0,unknown,In-store,2023-01-04
2,5.0,1.0,5.0,digital wallet,UNKNOWN,2023-10-07
4,4.0,4.0,16.0,unknown,In-store,2023-05-21
8,3.0,2.949984155487483,9.0,digital wallet,Takeaway,2023-12-16
6,5.0,4.0,20.0,digital wallet,Takeaway,2023-01-30
0,2.0,2.0,4.0,cash,Takeaway,2023-09-25
8,1.0,3.0,3.0,credit card,Unknown,2023-03-06
2,4.0,1.0,4.0,credit card,Unknown,2023-02-25
6,5.0,4.0,20.0,digital wallet,Takeaway,2023-05-09
0,2.0,2.0,8.924352495262161,cash,Unknown,2023-08-03
3,4.0,5.0,20.0,unknown,In-store,2023-05-13
3,5.0,5.0,25.0,unknown,Takeaway,2023-02-08
8,4.0,3.0,12.0,unknown,ERROR,2023-02-06
2,1.0,1.0,1.0,digital wallet,In-store,2023-12-21
1,3.0,3.0,9.0,unknown,Takeaway,2023-04-30
4,4.0,2.949984155487483,16.0,unknown,Unknown,2023-06-22
1,1.0,2.949984155487483,3.0,unknown,In-store,2023-07-15
9,3.0,1.5,4.5,unknown,Takeaway,2023-04-09
4,1.0,4.0,4.0,error,ERROR,2023-03-26
4,3.0,4.0,12.0,credit card,Unknown,2023-06-20
3,2.0,5.0,10.0,digital wallet,Unknown,2023-02-06
9,2.0,1.5,3.0,unknown,Takeaway,2023-08-12
0,1.0,2.0,2.0,cash,In-store,2023-05-30
3,1.0,5.0,5.0,cash,Takeaway,2023-10-20
9,3.0,1.5,4.5,credit card,Unknown,2023-02-08
6,4.0,4.0,16.0,digital wallet,Takeaway,2023-04-24
4,4.0,4.0,16.0,cash,Unknown,2023-09-20
8,3.0,3.0,9.0,unknown,In-store,2023-05-09
6,3.028463396702027,4.0,4.0,digital wallet,In-store,2023-04-22
2,2.0,1.0,2.0,credit card,In-store,2023-07-12
5,3.0,1.0,3.0,credit card,ERROR,2023-01-11
9,2.0,1.5,3.0,digital wallet,In-store,2023-02-06
9,4.0,1.5,6.0,unknown,Takeaway,2023-02-06
0,3.0,2.0,6.0,cash,Takeaway,2023-11-21
5,5.0,1.0,5.0,cash,Unknown,2023-02-28
4,2.0,4.0,8.0,unknown,Unknown,2023-02-04
3,4.0,5.0,8.924352495262161,unknown,Takeaway,2023-11-03
4,3.0,4.0,12.0,credit card,In-store,2023-09-18
0,5.0,2.0,10.0,digital wallet,In-store,2023-02-09
2,1.0,1.0,1.0,unknown,In-store,2023-06-10
1,5.0,3.0,15.0,digital wallet,ERROR,2023-04-06
3,4.0,5.0,20.0,credit card,Unknown,2023-09-02
4,3.0,4.0,12.0,cash,Unknown,2023-02-06
5,4.0,3.0,12.0,cash,In-store,2023-02-02
3,4.0,5.0,20.0,digital wallet,In-store,2023-10-19
2,2.0,1.0,2.0,unknown,Takeaway,2023-02-07
-1,4.0,4.0,16.0,unknown,In-store,2023-02-06
8,2.0,3.0,6.0,cash,Takeaway,2023-03-30
6,5.0,4.0,20.0,digital wallet,UNKNOWN,2023-09-05
0,1.0,2.0,2.0,unknown,Takeaway,2023-01-13
1,4.0,3.0,12.0,unknown,In-store,2023-08-30
9,2.0,1.5,3.0,cash,In-store,2023-11-10
2,5.0,1.0,5.0,credit card,Takeaway,2023-10-18
3,5.0,5.0,8.924352495262161,cash,UNKNOWN,2023-05-05
1,4.0,3.0,12.0,credit card,Unknown,2023-03-23
1,5.0,3.0,15.0,credit card,Unknown,2023-02-06
3,1.0,5.0,5.0,cash,In-store,2023-02-10
3,2.0,5.0,10.0,digital wallet,Takeaway,2023-10-08
6,3.028463396702027,4.0,8.0,error,ERROR,2023-11-24
2,3.028463396702027,1.0,5.0,digital wallet,Takeaway,2023-04-29
8,5.0,3.0,15.0,digital wallet,Unknown,2023-02-06
3,4.0,5.0,20.0,digital wallet,Takeaway,2023-01-14
9,4.0,1.5,6.0,unknown,UNKNOWN,2023-12-02
3,2.0,5.0,10.0,credit card,Unknown,2023-04-16
2,1.0,1.0,1.0,digital wallet,Takeaway,2023-07-11
3,4.0,5.0,20.0,credit card,In-store,2023-12-24
3,3.028463396702027,5.0,10.0,credit card,ERROR,2023-10-07
2,1.0,1.0,1.0,digital wallet,In-store,2023-10-25
5,3.0,1.0,3.0,digital wallet,In-store,2023-10-05
9,2.0,1.5,3.0,digital wallet,Unknown,2023-05-27
1,3.028463396702027,2.949984155487483,12.0,digital wallet,In-store,2023-12-30
1,1.0,3.0,3.0,digital wallet,Unknown,2023-07-21
1,2.0,3.0,6.0,cash,Unknown,2023-11-01
1,5.0,3.0,15.0,credit card,Takeaway,2023-10-25
3,1.0,2.949984155487483,5.0,unknown,In-store,2023-04-21
0,4.0,2.0,8.0,credit card,Unknown,2023-02-19
2,3.0,1.0,3.0,cash,Takeaway,2023-10-19
3,2.0,5.0,10.0,cash,Unknown,2023-08-14
8,5.0,3.0,15.0,digital wallet,In-store,2023-07-08
6,2.0,4.0,8.0,digital wallet,In-store,2023-09-19
4,1.0,4.0,4.0,credit card,In-store,2023-06-06
9,5.0,1.5,7.5,digital wallet,Unknown,2023-12-16
8,3.028463396702027,3.0,8.924352495262161,unknown,Unknown,2023-03-17
8,1.0,3.0,3.0,unknown,In-store,2023-12-05
8,4.0,2.949984155487483,12.0,credit card,Takeaway,2023-01-12
6,3.0,4.0,12.0,digital wallet,In-store,2023-09-04
8,3.028463396702027,3.0,6.0,unknown,In-store,2023-11-16
4,1.0,4.0,4.0,error,Takeaway,2023-04-14
-1,4.0,3.0,12.0,unknown,Takeaway,2023-11-01
3,4.0,2.949984155487483,20.0,digital wallet,Unknown,2023-10-14
9,4.0,1.5,6.0,unknown,In-store,2023-03-06
6,3.0,4.0,12.0,digital wallet,Takeaway,2023-06-28
6,5.0,4.0,20.0,digital wallet,In-store,2023-09-09
3,1.0,5.0,5.0,cash,UNKNOWN,2023-01-09
3,3.0,5.0,15.0,cash,Unknown,2023-11-15
1,3.0,3.0,9.0,unknown,In-store,2023-10-01
4,2.0,4.0,8.0,digital wallet,In-store,2023-07-22
6,5.0,4.0,20.0,cash,In-store,2023-04-15
3,1.0,5.0,5.0,credit card,Unknown,2023-02-01
1,3.0,3.0,9.0,cash,Takeaway,2023-07-08
3,5.0,5.0,25.0,credit card,In-store,2023-02-20
2,4.0,1.0,4.0,unknown,Takeaway,2023-08-21
3,3.028463396702027,5.0,15.0,credit card,Unknown,2023-06-06
9,2.0,1.5,3.0,digital wallet,Takeaway,2023-12-14
-1,3.0,2.0,6.0,unknown,Unknown,2023-03-19
2,3.0,1.0,3.0,unknown,Takeaway,2023-07-01
1,3.0,3.0,9.0,unknown,Takeaway,2023-05-04
1,4.0,3.0,12.0,cash,Takeaway,2023-12-16
8,4.0,3.0,12.0,cash,Unknown,2023-10-08
1,1.0,3.0,3.0,credit card,Takeaway,2023-07-11
9,1.0,1.5,1.5,cash,Unknown,2023-06-14
2,1.0,1.0,1.0,digital wallet,In-store,2023-07-01
4,3.0,4.0,12.0,credit card,Takeaway,2023-07-28
8,4.0,3.0,12.0,credit card,In-store,2023-04-16
1,3.0,2.949984155487483,9.0,digital wallet,In-store,2023-01-30
1,1.0,3.0,3.0,digital wallet,In-store,2023-03-09
3,4.0,5.0,20.0,digital wallet,Takeaway,2023-01-14
1,5.0,3.0,15.0,cash,In-store,2023-11-10
0,3.0,2.0,6.0,digital wallet,Takeaway,2023-11-08
4,5.0,4.0,20.0,cash,Takeaway,2023-02-27
5,4.0,4.0,16.0,digital wallet,In-store,2023-12-26
2,5.0,1.0,5.0,cash,In-store,2023-09-13
4,1.0,2.949984155487483,4.0,unknown,Takeaway,2023-02-08
1,1.0,3.0,3.0,cash,Takeaway,2023-05-23
8,1.0,3.0,3.0,cash,Takeaway,2023-09-11
3,2.0,5.0,10.0,digital wallet,Takeaway,2023-01-27
0,5.0,2.0,10.0,cash,Unknown,2023-02-18
7,3.028463396702027,2.0,2.0,unknown,In-store,2023-03-25
8,2.0,3.0,6.0,unknown,Takeaway,2023-08-28
5,2.0,3.0,6.0,digital wallet,Takeaway,2023-08-24
3,2.0,5.0,10.0,cash,Unknown,2023-11-29
2,5.0,1.0,5.0,credit card,Unknown,2023-06-29
3,3.0,5.0,15.0,credit card,In-store,2023-06-18
1,3.028463396702027,3.0,12.0,cash,In-store,2023-06-23
3,5.0,5.0,25.0,credit card,Takeaway,2023-06-10
9,2.0,1.5,3.0,unknown,Unknown,2023-10-26
6,4.0,4.0,16.0,credit card,In-store,2023-12-11
0,4.0,2.0,8.0,credit card,Takeaway,2023-04-01
1,4.0,3.0,8.924352495262161,unknown,Unknown,2023-06-09
0,2.0,2.0,4.0,credit card,Unknown,2023-01-27
-1,1.0,2.0,8.924352495262161,digital wallet,Takeaway,2023-03-10
1,4.0,3.0,12.0,credit card,Takeaway,2023-12-20
4,3.0,4.0,12.0,digital wallet,In-store,2023-01-27
3,1.0,5.0,5.0,digital wallet,Unknown,2023-03-02
8,1.0,3.0,3.0,cash,In-store,2023-10-26
0,3.0,2.0,6.0,credit card,In-store,2023-08-23
4,2.0,4.0,8.0,digital wallet,Takeaway,2023-12-06
3,3.0,5.0,15.0,credit card,UNKNOWN,2023-06-11
6,3.0,4.0,12.0,digital wallet,Takeaway,2023-08-13
9,5.0,1.5,7.5,unknown,Unknown,2023-05-23
3,1.0,5.0,5.0,unknown,Takeaway,2023-08-05
9,5.0,1.5,7.5,unknown,Takeaway,2023-10-18
1,1.0,3.0,3.0,unknown,Unknown,2023-01-18
0,3.028463396702027,2.0,6.0,unknown,In-store,2023-10-05
6,4.0,4.0,16.0,credit card,In-store,2023-10-30
9,1.0,1.5,1.5,digital wallet,In-store,2023-03-22
3,3.0,5.0,15.0,unknown,Takeaway,2023-10-11
6,1.0,4.0,4.0,unknown,Takeaway,2023-08-08
5,5.0,1.5,7.5,unknown,ERROR,2023-12-26
2,3.0,2.949984155487483,3.0,digital wallet,Unknown,2023-02-06
6,1.0,4.0,4.0,digital wallet,Takeaway,2023-08-27
4,5.0,2.949984155487483,20.0,credit card,Takeaway,2023-05-26
9,2.0,1.5,3.0,credit card,Unknown,2023-06-16
2,1.0,1.0,1.0,error,Takeaway,2023-02-06
9,4.0,1.5,6.0,cash,Takeaway,2023-12-25
5,3.028463396702027,2.0,6.0,credit card,In-store,2023-08-21
6,4.0,4.0,16.0,unknown,Unknown,2023-01-25
0,1.0,2.0,2.0,unknown,ERROR,2023-09-01
5,2.0,4.0,8.924352495262161,error,Unknown,2023-09-16
0,5.0,2.0,10.0,digital wallet,Takeaway,2023-10-23
2,5.0,1.0,5.0,unknown,In-store,2023-02-19
3,3.0,5.0,15.0,digital wallet,In-store,2023-11-10
0,4.0,2.0,8.0,credit card,Unknown,2023-06-11
9,5.0,1.5,7.5,unknown,UNKNOWN,2023-09-23
6,1.0,4.0,4.0,cash,Unknown,2023-06-24
6,3.0,4.0,8.924352495262161,cash,ERROR,2023-03-26
0,2.0,2.0,4.0,digital wallet,Takeaway,2023-04-20
0,3.0,2.949984155487483,6.0,digital wallet,Takeaway,2023-09-15
3,5.0,5.0,25.0,unknown,In-store,2023-02-06
6,3.028463396702027,4.0,8.924352495262161,unknown,Takeaway,2023-05-14
8,1.0,3.0,3.0,unknown,UNKNOWN,2023-02-27
8,5.0,3.0,15.0,cash,Takeaway,2023-05-06
8,1.0,3.0,3.0,cash,In-store,2023-02-20
4,5.0,4.0,20.0,unknown,Takeaway,2023-06-05
2,3.028463396702027,1.0,3.0,credit card,In-store,2023-01-07
3,5.0,5.0,25.0,credit card,Unknown,2023-02-06
9,1.0,1.5,1.5,digital wallet,Takeaway,2023-05-24
5,2.0,4.0,8.0,credit card,In-store,2023-02-08
9,4.0,1.5,6.0,digital wallet,Takeaway,2023-05-06
0,3.0,2.0,6.0,digital wallet,Unknown,2023-10-26
0,2.0,2.0,8.924352495262161,digital wallet,In-store,2023-02-06
7,3.0,2.949984155487483,9.0,credit card,Takeaway,2023-07-23
6,3.0,4.0,12.0,credit card,Unknown,2023-09-11
0,2.0,2.0,4.0,digital wallet,Unknown,2023-04-02
8,2.0,3.0,6.0,credit card,Takeaway,2023-09-08
4,5.0,4.0,20.0,digital wallet,Unknown,2023-07-15
3,3.0,2.949984155487483,15.0,credit card,UNKNOWN,2023-04-09
9,2.0,1.5,3.0,unknown,In-store,2023-03-06
9,4.0,2.949984155487483,6.0,cash,Unknown,2023-12-20
4,4.0,4.0,16.0,credit card,Takeaway,2023-04-08
-1,4.0,3.0,12.0,unknown,Takeaway,2023-11-14
9,5.0,1.5,7.5,unknown,Unknown,2023-05-06
9,2.0,1.5,3.0,unknown,Takeaway,2023-06-13
3,2.0,2.949984155487483,10.0,unknown,Takeaway,2023-03-09
2,5.0,1.0,5.0,cash,ERROR,2023-08-14
9,4.0,1.5,6.0,unknown,Takeaway,2023-01-29
3,5.0,5.0,25.0,unknown,In-store,2023-08-29
9,4.0,1.5,6.0,cash,In-store,2023-02-06
5,2.0,2.0,4.0,unknown,In-store,2023-11-25
3,3.028463396702027,5.0,10.0,unknown,Unknown,2023-01-01
-1,3.0,3.0,9.0,digital wallet,In-store,2023-11-07
4,1.0,4.0,4.0,cash,In-store,2023-04-29
-1,5.0,1.5,7.5,unknown,Unknown,2023-01-06
0,3.0,2.0,6.0,digital wallet,In-store,2023-10-26
2,3.0,1.0,3.0,credit card,In-store,2023-09-14
8,4.0,3.0,12.0,digital wallet,Unknown,2023-10-08
3,5.0,5.0,25.0,cash,In-store,2023-03-22
8,3.0,3.0,9.0,digital wallet,Takeaway,2023-02-02
3,3.028463396702027,5.0,25.0,digital wallet,Unknown,2023-05-02
4,4.0,4.0,16.0,error,Unknown,2023-07-24
8,4.0,2.949984155487483,12.0,cash,UNKNOWN,2023-05-18
2,3.028463396702027,1.0,2.0,cash,Unknown,2023-10-30
8,4.0,3.0,12.0,digital wallet,Takeaway,2023-12-28
4,3.028463396702027,4.0,20.0,unknown,Unknown,2023-10-16
8,3.0,3.0,9.0,unknown,Takeaway,2023-04-12
2,1.0,1.0,1.0,unknown,Unknown,2023-06-27
3,3.0,5.0,15.0,credit card,In-store,2023-02-06
4,1.0,2.949984155487483,4.0,credit card,Unknown,2023-11-25
9,2.0,1.5,3.0,unknown,Unknown,2023-01-05
8,1.0,3.0,3.0,unknown,Unknown,2023-01-17
2,2.0,1.0,2.0,cash,Unknown,2023-08-24
4,2.0,4.0,8.0,credit card,Unknown,2023-04-26
2,4.0,1.0,8.924352495262161,error,In-store,2023-03-10
4,5.0,4.0,20.0,digital wallet,In-store,2023-10-31
2,4.0,1.0,4.0,digital wallet,In-store,2023-08-12
8,4.0,3.0,12.0,credit card,Unknown,2023-05-13
6,3.028463396702027,4.0,4.0,digital wallet,In-store,2023-10-22
7,3.0,2.0,8.924352495262161,credit card,ERROR,2023-12-29
7,2.0,4.0,8.0,credit card,In-store,2023-12-18
6,1.0,4.0,4.0,unknown,In-store,2023-09-21
5,4.0,5.0,20.0,digital wallet,Takeaway,2023-07-24
8,3.0,3.0,9.0,unknown,UNKNOWN,2023-03-20
8,1.0,2.949984155487483,3.0,credit card,In-store,2023-12-15
0,1.0,2.0,8.924352495262161,cash,In-store,2023-12-31
6,3.0,4.0,12.0,credit card,Takeaway,2023-06-15
2,3.0,1.0,3.0,credit card,Takeaway,2023-10-15
7,3.0,3.0,9.0,digital wallet,In-store,2023-05-29
-1,1.0,4.0,4.0,digital wallet,Takeaway,2023-02-08
2,3.028463396702027,1.0,3.0,digital wallet,Takeaway,2023-10-25
0,3.0,2.0,6.0,cash,In-store,2023-02-10
4,3.0,4.0,12.0,credit card,Unknown,2023-05-01
7,1.0,1.5,1.5,unknown,In-store,2023-06-28
9,4.0,1.5,6.0,credit card,ERROR,2023-05-07
3,2.0,5.0,10.0,cash,Takeaway,2023-02-05
0,3.0,2.0,6.0,error,Takeaway,2023-08-23
9,4.0,1.5,6.0,credit card,In-store,2023-06-10
-1,5.0,4.0,20.0,unknown,Unknown,2023-02-28
8,5.0,3.0,15.0,cash,Unknown,2023-03-30
9,3.0,1.5,4.5,error,Unknown,2023-03-03
-1,1.0,2.949984155487483,4.0,digital wallet,Unknown,2023-07-23
2,1.0,1.0,1.0,unknown,In-store,2023-05-02
2,3.0,1.0,3.0,credit card,In-store,2023-02-11
5,3.0,2.0,6.0,credit card,Unknown,2023-10-24
8,5.0,3.0,15.0,credit card,Unknown,2023-02-06
1,3.0,3.0,9.0,credit card,Takeaway,2023-04-22
0,1.0,2.0,2.0,unknown,Unknown,2023-10-08
3,2.0,5.0,10.0,unknown,Takeaway,2023-06-20
4,2.0,4.0,8.0,credit card,Unknown,2023-12-02
6,2.0,4.0,8.924352495262161,unknown,Takeaway,2023-01-24
6,5.0,4.0,20.0,credit card,In-store,2023-01-02
2,2.0,2.949984155487483,2.0,digital wallet,Takeaway,2023-05-05
6,2.0,4.0,8.0,unknown,ERROR,2023-11-13
9,3.0,1.5,4.5,cash,Takeaway,2023-11-13
1,3.028463396702027,3.0,12.0,cash,Takeaway,2023-02-06
9,3.028463396702027,1.5,3.0,cash,Unknown,2023-02-08
8,4.0,2.949984155487483,12.0,digital wallet,Takeaway,2023-02-24
6,5.0,4.0,20.0,unknown,Takeaway,2023-02-25
1,4.0,3.0,12.0,error,Takeaway,2023-06-12
2,1.0,1.0,1.0,credit card,Unknown,2023-01-27
0,4.0,2.0,8.0,credit card,UNKNOWN,2023-10-23
1,3.0,3.0,9.0,credit card,Takeaway,2023-03-16
1,3.028463396702027,3.0,9.0,error,In-store,2023-01-01
6,1.0,4.0,4.0,digital wallet,Takeaway,2023-07-10
4,3.0,4.0,8.924352495262161,error,Takeaway,2023-04-15
1,2.0,3.0,6.0,cash,In-store,2023-08-25
3,1.0,2.949984155487483,5.0,cash,In-store,2023-01-16
8,4.0,3.0,12.0,credit card,In-store,2023-04-26
3,1.0,5.0,5.0,unknown,Unknown,2023-04-04
2,4.0,1.0,4.0,digital wallet,In-store,2023-01-02
3,3.028463396702027,5.0,20.0,digital wallet,In-store,2023-12-05
3,3.0,5.0,15.0,cash,Unknown,2023-05-12
9,5.0,1.5,7.5,digital wallet,Unknown,2023-10-17
8,4.0,3.0,12.0,credit card,Unknown,2023-02-25
3,2.0,2.949984155487483,10.0,unknown,UNKNOWN,2023-09-23
3,5.0,5.0,25.0,unknown,In-store,2023-03-04
8,3.0,3.0,9.0,digital wallet,Unknown,2023-05-10
8,4.0,3.0,12.0,cash,Takeaway,2023-02-24
1,1.0,3.0,3.0,digital wallet,Unknown,2023-08-29
9,4.0,1.5,6.0,credit card,Takeaway,2023-05-01
0,3.0,2.0,6.0,digital wallet,In-store,2023-04-12
8,5.0,3.0,15.0,error,Unknown,2023-06-17
4,2.0,4.0,8.0,unknown,Unknown,2023-03-10
0,4.0,2.0,8.0,cash,Unknown,2023-03-16
9,5.0,1.5,7.5,credit card,Unknown,2023-03-23
5,2.0,2.0,4.0,unknown,UNKNOWN,2023-05-29
1,1.0,3.0,3.0,unknown,Takeaway,2023-01-25
8,3.0,3.0,9.0,credit card,In-store,2023-01-12
1,1.0,3.0,3.0,unknown,Takeaway,2023-11-08
6,1.0,4.0,4.0,cash,In-store,2023-07-22
2,4.0,1.0,4.0,cash,Takeaway,2023-12-21
8,3.0,3.0,8.924352495262161,credit card,UNKNOWN,2023-07-12
2,2.0,1.0,2.0,digital wallet,Takeaway,2023-02-15
9,5.0,1.5,7.5,digital wallet,Unknown,2023-08-07
1,2.0,3.0,6.0,digital wallet,Unknown,2023-10-03
9,1.0,1.5,1.5,cash,Takeaway,2023-06-15
3,5.0,2.949984155487483,25.0,credit card,In-store,2023-01-13
2,3.0,1.0,3.0,unknown,Takeaway,2023-09-04
0,5.0,2.0,10.0,cash,Unknown,2023-06-13
-1,4.0,1.5,6.0,credit card,In-store,2023-06-07
4,2.0,4.0,8.0,digital wallet,UNKNOWN,2023-02-15
4,5.0,4.0,20.0,unknown,In-store,2023-08-09
-1,1.0,3.0,3.0,cash,In-store,2023-10-23
5,4.0,3.0,12.0,unknown,Takeaway,2023-01-30
8,5.0,3.0,15.0,error,Unknown,2023-03-19
4,2.0,4.0,8.0,digital wallet,Unknown,2023-04-11
3,3.0,2.949984155487483,15.0,digital wallet,ERROR,2023-02-06
3,5.0,5.0,25.0,unknown,Unknown,2023-02-06
1,2.0,3.0,6.0,cash,Unknown,2023-07-16
4,3.0,4.0,8.924352495262161,cash,Unknown,2023-12-24
4,5.0,4.0,20.0,digital wallet,In-store,2023-10-19
0,2.0,2.0,4.0,credit card,Unknown,2023-03-16
3,5.0,5.0,25.0,credit card,Takeaway,2023-03-26
6,4.0,4.0,16.0,digital wallet,Unknown,2023-09-05
9,5.0,1.5,7.5,unknown,ERROR,2023-02-06
9,3.028463396702027,1.5,7.5,digital wallet,Takeaway,2023-06-24
6,5.0,4.0,20.0,credit card,Unknown,2023-12-05
1,2.0,3.0,6.0,unknown,Takeaway,2023-03-18
8,3.028463396702027,3.0,12.0,unknown,UNKNOWN,2023-09-26
3,3.0,5.0,15.0,digital wallet,Unknown,2023-02-06
8,2.0,3.0,6.0,unknown,Takeaway,2023-08-19
8,5.0,3.0,15.0,unknown,Unknown,2023-11-12
1,4.0,3.0,12.0,unknown,Unknown,2023-10-22
-1,3.0,4.0,12.0,digital wallet,ERROR,2023-10-29
0,5.0,2.0,10.0,unknown,ERROR,2023-12-16
7,1.0,4.0,4.0,cash,Unknown,2023-10-07
3,3.0,2.949984155487483,15.0,cash,Takeaway,2023-05-05
1,1.0,3.0,3.0,unknown,Takeaway,2023-11-06
4,5.0,4.0,20.0,digital wallet,Takeaway,2023-08-26
4,3.0,4.0,12.0,unknown,In-store,2023-05-18
4,5.0,4.0,20.0,unknown,Takeaway,2023-03-19
3,1.0,5.0,5.0,unknown,Unknown,2023-10-31
0,5.0,2.0,10.0,cash,In-store,2023-10-22
4,3.028463396702027,4.0,20.0,cash,Unknown,2023-01-25
6,3.028463396702027,2.949984155487483,20.0,error,Takeaway,2023-01-05
3,2.0,5.0,10.0,credit card,Takeaway,2023-06-19
3,5.0,5.0,25.0,credit card,In-store,2023-05-29
2,1.0,1.0,1.0,digital wallet,Unknown,2023-02-16
6,3.0,4.0,12.0,unknown,In-store,2023-12-06
3,2.0,5.0,10.0,digital wallet,Takeaway,2023-06-22
7,3.0,1.0,3.0,credit card,Unknown,2023-12-15
7,3.0,3.0,9.0,digital wallet,In-store,2023-06-10
1,3.0,3.0,9.0,digital wallet,In-store,2023-10-24
9,1.0,1.5,1.5,credit card,In-store,2023-07-22
9,1.0,1.5,1.5,digital wallet,UNKNOWN,2023-03-03
2,2.0,2.949984155487483,2.0,digital wallet,Takeaway,2023-10-24
1,5.0,3.0,15.0,credit card,In-store,2023-07-05
9,1.0,1.5,1.5,digital wallet,Unknown,2023-08-11
4,2.0,4.0,8.0,cash,Unknown,2023-10-16
2,2.0,1.0,2.0,digital wallet,Unknown,2023-06-29
0,1.0,2.0,2.0,cash,ERROR,2023-05-17
7,5.0,3.0,15.0,digital wallet,Takeaway,2023-11-21
0,2.0,2.0,4.0,unknown,Takeaway,2023-02-06
8,2.0,3.0,6.0,cash,In-store,2023-07-08
6,4.0,4.0,16.0,credit card,Takeaway,2023-02-06
2,1.0,1.0,1.0,unknown,Unknown,2023-07-12
0,1.0,2.0,2.0,digital wallet,In-store,2023-05-27
4,4.0,4.0,16.0,error,Unknown,2023-11-22
0,5.0,2.0,10.0,digital wallet,Unknown,2023-05-04
4,1.0,4.0,4.0,credit card,Takeaway,2023-03-01
0,5.0,2.0,10.0,unknown,Takeaway,2023-08-17
8,3.0,3.0,9.0,cash,In-store,2023-08-10
6,4.0,4.0,16.0,cash,Unknown,2023-06-19
8,1.0,3.0,3.0,cash,Unknown,2023-12-28
6,4.0,4.0,16.0,unknown,Takeaway,2023-02-25
6,1.0,4.0,4.0,unknown,Unknown,2023-03-02
5,4.0,1.0,4.0,credit card,Takeaway,2023-07-29
9,4.0,1.5,6.0,digital wallet,Takeaway,2023-09-22
8,1.0,3.0,3.0,digital wallet,Takeaway,2023-07-10
-1,2.0,1.5,3.0,unknown,In-store,2023-03-03
9,2.0,1.5,3.0,credit card,In-store,2023-02-06
0,2.0,2.0,4.0,digital wallet,Unknown,2023-02-24
4,1.0,4.0,4.0,unknown,In-store,2023-11-19
3,2.0,5.0,10.0,credit card,In-store,2023-11-27
3,2.0,5.0,10.0,digital wallet,In-store,2023-09-28
3,5.0,5.0,25.0,cash,Takeaway,2023-12-02
8,5.0,3.0,8.924352495262161,digital wallet,In-store,2023-11-06
9,5.0,1.5,7.5,credit card,Takeaway,2023-02-07
9,5.0,1.5,7.5,credit card,ERROR,2023-01-04
2,2.0,1.0,2.0,unknown,In-store,2023-06-04
4,1.0,4.0,8.924352495262161,digital wallet,In-store,2023-11-18
4,5.0,4.0,20.0,cash,Unknown,2023-09-22
8,4.0,3.0,12.0,unknown,In-store,2023-04-04
6,2.0,4.0,8.0,digital wallet,In-store,2023-10-28
4,1.0,4.0,8.924352495262161,cash,Unknown,2023-02-07
8,5.0,3.0,15.0,unknown,Unknown,2023-04-15
9,5.0,1.5,7.5,credit card,Takeaway,2023-06-12
3,1.0,5.0,5.0,error,In-store,2023-10-01
1,1.0,3.0,3.0,digital wallet,Takeaway,2023-03-15
7,1.0,1.0,1.0,unknown,ERROR,2023-09-22
6,1.0,4.0,4.0,credit card,In-store,2023-02-10
8,4.0,3.0,8.924352495262161,error,In-store,2023-03-25
6,5.0,4.0,20.0,cash,In-store,2023-09-02
9,2.0,1.5,3.0,unknown,Unknown,2023-09-17
-1,2.0,5.0,10.0,unknown,Unknown,2023-11-02
0,3.028463396702027,2.0,4.0,unknown,Takeaway,2023-12-03
4,3.028463396702027,4.0,4.0,credit card,In-store,2023-02-06
-1,2.0,3.0,6.0,digital wallet,Takeaway,2023-07-19
0,5.0,2.0,10.0,digital wallet,Takeaway,2023-09-13
3,2.0,5.0,10.0,cash,In-store,2023-11-22
2,3.028463396702027,1.0,1.0,digital wallet,UNKNOWN,2023-04-14
4,4.0,4.0,16.0,digital wallet,In-store,2023-08-07
0,1.0,2.0,2.0,digital wallet,In-store,2023-10-08
4,4.0,4.0,16.0,credit card,Unknown,2023-12-03
9,2.0,1.5,3.0,unknown,Takeaway,2023-09-21
1,1.0,2.949984155487483,3.0,unknown,In-store,2023-05-04
7,4.0,5.0,20.0,credit card,Unknown,2023-10-11
8,3.028463396702027,3.0,6.0,cash,Takeaway,2023-11-01
9,4.0,1.5,6.0,cash,In-store,2023-05-07
5,4.0,4.0,16.0,digital wallet,Takeaway,2023-07-05
6,3.0,4.0,12.0,unknown,Unknown,2023-02-06
3,2.0,5.0,10.0,credit card,Takeaway,2023-12-09
-1,3.0,3.0,9.0,unknown,In-store,2023-02-22
-1,3.0,5.0,8.924352495262161,cash,Takeaway,2023-11-04
8,3.0,3.0,9.0,credit card,Takeaway,2023-07-24
0,5.0,2.0,10.0,cash,Unknown,2023-04-16
2,2.0,1.0,2.0,credit card,In-store,2023-11-28
8,5.0,3.0,15.0,credit card,Unknown,2023-10-01
0,2.0,2.0,4.0,digital wallet,Unknown,2023-06-02
8,3.0,3.0,9.0,cash,Unknown,2023-04-19
1,1.0,2.949984155487483,3.0,unknown,Takeaway,2023-04-10
0,3.028463396702027,2.0,2.0,cash,Unknown,2023-10-07
3,5.0,5.0,25.0,digital wallet,In-store,2023-11-15
9,2.0,1.5,3.0,unknown,Unknown,2023-04-20
9,4.0,1.5,6.0,credit card,In-store,2023-08-07
2,1.0,1.0,1.0,credit card,In-store,2023-11-15
0,1.0,2.0,2.0,unknown,UNKNOWN,2023-09-02
4,1.0,4.0,4.0,error,In-store,2023-06-10
9,3.0,1.5,4.5,credit card,In-store,2023-05-07
6,4.0,4.0,16.0,cash,In-store,2023-05-19
9,3.028463396702027,2.949984155487483,3.0,credit card,Takeaway,2023-03-07
3,4.0,5.0,20.0,credit card,Unknown,2023-05-23
4,1.0,4.0,4.0,credit card,Takeaway,2023-03-21
0,1.0,2.0,2.0,credit card,In-store,2023-10-02
3,3.028463396702027,5.0,5.0,digital wallet,ERROR,2023-04-02
6,2.0,4.0,8.0,unknown,ERROR,2023-06-26
6,4.0,4.0,16.0,digital wallet,In-store,2023-11-09
6,2.0,4.0,8.0,digital wallet,In-store,2023-09-20
8,1.0,3.0,3.0,unknown,Unknown,2023-03-13
8,2.0,2.949984155487483,6.0,digital wallet,Takeaway,2023-11-29
0,3.0,2.0,6.0,credit card,Takeaway,2023-12-15
-1,4.0,4.0,16.0,credit card,In-store,2023-06-08
4,3.0,4.0,8.924352495262161,unknown,UNKNOWN,2023-06-25
0,1.0,2.0,2.0,unknown,UNKNOWN,2023-09-05
9,4.0,1.5,6.0,credit card,Unknown,2023-01-31
6,5.0,4.0,20.0,digital wallet,Unknown,2023-01-16
7,2.0,3.0,6.0,cash,In-store,2023-06-16
3,4.0,5.0,20.0,cash,In-store,2023-03-01
1,3.0,3.0,9.0,credit card,UNKNOWN,2023-09-26
1,3.0,3.0,9.0,cash,Unknown,2023-08-24
-1,3.0,5.0,15.0,credit card,In-store,2023-09-04
9,4.0,1.5,6.0,credit card,Unknown,2023-05-22
6,2.0,4.0,8.0,cash,In-store,2023-02-04
9,2.0,1.5,3.0,unknown,Unknown,2023-08-11
2,4.0,1.0,4.0,cash,Unknown,2023-08-07
1,2.0,3.0,6.0,digital wallet,In-store,2023-02-06
2,1.0,1.0,1.0,credit card,UNKNOWN,2023-09-11
1,3.0,3.0,9.0,credit card,Takeaway,2023-12-12
1,1.0,3.0,3.0,unknown,Takeaway,2023-08-23
8,1.0,3.0,3.0,cash,ERROR,2023-12-12
1,3.0,3.0,9.0,digital wallet,In-store,2023-01-31
4,1.0,4.0,4.0,unknown,Takeaway,2023-05-31
1,2.0,3.0,6.0,credit card,In-store,2023-10-03
3,3.0,5.0,15.0,cash,Takeaway,2023-07-18
6,1.0,4.0,4.0,credit card,Takeaway,2023-07-22
1,5.0,3.0,15.0,unknown,In-store,2023-06-02
3,4.0,5.0,20.0,unknown,ERROR,2023-01-28
5,5.0,4.0,20.0,credit card,UNKNOWN,2023-01-02
3,4.0,5.0,20.0,credit card,In-store,2023-12-18
6,5.0,4.0,20.0,digital wallet,Takeaway,2023-02-06
3,4.0,5.0,20.0,unknown,In-store,2023-04-28
3,1.0,5.0,5.0,cash,Takeaway,2023-03-20
4,3.028463396702027,4.0,4.0,digital wallet,Unknown,2023-03-05
4,5.0,4.0,8.924352495262161,digital wallet,In-store,2023-12-02
1,3.0,3.0,9.0,cash,In-store,2023-03-01
7,2.0,1.0,2.0,credit card,In-store,2023-10-09
9,2.0,1.5,3.0,error,In-store,2023-10-24
5,5.0,5.0,25.0,unknown,Takeaway,2023-03-17
6,3.028463396702027,4.0,8.0,digital wallet,In-store,2023-08-11
1,1.0,3.0,3.0,unknown,Unknown,2023-09-25
1,1.0,3.0,3.0,credit card,Takeaway,2023-04-13
6,2.0,4.0,8.0,unknown,Takeaway,2023-06-04
3,2.0,5.0,10.0,credit card,Unknown,2023-04-29
8,2.0,3.0,6.0,error,Takeaway,2023-12-10
7,2.0,1.0,2.0,digital wallet,Takeaway,2023-02-06
7,1.0,3.0,3.0,digital wallet,Takeaway,2023-03-09
9,2.0,1.5,3.0,cash,Unknown,2023-10-24
6,5.0,4.0,8.924352495262161,credit card,Takeaway,2023-01-11
9,4.0,1.5,6.0,unknown,In-store,2023-03-20
0,3.0,2.0,6.0,unknown,Takeaway,2023-01-26
8,3.0,3.0,9.0,digital wallet,In-store,2023-08-23
0,2.0,2.0,4.0,credit card,Unknown,2023-01-04
1,2.0,3.0,6.0,credit card,Unknown,2023-11-08
3,5.0,5.0,25.0,credit card,Takeaway,2023-03-18
9,3.0,1.5,4.5,credit card,Unknown,2023-06-13
2,1.0,1.0,1.0,digital wallet,Takeaway,2023-06-04
5,1.0,1.5,1.5,digital wallet,Unknown,2023-02-08
9,3.028463396702027,1.5,1.5,cash,Unknown,2023-05-24
3,1.0,5.0,5.0,cash,Takeaway,2023-08-11
7,5.0,4.0,20.0,unknown,Unknown,2023-03-29
6,3.028463396702027,4.0,8.0,cash,Unknown,2023-05-17
4,2.0,4.0,8.0,unknown,In-store,2023-01-13
6,3.0,4.0,12.0,digital wallet,Unknown,2023-08-28
2,2.0,1.0,2.0,cash,Takeaway,2023-10-31
3,4.0,5.0,20.0,credit card,Takeaway,2023-06-13
9,5.0,1.5,8.924352495262161,unknown,Unknown,2023-09-06
2,5.0,1.0,5.0,unknown,In-store,2023-08-04
1,5.0,3.0,15.0,credit card,Unknown,2023-08-29
3,1.0,5.0,5.0,error,Unknown,2023-10-20
5,2.0,5.0,10.0,cash,Takeaway,2023-04-12
6,4.0,4.0,16.0,credit card,In-store,2023-01-03
1,4.0,3.0,12.0,unknown,Unknown,2023-08-14
2,3.0,1.0,3.0,unknown,UNKNOWN,2023-12-06
9,5.0,1.5,7.5,cash,In-store,2023-10-28
8,5.0,3.0,15.0,digital wallet,Unknown,2023-05-29
2,2.0,1.0,2.0,cash,Takeaway,2023-10-03
3,3.0,5.0,15.0,digital wallet,Takeaway,2023-02-16
4,3.0,4.0,12.0,error,Unknown,2023-12-06
1,2.0,3.0,6.0,digital wallet,In-store,2023-09-23
1,2.0,3.0,6.0,cash,In-store,2023-05-26
4,1.0,4.0,4.0,unknown,Takeaway,2023-05-08
-1,5.0,4.0,20.0,credit card,Unknown,2023-07-27
6,5.0,4.0,20.0,cash,UNKNOWN,2023-10-24
9,1.0,1.5,1.5,unknown,Takeaway,2023-07-26
8,2.0,3.0,6.0,unknown,Unknown,2023-06-16
8,4.0,3.0,12.0,digital wallet,In-store,2023-07-02
9,5.0,1.5,7.5,unknown,Takeaway,2023-07-25
3,2.0,5.0,10.0,cash,In-store,2023-11-21
0,3.0,2.0,6.0,credit card,UNKNOWN,2023-11-24
6,3.028463396702027,4.0,20.0,cash,Unknown,2023-06-09
3,3.0,5.0,15.0,digital wallet,Unknown,2023-04-21
9,3.0,1.5,4.5,unknown,Takeaway,2023-03-29
4,3.0,4.0,12.0,digital wallet,Takeaway,2023-01-12
8,5.0,3.0,15.0,unknown,Takeaway,2023-02-24
0,3.028463396702027,2.0,6.0,unknown,Takeaway,2023-02-10
3,5.0,5.0,25.0,credit card,In-store,2023-12-14
4,3.0,4.0,12.0,unknown,ERROR,2023-10-10
1,3.0,3.0,9.0,digital wallet,Takeaway,2023-02-01
4,3.028463396702027,4.0,16.0,credit card,Unknown,2023-04-13
8,5.0,3.0,15.0,unknown,Unknown,2023-06-26
4,3.0,4.0,12.0,credit card,In-store,2023-08-06
6,5.0,4.0,20.0,digital wallet,UNKNOWN,2023-07-21
1,2.0,3.0,6.0,unknown,UNKNOWN,2023-02-06
3,1.0,5.0,5.0,cash,In-store,2023-07-22
9,5.0,1.5,7.5,credit card,Unknown,2023-02-06
0,3.0,2.0,6.0,unknown,Unknown,2023-07-25
8,2.0,2.949984155487483,6.0,digital wallet,Unknown,2023-01-28
4,5.0,4.0,20.0,error,UNKNOWN,2023-08-19
4,2.0,4.0,8.0,credit card,In-store,2023-03-15
7,5.0,3.0,15.0,unknown,Unknown,2023-03-21
1,1.0,3.0,3.0,credit card,Takeaway,2023-11-06
0,2.0,2.949984155487483,4.0,cash,Unknown,2023-02-06
1,2.0,3.0,6.0,cash,In-store,2023-04-03
6,1.0,4.0,4.0,credit card,In-store,2023-07-17
4,2.0,4.0,8.0,cash,In-store,2023-08-09
4,4.0,4.0,16.0,credit card,Takeaway,2023-12-24
0,5.0,2.0,10.0,unknown,Takeaway,2023-09-05
6,1.0,4.0,4.0,cash,In-store,2023-01-12
1,2.0,3.0,6.0,cash,In-store,2023-02-06
1,5.0,3.0,15.0,unknown,In-store,2023-02-06
3,4.0,2.949984155487483,20.0,digital wallet,Unknown,2023-01-08
4,1.0,4.0,4.0,unknown,Takeaway,2023-01-02
9,3.0,1.5,4.5,unknown,Takeaway,2023-10-12
2,1.0,1.0,1.0,cash,In-store,2023-08-04
5,3.028463396702027,1.5,3.0,digital wallet,Unknown,2023-04-10
3,4.0,5.0,20.0,unknown,Unknown,2023-06-23
6,1.0,4.0,4.0,cash,Takeaway,2023-08-17
0,2.0,2.0,4.0,cash,In-store,2023-12-14
8,5.0,3.0,15.0,digital wallet,In-store,2023-01-18
6,2.0,4.0,8.0,digital wallet,UNKNOWN,2023-07-21
3,3.0,2.949984155487483,15.0,digital wallet,Unknown,2023-05-28
-1,3.028463396702027,1.5,7.5,digital wallet,In-store,2023-08-04
1,1.0,3.0,8.924352495262161,digital wallet,In-store,2023-03-22
4,5.0,4.0,20.0,unknown,Takeaway,2023-05-13
0,4.0,2.0,8.0,cash,In-store,2023-12-08
4,3.0,4.0,12.0,error,Unknown,2023-05-11
5,2.0,2.949984155487483,3.0,credit card,In-store,2023-03-03
6,5.0,2.949984155487483,20.0,error,Takeaway,2023-03-26
7,2.0,2.0,4.0,credit card,Takeaway,2023-04-17
6,5.0,4.0,20.0,cash,Unknown,2023-02-11
6,2.0,4.0,8.0,digital wallet,Takeaway,2023-12-10
5,4.0,1.5,6.0,digital wallet,Unknown,2023-08-26
9,4.0,1.5,6.0,unknown,In-store,2023-12-30
0,5.0,2.0,10.0,credit card,Takeaway,2023-10-25
6,4.0,4.0,16.0,unknown,In-store,2023-07-23
0,4.0,2.0,8.0,credit card,Unknown,2023-02-06
2,4.0,1.0,4.0,unknown,Unknown,2023-10-15
3,5.0,5.0,8.924352495262161,unknown,Takeaway,2023-07-18
1,5.0,3.0,15.0,cash,In-store,2023-12-26
5,3.0,1.5,4.5,cash,In-store,2023-09-25
6,5.0,4.0,20.0,unknown,Unknown,2023-09-18
0,3.0,2.0,6.0,credit card,Unknown,2023-12-20
0,3.028463396702027,2.0,10.0,unknown,Unknown,2023-02-06
0,4.0,2.0,8.0,digital wallet,Takeaway,2023-03-06
2,1.0,1.0,1.0,digital wallet,Unknown,2023-07-08
8,4.0,3.0,12.0,unknown,Unknown,2023-03-28
0,4.0,2.0,8.0,digital wallet,In-store,2023-07-01
4,4.0,4.0,16.0,digital wallet,In-store,2023-02-06
1,3.0,3.0,9.0,unknown,UNKNOWN,2023-12-03
1,5.0,3.0,15.0,digital wallet,Unknown,2023-03-25
3,5.0,5.0,25.0,cash,In-store,2023-08-03
2,1.0,1.0,1.0,credit card,Unknown,2023-04-30
2,3.0,1.0,3.0,cash,Unknown,2023-03-28
8,3.0,3.0,9.0,credit card,Unknown,2023-12-12
3,4.0,5.0,20.0,unknown,Takeaway,2023-06-20
8,3.0,3.0,9.0,credit card,Unknown,2023-02-04
0,4.0,2.0,8.0,digital wallet,Unknown,2023-11-20
3,3.0,5.0,15.0,unknown,Unknown,2023-05-02
-1,2.0,1.0,8.924352495262161,digital wallet,Takeaway,2023-03-01
3,4.0,5.0,20.0,digital wallet,In-store,2023-12-07
3,4.0,5.0,20.0,cash,In-store,2023-11-25
8,4.0,3.0,12.0,unknown,Unknown,2023-10-19
4,3.028463396702027,4.0,12.0,digital wallet,In-store,2023-07-13
2,2.0,1.0,2.0,credit card,Takeaway,2023-08-22
1,3.0,3.0,9.0,digital wallet,In-store,2023-10-11
0,4.0,2.0,8.0,cash,Unknown,2023-04-21
2,2.0,1.0,2.0,credit card,Takeaway,2023-11-29
9,1.0,1.5,1.5,cash,In-store,2023-05-18
1,1.0,3.0,3.0,error,Unknown,2023-03-01
8,3.0,3.0,8.924352495262161,unknown,Unknown,2023-12-04
-1,5.0,1.0,5.0,unknown,In-store,2023-01-22
3,5.0,5.0,8.924352495262161,cash,Takeaway,2023-11-28
2,5.0,1.0,5.0,unknown,In-store,2023-11-18
4,2.0,4.0,8.0,credit card,Unknown,2023-08-13
9,1.0,1.5,1.5,cash,Unknown,2023-05-21
1,3.028463396702027,3.0,9.0,unknown,Unknown,2023-05-11
0,4.0,2.0,8.0,unknown,In-store,2023-02-08
4,4.0,4.0,16.0,digital wallet,Takeaway,2023-09-10
6,2.0,4.0,8.0,unknown,ERROR,2023-05-28
7,2.0,1.0,2.0,unknown,Unknown,2023-04-20
9,2.0,1.5,3.0,credit card,In-store,2023-03-31
1,2.0,3.0,6.0,credit card,Unknown,2023-04-23
6,2.0,4.0,8.0,digital wallet,Takeaway,2023-09-20
6,4.0,4.0,16.0,digital wallet,Takeaway,2023-02-22
2,1.0,2.949984155487483,1.0,unknown,In-store,2023-02-06
-1,1.0,2.0,2.0,cash,Takeaway,2023-02-26
2,5.0,1.0,5.0,error,Unknown,2023-07-07
8,3.0,3.0,9.0,cash,Unknown,2023-07-20
6,1.0,4.0,4.0,digital wallet,In-store,2023-08-19
1,4.0,3.0,12.0,cash,Takeaway,2023-10-25
1,2.0,3.0,6.0,unknown,ERROR,2023-04-30
4,5.0,4.0,20.0,digital wallet,In-store,2023-07-02
6,1.0,4.0,4.0,unknown,In-store,2023-08-18
4,1.0,4.0,4.0,unknown,Unknown,2023-03-31
3,5.0,5.0,25.0,unknown,Takeaway,2023-11-07
2,2.0,1.0,2.0,digital wallet,In-store,2023-11-12
6,2.0,4.0,8.924352495262161,unknown,Takeaway,2023-03-19
0,2.0,2.0,4.0,unknown,In-store,2023-09-24
2,2.0,1.0,2.0,credit card,Takeaway,2023-03-02
6,2.0,4.0,8.0,credit card,ERROR,2023-08-05
5,3.0,1.0,3.0,cash,Unknown,2023-11-21
-1,1.0,1.0,1.0,digital wallet,In-store,2023-12-04
0,2.0,2.0,4.0,credit card,Unknown,2023-06-20
0,4.0,2.0,8.0,digital wallet,Takeaway,2023-07-09
6,2.0,4.0,8.0,cash,Unknown,2023-12-24
6,4.0,4.0,16.0,unknown,Unknown,2023-06-25
4,2.0,4.0,8.0,unknown,In-store,2023-09-05
4,3.0,4.0,12.0,cash,In-store,2023-03-13
1,1.0,3.0,3.0,cash,Takeaway,2023-10-15
2,2.0,2.949984155487483,2.0,digital wallet,In-store,2023-11-19
-1,3.0,2.0,6.0,digital wallet,In-store,2023-12-29
4,5.0,4.0,20.0,cash,Takeaway,2023-12-07
1,2.0,3.0,6.0,cash,Unknown,2023-09-16
5,4.0,2.0,8.0,cash,Takeaway,2023-03-28
0,4.0,2.0,8.0,credit card,In-store,2023-02-06
2,4.0,1.0,4.0,unknown,ERROR,2023-02-06
1,5.0,3.0,15.0,credit card,Takeaway,2023-02-03
9,1.0,1.5,1.5,cash,Takeaway,2023-09-12
6,4.0,4.0,16.0,cash,Takeaway,2023-09-21
6,4.0,4.0,16.0,cash,Unknown,2023-09-04
6,1.0,4.0,4.0,cash,Takeaway,2023-06-28
0,5.0,2.0,10.0,credit card,Takeaway,2023-03-05
0,1.0,2.0,2.0,credit card,Takeaway,2023-12-17
1,3.0,3.0,9.0,cash,Takeaway,2023-07-29
4,5.0,4.0,8.924352495262161,credit card,Unknown,2023-10-09
6,2.0,4.0,8.924352495262161,unknown,Unknown,2023-05-19
5,1.0,2.0,8.924352495262161,digital wallet,Unknown,2023-07-18
1,5.0,3.0,15.0,unknown,Unknown,2023-02-06
8,1.0,2.949984155487483,3.0,credit card,Takeaway,2023-06-24
4,2.0,4.0,8.0,error,Takeaway,2023-10-19
4,1.0,4.0,4.0,digital wallet,Takeaway,2023-04-28
9,2.0,1.5,3.0,credit card,Unknown,2023-11-15
2,1.0,1.0,1.0,digital wallet,Takeaway,2023-07-21
8,2.0,3.0,6.0,unknown,Takeaway,2023-11-06
2,2.0,1.0,2.0,digital wallet,Takeaway,2023-02-08
3,4.0,2.949984155487483,20.0,cash,Unknown,2023-02-06
1,2.0,3.0,6.0,credit card,Takeaway,2023-03-03
6,3.0,4.0,12.0,unknown,In-store,2023-05-21
9,5.0,1.5,7.5,cash,Unknown,2023-12-20
3,1.0,2.949984155487483,5.0,unknown,Unknown,2023-10-23
3,4.0,5.0,20.0,credit card,In-store,2023-01-21
0,5.0,2.0,10.0,cash,Takeaway,2023-07-04
1,2.0,3.0,6.0,unknown,In-store,2023-04-10
8,3.0,3.0,9.0,unknown,Takeaway,2023-02-09
2,5.0,1.0,5.0,error,Unknown,2023-10-10
1,1.0,3.0,3.0,unknown,In-store,2023-06-12
1,3.028463396702027,3.0,12.0,unknown,Unknown,2023-10-11
0,1.0,2.0,2.0,unknown,Takeaway,2023-11-13
1,1.0,3.0,3.0,digital wallet,Unknown,2023-03-19
9,5.0,1.5,7.5,unknown,Unknown,2023-05-31
0,4.0,2.0,8.0,unknown,In-store,2023-12-09
0,4.0,2.0,8.0,unknown,Unknown,2023-08-21
1,1.0,3.0,3.0,digital wallet,Takeaway,2023-12-16
4,5.0,4.0,8.924352495262161,unknown,In-store,2023-02-11
-1,4.0,3.0,12.0,cash,Takeaway,2023-05-04
8,4.0,3.0,12.0,credit card,Unknown,2023-04-17
9,3.0,1.5,4.5,cash,UNKNOWN,2023-08-06
4,4.0,4.0,16.0,cash,Takeaway,2023-07-13
3,1.0,5.0,5.0,cash,Takeaway,2023-12-31
0,2.0,2.0,4.0,credit card,Unknown,2023-08-21
1,4.0,3.0,12.0,unknown,Takeaway,2023-05-16
3,2.0,5.0,10.0,digital wallet,UNKNOWN,2023-12-23
1,5.0,3.0,15.0,cash,Takeaway,2023-11-02
6,3.028463396702027,4.0,12.0,unknown,Takeaway,2023-02-06
1,3.0,3.0,9.0,cash,Takeaway,2023-03-08
1,5.0,3.0,15.0,unknown,In-store,2023-04-11
4,3.0,4.0,12.0,unknown,Takeaway,2023-08-07
0,4.0,2.0,8.0,digital wallet,Unknown,2023-03-31
-1,5.0,4.0,20.0,unknown,Unknown,2023-01-13
1,2.0,3.0,6.0,error,In-store,2023-04-15
1,4.0,3.0,12.0,credit card,In-store,2023-02-25
6,1.0,4.0,4.0,digital wallet,Unknown,2023-08-11
1,4.0,3.0,12.0,credit card,Unknown,2023-11-04
8,3.0,3.0,9.0,unknown,Unknown,2023-01-25
0,3.0,2.0,6.0,credit card,In-store,2023-12-11
1,2.0,3.0,6.0,unknown,Unknown,2023-03-07
6,5.0,4.0,20.0,cash,In-store,2023-07-20
2,4.0,1.0,4.0,unknown,Takeaway,2023-03-10
3,1.0,5.0,5.0,cash,Unknown,2023-10-26
1,3.0,3.0,9.0,unknown,UNKNOWN,2023-05-12
2,5.0,1.0,5.0,credit card,In-store,2023-06-05
9,2.0,1.5,3.0,unknown,In-store,2023-09-06
0,2.0,2.0,4.0,unknown,In-store,2023-06-14
5,1.0,1.0,1.0,unknown,Takeaway,2023-08-31
0,5.0,2.0,10.0,credit card,Unknown,2023-02-21
0,4.0,2.0,8.0,credit card,Unknown,2023-08-18
8,5.0,3.0,15.0,unknown,In-store,2023-12-14
2,1.0,1.0,8.924352495262161,digital wallet,In-store,2023-01-06
-1,5.0,1.0,5.0,cash,In-store,2023-09-16
0,3.028463396702027,2.0,6.0,unknown,In-store,2023-10-27
2,4.0,2.949984155487483,4.0,cash,Unknown,2023-05-22
8,3.0,3.0,9.0,digital wallet,Unknown,2023-09-24
3,3.0,5.0,15.0,digital wallet,Takeaway,2023-11-23
0,2.0,2.0,4.0,unknown,In-store,2023-10-21
9,4.0,1.5,6.0,credit card,UNKNOWN,2023-07-06
0,2.0,2.949984155487483,4.0,credit card,In-store,2023-11-04
8,3.0,3.0,9.0,credit card,Unknown,2023-08-15
4,4.0,4.0,8.924352495262161,unknown,In-store,2023-12-31
1,2.0,3.0,8.924352495262161,unknown,In-store,2023-09-07
3,3.0,5.0,15.0,credit card,Unknown,2023-08-07
0,2.0,2.0,4.0,error,Unknown,2023-02-04
5,2.0,4.0,8.0,unknown,Unknown,2023-11-16
3,5.0,2.949984155487483,25.0,unknown,Takeaway,2023-09-29
2,1.0,1.0,1.0,cash,Takeaway,2023-04-08
8,5.0,3.0,15.0,digital wallet,Unknown,2023-02-07
9,2.0,1.5,8.924352495262161,digital wallet,In-store,2023-03-28
3,2.0,5.0,10.0,digital wallet,Takeaway,2023-12-27
6,4.0,4.0,16.0,unknown,Takeaway,2023-05-04
1,3.0,3.0,9.0,credit card,Takeaway,2023-01-27
7,5.0,2.949984155487483,5.0,unknown,Takeaway,2023-07-29
4,5.0,4.0,20.0,unknown,In-store,2023-02-23
7,5.0,4.0,20.0,cash,In-store,2023-01-29
8,3.0,3.0,9.0,unknown,Takeaway,2023-11-30
4,4.0,4.0,16.0,credit card,Takeaway,2023-04-18
3,5.0,5.0,25.0,digital wallet,Takeaway,2023-01-13
2,5.0,1.0,5.0,digital wallet,Takeaway,2023-05-17
0,5.0,2.0,10.0,credit card,Takeaway,2023-05-23
5,3.028463396702027,1.5,6.0,unknown,Takeaway,2023-01-12
4,5.0,4.0,20.0,unknown,Unknown,2023-11-23
2,3.0,1.0,3.0,cash,ERROR,2023-10-18
6,3.0,4.0,12.0,credit card,UNKNOWN,2023-12-19
8,3.0,3.0,9.0,cash,Takeaway,2023-02-09
0,3.0,2.0,6.0,digital wallet,Takeaway,2023-11-19
7,5.0,3.0,15.0,unknown,ERROR,2023-07-07
0,1.0,2.0,2.0,cash,Takeaway,2023-09-10
6,4.0,4.0,16.0,cash,In-store,2023-01-05
0,4.0,2.0,8.0,unknown,In-store,2023-02-22
1,4.0,3.0,12.0,digital wallet,Takeaway,2023-03-23
6,3.0,4.0,12.0,credit card,Unknown,2023-05-04
6,1.0,4.0,4.0,digital wallet,In-store,2023-05-24
1,3.0,2.949984155487483,9.0,digital wallet,In-store,2023-12-07
1,3.0,3.0,9.0,digital wallet,Takeaway,2023-08-31
1,3.0,3.0,9.0,cash,In-store,2023-08-02
2,2.0,1.0,2.0,digital wallet,Takeaway,2023-10-21
1,5.0,3.0,15.0,cash,UNKNOWN,2023-12-22
2,3.0,1.0,3.0,digital wallet,Unknown,2023-12-20
-1,4.0,4.0,16.0,digital wallet,Takeaway,2023-08-23
6,5.0,4.0,20.0,unknown,In-store,2023-04-06
8,1.0,3.0,3.0,digital wallet,Takeaway,2023-12-21
8,5.0,3.0,15.0,credit card,Unknown,2023-09-16
8,2.0,3.0,6.0,digital wallet,Takeaway,2023-08-15
2,5.0,1.0,5.0,digital wallet,Unknown,2023-10-13
1,3.0,3.0,9.0,digital wallet,Unknown,2023-05-08
6,2.0,4.0,8.0,digital wallet,Unknown,2023-09-08
6,5.0,4.0,20.0,digital wallet,Takeaway,2023-11-13
4,3.0,2.949984155487483,12.0,unknown,In-store,2023-02-06
0,5.0,2.0,10.0,error,Unknown,2023-08-14
5,4.0,4.0,16.0,unknown,Takeaway,2023-04-19
7,2.0,2.0,4.0,credit card,Takeaway,2023-02-16
7,2.0,2.949984155487483,2.0,unknown,Unknown,2023-09-12
0,5.0,2.0,10.0,unknown,Takeaway,2023-04-05
9,3.0,2.949984155487483,4.5,unknown,Unknown,2023-02-06
6,5.0,4.0,20.0,credit card,In-store,2023-06-06
4,1.0,4.0,4.0,cash,ERROR,2023-08-01
9,5.0,1.5,7.5,unknown,Unknown,2023-11-29
4,2.0,4.0,8.0,unknown,Unknown,2023-07-17
-1,5.0,5.0,25.0,digital wallet,Takeaway,2023-07-23
5,2.0,1.5,3.0,unknown,Unknown,2023-05-18
-1,4.0,3.0,12.0,cash,Takeaway,2023-06-16
1,2.0,3.0,6.0,unknown,Unknown,2023-09-03
6,5.0,4.0,20.0,unknown,Takeaway,2023-05-02
6,1.0,2.949984155487483,4.0,cash,In-store,2023-10-14
2,1.0,1.0,1.0,unknown,In-store,2023-11-03
2,1.0,1.0,1.0,credit card,Unknown,2023-02-06
8,2.0,3.0,6.0,cash,Takeaway,2023-02-07
6,5.0,2.949984155487483,20.0,credit card,Takeaway,2023-03-09
6,4.0,4.0,16.0,digital wallet,UNKNOWN,2023-01-15
8,1.0,3.0,3.0,cash,In-store,2023-07-19
1,4.0,2.949984155487483,12.0,cash,In-store,2023-07-09
4,2.0,2.949984155487483,8.0,credit card,Unknown,2023-01-22
9,5.0,1.5,7.5,digital wallet,Unknown,2023-01-20
9,2.0,1.5,3.0,credit card,Takeaway,2023-07-18
6,5.0,4.0,20.0,credit card,Unknown,2023-04-01
-1,1.0,5.0,5.0,unknown,Unknown,2023-07-01
9,4.0,1.5,6.0,digital wallet,Takeaway,2023-01-27
2,3.0,1.0,3.0,cash,Unknown,2023-01-19
8,1.0,3.0,3.0,unknown,Takeaway,2023-09-25
3,1.0,5.0,5.0,digital wallet,Unknown,2023-10-23
1,1.0,3.0,3.0,credit card,Takeaway,2023-03-04
6,2.0,4.0,8.0,error,Takeaway,2023-03-21
7,5.0,1.5,7.5,credit card,Takeaway,2023-06-18
2,4.0,1.0,4.0,credit card,Takeaway,2023-02-01
0,2.0,2.0,4.0,unknown,Takeaway,2023-02-24
4,4.0,4.0,16.0,cash,Takeaway,2023-12-15
1,1.0,3.0,3.0,credit card,Takeaway,2023-10-09
9,5.0,1.5,7.5,unknown,Unknown,2023-12-25
4,3.0,4.0,12.0,cash,In-store,2023-02-06
9,5.0,1.5,7.5,digital wallet,Takeaway,2023-04-13
3,2.0,5.0,10.0,digital wallet,Unknown,2023-02-27
3,2.0,5.0,10.0,credit card,Takeaway,2023-12-18
1,3.0,3.0,9.0,unknown,Unknown,2023-07-13
1,2.0,3.0,6.0,credit card,In-store,2023-08-06
7,4.0,3.0,12.0,digital wallet,Takeaway,2023-09-23
6,5.0,4.0,20.0,unknown,Unknown,2023-03-04
2,4.0,1.0,4.0,unknown,ERROR,2023-11-18
8,5.0,3.0,15.0,credit card,ERROR,2023-08-14
2,4.0,1.0,4.0,unknown,In-store,2023-07-29
6,5.0,2.949984155487483,20.0,digital wallet,In-store,2023-01-01
6,3.0,4.0,12.0,unknown,In-store,2023-12-17
6,5.0,4.0,20.0,unknown,Unknown,2023-11-28
8,3.0,3.0,9.0,digital wallet,Takeaway,2023-04-05
0,3.028463396702027,2.0,6.0,unknown,Takeaway,2023-12-19
7,5.0,3.0,15.0,unknown,Unknown,2023-12-13
3,5.0,5.0,25.0,cash,Unknown,2023-11-14
5,4.0,1.0,4.0,credit card,Unknown,2023-12-15
1,5.0,3.0,8.924352495262161,digital wallet,ERROR,2023-04-10
-1,4.0,1.0,4.0,credit card,Takeaway,2023-02-04
2,5.0,1.0,5.0,error,Unknown,2023-04-23
9,3.028463396702027,2.949984155487483,6.0,cash,Takeaway,2023-02-06
8,1.0,3.0,3.0,digital wallet,Takeaway,2023-06-30
9,4.0,1.5,6.0,digital wallet,ERROR,2023-10-06
0,4.0,2.0,8.0,unknown,In-store,2023-09-11
0,4.0,2.0,8.924352495262161,unknown,Takeaway,2023-12-23
8,5.0,3.0,15.0,digital wallet,ERROR,2023-01-30
4,2.0,4.0,8.0,digital wallet,ERROR,2023-06-27
6,2.0,4.0,8.0,unknown,Takeaway,2023-12-14
1,1.0,3.0,3.0,digital wallet,Unknown,2023-05-30
2,3.0,1.0,3.0,cash,Unknown,2023-01-10
1,2.0,3.0,8.924352495262161,cash,UNKNOWN,2023-02-19
2,3.028463396702027,1.0,1.0,unknown,Takeaway,2023-02-06
8,5.0,3.0,8.924352495262161,unknown,In-store,2023-11-27
4,4.0,4.0,16.0,digital wallet,ERROR,2023-05-07
9,4.0,1.5,6.0,credit card,Takeaway,2023-11-30
-1,3.028463396702027,5.0,5.0,cash,Unknown,2023-10-09
2,2.0,1.0,2.0,digital wallet,Unknown,2023-03-30
8,4.0,3.0,8.924352495262161,digital wallet,Takeaway,2023-01-03
8,3.0,3.0,9.0,unknown,In-store,2023-11-11
9,5.0,1.5,7.5,credit card,Unknown,2023-12-27
3,3.0,5.0,15.0,unknown,Unknown,2023-11-16
0,1.0,2.0,2.0,error,Unknown,2023-05-18
3,3.028463396702027,5.0,15.0,cash,Takeaway,2023-06-08
8,3.0,3.0,9.0,unknown,Unknown,2023-07-02
1,3.028463396702027,3.0,9.0,credit card,Takeaway,2023-04-30
1,4.0,2.949984155487483,12.0,digital wallet,Unknown,2023-08-13
2,5.0,1.0,5.0,digital wallet,Takeaway,2023-05-12
8,1.0,3.0,3.0,credit card,Takeaway,2023-11-18
9,1.0,1.5,1.5,unknown,In-store,2023-06-19
3,5.0,5.0,25.0,unknown,ERROR,2023-04-26
4,4.0,4.0,16.0,digital wallet,Takeaway,2023-06-08
1,3.0,3.0,9.0,unknown,Unknown,2023-02-06
6,4.0,4.0,16.0,digital wallet,In-store,2023-06-20
0,5.0,2.0,8.924352495262161,digital wallet,Takeaway,2023-11-28
9,5.0,1.5,8.924352495262161,cash,UNKNOWN,2023-07-29
1,2.0,3.0,6.0,credit card,In-store,2023-12-29
3,2.0,5.0,10.0,digital wallet,ERROR,2023-03-25
9,1.0,1.5,1.5,unknown,In-store,2023-02-06
1,3.0,3.0,9.0,unknown,Unknown,2023-03-23
8,2.0,3.0,6.0,cash,Unknown,2023-12-29
6,2.0,4.0,8.0,credit card,Unknown,2023-12-26
1,2.0,3.0,6.0,cash,In-store,2023-12-06
1,1.0,3.0,3.0,credit card,UNKNOWN,2023-12-22
3,3.028463396702027,5.0,25.0,cash,ERROR,2023-04-15
1,1.0,3.0,3.0,unknown,In-store,2023-07-18
5,5.0,1.0,5.0,error,Unknown,2023-09-25
4,3.028463396702027,2.949984155487483,16.0,cash,Unknown,2023-03-05
1,2.0,3.0,6.0,cash,Unknown,2023-06-23
3,1.0,5.0,5.0,digital wallet,In-store,2023-12-19
8,2.0,3.0,6.0,cash,Unknown,2023-11-27
7,2.0,3.0,6.0,cash,In-store,2023-06-18
3,5.0,5.0,25.0,digital wallet,ERROR,2023-02-06
1,5.0,3.0,15.0,credit card,Unknown,2023-07-11
4,5.0,4.0,20.0,cash,UNKNOWN,2023-09-10
8,3.0,3.0,9.0,cash,Unknown,2023-03-04
6,2.0,4.0,8.0,digital wallet,Unknown,2023-06-07
3,5.0,5.0,25.0,credit card,Takeaway,2023-03-19
0,5.0,2.0,10.0,credit card,Takeaway,2023-09-21
0,4.0,2.0,8.0,unknown,ERROR,2023-12-21
3,4.0,5.0,20.0,credit card,Unknown,2023-09-04
8,2.0,3.0,6.0,digital wallet,Unknown,2023-11-02
9,4.0,1.5,6.0,digital wallet,Takeaway,2023-02-13
3,4.0,5.0,20.0,digital wallet,In-store,2023-08-28
8,1.0,3.0,3.0,unknown,Unknown,2023-12-31
8,3.028463396702027,3.0,9.0,cash,Unknown,2023-09-07
9,2.0,1.5,3.0,cash,Unknown,2023-05-01
2,1.0,1.0,1.0,digital wallet,Takeaway,2023-12-04
3,1.0,5.0,5.0,cash,Takeaway,2023-03-23
8,4.0,3.0,12.0,credit card,In-store,2023-05-18
4,5.0,4.0,20.0,cash,UNKNOWN,2023-04-02
0,1.0,2.0,2.0,credit card,In-store,2023-12-15
0,3.0,2.0,6.0,error,Unknown,2023-08-05
7,1.0,1.0,1.0,cash,UNKNOWN,2023-03-04
0,3.0,2.0,6.0,digital wallet,In-store,2023-07-12
1,5.0,3.0,15.0,unknown,In-store,2023-03-12
2,2.0,1.0,2.0,cash,Takeaway,2023-07-30
8,5.0,3.0,15.0,credit card,Unknown,2023-01-26
7,3.028463396702027,1.0,5.0,cash,Takeaway,2023-09-29
8,1.0,3.0,3.0,credit card,ERROR,2023-02-21
9,4.0,1.5,6.0,credit card,Takeaway,2023-06-20
4,4.0,4.0,16.0,unknown,Takeaway,2023-06-09
2,5.0,1.0,5.0,cash,Unknown,2023-12-03
0,4.0,2.0,8.0,unknown,Unknown,2023-06-03
1,5.0,3.0,15.0,error,In-store,2023-10-01
9,2.0,1.5,3.0,credit card,In-store,2023-09-05
9,1.0,1.5,1.5,cash,Takeaway,2023-09-12
-1,1.0,4.0,4.0,digital wallet,In-store,2023-10-03
9,3.0,1.5,4.5,unknown,Unknown,2023-05-19
4,4.0,4.0,16.0,cash,Takeaway,2023-08-10
2,4.0,1.0,4.0,cash,In-store,2023-08-20
3,3.0,5.0,15.0,cash,Takeaway,2023-07-28
3,5.0,5.0,25.0,credit card,In-store,2023-08-06
8,4.0,3.0,12.0,digital wallet,In-store,2023-10-29
5,5.0,1.0,5.0,credit card,In-store,2023-09-17
3,1.0,5.0,5.0,unknown,Takeaway,2023-04-27
3,2.0,5.0,10.0,unknown,Unknown,2023-01-02
1,2.0,3.0,6.0,unknown,Takeaway,2023-04-30
3,5.0,5.0,25.0,digital wallet,Unknown,2023-02-11
3,2.0,5.0,10.0,digital wallet,Unknown,2023-02-06
6,2.0,4.0,8.0,cash,In-store,2023-02-17
0,4.0,2.0,8.0,cash,In-store,2023-09-25
0,2.0,2.0,4.0,digital wallet,Takeaway,2023-07-18
8,4.0,3.0,8.924352495262161,credit card,In-store,2023-06-21
0,5.0,2.0,10.0,cash,Unknown,2023-11-29
0,5.0,2.0,10.0,unknown,Unknown,2023-05-22
6,2.0,4.0,8.0,digital wallet,Takeaway,2023-11-21
3,5.0,5.0,8.924352495262161,unknown,Unknown,2023-04-07
3,1.0,5.0,5.0,unknown,In-store,2023-05-16
9,1.0,1.5,1.5,digital wallet,In-store,2023-10-13
3,3.0,5.0,15.0,cash,In-store,2023-02-15
9,2.0,1.5,3.0,unknown,In-store,2023-11-04
2,3.0,1.0,8.924352495262161,credit card,Takeaway,2023-01-20
8,1.0,3.0,3.0,cash,Takeaway,2023-03-26
1,3.0,3.0,9.0,cash,In-store,2023-08-14
9,1.0,1.5,8.924352495262161,cash,Unknown,2023-02-13
5,1.0,2.0,2.0,digital wallet,Unknown,2023-02-06
4,3.0,4.0,12.0,unknown,In-store,2023-04-06
1,3.0,3.0,9.0,credit card,Takeaway,2023-03-19
0,1.0,2.0,2.0,unknown,Takeaway,2023-01-29
8,1.0,3.0,3.0,digital wallet,UNKNOWN,2023-11-06
4,3.0,4.0,12.0,digital wallet,In-store,2023-11-20
8,1.0,3.0,3.0,unknown,Takeaway,2023-12-11
9,5.0,1.5,7.5,cash,ERROR,2023-10-30
5,4.0,1.5,6.0,unknown,Takeaway,2023-02-06
3,2.0,5.0,10.0,unknown,Takeaway,2023-10-11
8,2.0,3.0,6.0,credit card,ERROR,2023-02-15
3,5.0,5.0,8.924352495262161,credit card,In-store,2023-06-16
3,5.0,5.0,25.0,unknown,In-store,2023-07-14
7,2.0,5.0,10.0,credit card,Takeaway,2023-02-18
4,1.0,4.0,4.0,digital wallet,UNKNOWN,2023-06-22
8,4.0,3.0,12.0,digital wallet,Takeaway,2023-09-08
6,1.0,4.0,4.0,unknown,In-store,2023-10-24
6,4.0,4.0,16.0,unknown,In-store,2023-10-22
6,1.0,4.0,4.0,unknown,In-store,2023-05-31
6,3.0,4.0,12.0,digital wallet,Unknown,2023-10-26
-1,2.0,1.5,3.0,unknown,Unknown,2023-06-26
3,3.0,5.0,15.0,credit card,Takeaway,2023-11-29
4,1.0,4.0,4.0,unknown,Takeaway,2023-10-18
-1,3.0,1.5,4.5,unknown,Takeaway,2023-12-01
3,3.0,5.0,15.0,credit card,Unknown,2023-06-08
0,2.0,2.0,4.0,unknown,In-store,2023-09-13
0,1.0,2.0,2.0,error,In-store,2023-08-21
9,3.0,1.5,4.5,unknown,Unknown,2023-10-14
0,3.0,2.0,6.0,cash,Takeaway,2023-10-02
0,4.0,2.0,8.0,unknown,ERROR,2023-01-05
8,5.0,3.0,15.0,cash,In-store,2023-10-28
6,4.0,4.0,16.0,unknown,Takeaway,2023-03-10
1,2.0,3.0,6.0,unknown,Unknown,2023-02-06
2,3.0,1.0,3.0,cash,Unknown,2023-03-26
0,3.028463396702027,2.0,10.0,credit card,Takeaway,2023-11-08
0,5.0,2.0,10.0,cash,Unknown,2023-04-19
6,4.0,2.949984155487483,16.0,credit card,Takeaway,2023-08-27
6,3.0,4.0,12.0,credit card,Takeaway,2023-09-13
-1,5.0,2.949984155487483,10.0,unknown,Unknown,2023-12-25
9,1.0,1.5,1.5,credit card,Unknown,2023-01-25
4,5.0,4.0,20.0,unknown,ERROR,2023-05-22
1,5.0,3.0,15.0,unknown,In-store,2023-09-16
1,2.0,3.0,6.0,credit card,Takeaway,2023-08-07
2,2.0,1.0,2.0,cash,Takeaway,2023-01-05
1,2.0,3.0,6.0,digital wallet,Takeaway,2023-12-15
2,5.0,1.0,5.0,digital wallet,Takeaway,2023-06-06
6,4.0,4.0,16.0,digital wallet,Takeaway,2023-07-10
3,4.0,5.0,20.0,cash,In-store,2023-10-27
2,3.0,1.0,3.0,cash,Takeaway,2023-06-05
8,5.0,3.0,15.0,unknown,Unknown,2023-09-08
2,4.0,1.0,4.0,unknown,Unknown,2023-02-04
8,3.028463396702027,3.0,6.0,credit card,Unknown,2023-06-28
3,5.0,5.0,25.0,credit card,Takeaway,2023-12-04
1,4.0,3.0,12.0,cash,In-store,2023-06-09
1,1.0,3.0,3.0,unknown,In-store,2023-07-12
4,3.0,4.0,8.924352495262161,cash,Takeaway,2023-10-19
0,2.0,2.0,4.0,credit card,Takeaway,2023-08-13
3,2.0,5.0,10.0,cash,In-store,2023-11-30
9,4.0,1.5,6.0,cash,In-store,2023-05-06
1,2.0,3.0,6.0,cash,Takeaway,2023-01-15
1,1.0,3.0,3.0,credit card,UNKNOWN,2023-02-06
8,5.0,3.0,15.0,credit card,Unknown,2023-09-18
0,2.0,2.949984155487483,4.0,unknown,In-store,2023-10-12
-1,5.0,4.0,20.0,unknown,In-store,2023-02-10
-1,2.0,4.0,8.0,cash,Takeaway,2023-05-07
8,2.0,3.0,6.0,credit card,Takeaway,2023-06-25
4,4.0,4.0,16.0,digital wallet,Unknown,2023-02-06
0,2.0,2.0,4.0,unknown,In-store,2023-03-19
4,5.0,4.0,8.924352495262161,credit card,Takeaway,2023-02-06
2,1.0,1.0,1.0,unknown,Takeaway,2023-11-06
3,5.0,5.0,25.0,credit card,Takeaway,2023-05-19
3,5.0,5.0,25.0,unknown,In-store,2023-12-01
9,5.0,1.5,7.5,cash,In-store,2023-06-12
9,5.0,1.5,7.5,credit card,Unknown,2023-11-26
9,2.0,1.5,3.0,unknown,In-store,2023-11-08
4,2.0,4.0,8.0,digital wallet,In-store,2023-09-22
8,3.0,3.0,9.0,digital wallet,Unknown,2023-12-09
6,3.0,4.0,12.0,credit card,Unknown,2023-08-15
7,4.0,4.0,16.0,credit card,Unknown,2023-08-23
9,2.0,1.5,3.0,digital wallet,ERROR,2023-04-06
4,5.0,4.0,8.924352495262161,credit card,Takeaway,2023-04-07
2,4.0,1.0,4.0,cash,Takeaway,2023-09-18
3,5.0,5.0,25.0,error,Unknown,2023-01-20
3,4.0,5.0,20.0,unknown,In-store,2023-11-08
9,2.0,1.5,3.0,credit card,Unknown,2023-01-09
6,5.0,4.0,20.0,cash,In-store,2023-10-31
9,5.0,1.5,7.5,cash,Takeaway,2023-05-04
5,2.0,5.0,10.0,digital wallet,Takeaway,2023-08-21
4,1.0,4.0,4.0,digital wallet,In-store,2023-07-29
0,5.0,2.0,10.0,credit card,Unknown,2023-05-27
-1,2.0,3.0,6.0,credit card,Unknown,2023-09-28
1,1.0,3.0,3.0,cash,Takeaway,2023-10-13
4,1.0,4.0,4.0,credit card,In-store,2023-02-19
0,3.0,2.0,6.0,cash,Takeaway,2023-12-16
0,5.0,2.0,10.0,cash,Unknown,2023-02-21
0,1.0,2.0,2.0,unknown,Takeaway,2023-01-16
1,5.0,3.0,15.0,unknown,Takeaway,2023-09-06
2,2.0,1.0,2.0,credit card,Takeaway,2023-01-03
6,1.0,4.0,4.0,credit card,In-store,2023-02-06
8,2.0,3.0,6.0,digital wallet,In-store,2023-03-06
9,3.0,1.5,4.5,credit card,In-store,2023-09-06
6,2.0,4.0,8.0,unknown,Takeaway,2023-10-24
6,5.0,4.0,20.0,credit card,UNKNOWN,2023-01-29
1,4.0,3.0,12.0,unknown,Takeaway,2023-07-30
9,2.0,1.5,8.924352495262161,cash,Unknown,2023-06-17
6,5.0,4.0,20.0,unknown,In-store,2023-07-16
2,5.0,1.0,5.0,digital wallet,In-store,2023-09-09
7,5.0,2.0,10.0,unknown,Unknown,2023-05-08
4,2.0,4.0,8.0,digital wallet,Unknown,2023-02-04
3,5.0,5.0,25.0,credit card,Takeaway,2023-11-26
4,5.0,4.0,20.0,credit card,In-store,2023-12-20
8,5.0,3.0,15.0,digital wallet,Unknown,2023-10-04
9,4.0,1.5,6.0,cash,In-store,2023-02-06
6,2.0,4.0,8.0,cash,Takeaway,2023-02-06
4,2.0,4.0,8.0,unknown,In-store,2023-05-20
0,5.0,2.0,10.0,unknown,In-store,2023-09-09
2,1.0,1.0,1.0,cash,Takeaway,2023-10-26
1,4.0,3.0,12.0,credit card,In-store,2023-10-23
6,5.0,4.0,20.0,cash,In-store,2023-09-12
1,2.0,3.0,6.0,cash,In-store,2023-02-28
2,3.0,1.0,8.924352495262161,unknown,Unknown,2023-10-21
0,2.0,2.0,4.0,credit card,UNKNOWN,2023-10-02
6,3.0,4.0,12.0,digital wallet,Unknown,2023-06-16
9,2.0,2.949984155487483,8.924352495262161,cash,In-store,2023-06-19
3,1.0,5.0,5.0,unknown,Takeaway,2023-12-06
6,5.0,4.0,20.0,digital wallet,Takeaway,2023-10-24
8,5.0,3.0,15.0,digital wallet,Takeaway,2023-09-01
-1,2.0,3.0,6.0,cash,In-store,2023-01-24
4,5.0,4.0,20.0,credit card,In-store,2023-09-14
9,2.0,1.5,3.0,digital wallet,In-store,2023-02-26
8,5.0,3.0,15.0,cash,In-store,2023-11-19
1,1.0,3.0,3.0,digital wallet,Takeaway,2023-08-17
8,5.0,3.0,15.0,credit card,In-store,2023-10-05
8,1.0,3.0,3.0,cash,In-store,2023-12-29
3,2.0,5.0,10.0,credit card,Unknown,2023-05-25
9,1.0,1.5,1.5,digital wallet,Takeaway,2023-09-15
9,2.0,1.5,3.0,credit card,UNKNOWN,2023-09-01
9,5.0,1.5,7.5,digital wallet,Takeaway,2023-01-15
8,4.0,3.0,12.0,unknown,Takeaway,2023-09-26
9,1.0,1.5,1.5,digital wallet,In-store,2023-08-22
6,1.0,4.0,4.0,credit card,In-store,2023-08-29
5,3.0,2.0,8.924352495262161,digital wallet,Takeaway,2023-09-08
8,1.0,3.0,3.0,credit card,In-store,2023-11-05
0,5.0,2.949984155487483,10.0,credit card,Takeaway,2023-05-26
3,1.0,5.0,5.0,digital wallet,Unknown,2023-08-24
8,4.0,3.0,12.0,credit card,Unknown,2023-12-27
3,4.0,5.0,20.0,unknown,Takeaway,2023-08-20
6,1.0,4.0,4.0,unknown,Unknown,2023-01-05
1,1.0,3.0,8.924352495262161,error,In-store,2023-12-29
1,2.0,3.0,6.0,cash,Takeaway,2023-02-06
4,2.0,4.0,8.0,cash,Unknown,2023-12-02
4,2.0,4.0,8.0,digital wallet,Unknown,2023-10-07
5,5.0,3.0,15.0,unknown,Unknown,2023-02-10
8,1.0,3.0,3.0,unknown,Unknown,2023-01-06
2,1.0,1.0,1.0,credit card,Takeaway,2023-07-07
3,3.028463396702027,5.0,10.0,error,Unknown,2023-05-19
1,2.0,3.0,6.0,cash,Takeaway,2023-09-21
0,5.0,2.0,10.0,cash,In-store,2023-01-20
1,2.0,3.0,6.0,digital wallet,Takeaway,2023-02-08
2,5.0,1.0,5.0,cash,Unknown,2023-09-23
0,4.0,2.0,8.0,digital wallet,Takeaway,2023-02-03
2,2.0,1.0,2.0,digital wallet,Unknown,2023-04-20
6,3.0,4.0,12.0,unknown,Takeaway,2023-01-29
0,3.0,2.0,6.0,unknown,In-store,2023-12-04
6,5.0,4.0,20.0,unknown,UNKNOWN,2023-10-11
3,1.0,5.0,5.0,credit card,Takeaway,2023-05-17
4,1.0,4.0,4.0,cash,In-store,2023-03-17
8,3.0,3.0,9.0,unknown,In-store,2023-12-21
5,3.0,3.0,9.0,unknown,Takeaway,2023-09-14
1,5.0,3.0,8.924352495262161,cash,In-store,2023-06-10
2,5.0,1.0,5.0,cash,Takeaway,2023-03-04
7,1.0,5.0,5.0,cash,In-store,2023-03-07
4,1.0,4.0,4.0,unknown,Unknown,2023-11-30
1,4.0,3.0,12.0,cash,Takeaway,2023-05-28
-1,3.0,5.0,15.0,cash,In-store,2023-06-13
6,2.0,4.0,8.0,cash,In-store,2023-08-26
9,5.0,1.5,7.5,credit card,Takeaway,2023-11-12
1,2.0,3.0,6.0,credit card,Unknown,2023-12-21
0,3.0,2.0,6.0,digital wallet,Unknown,2023-06-17
1,3.0,3.0,9.0,unknown,Unknown,2023-08-16
6,5.0,4.0,20.0,credit card,Takeaway,2023-09-12
1,3.0,3.0,9.0,unknown,Takeaway,2023-11-21
-1,2.0,1.5,3.0,digital wallet,Unknown,2023-12-30
3,5.0,5.0,25.0,digital wallet,Unknown,2023-05-31
0,5.0,2.0,10.0,cash,Takeaway,2023-01-19
4,2.0,4.0,8.0,cash,Unknown,2023-11-05
4,3.028463396702027,4.0,4.0,cash,Unknown,2023-09-17
5,4.0,2.0,8.0,unknown,Takeaway,2023-11-21
4,4.0,4.0,16.0,unknown,In-store,2023-05-06
1,4.0,3.0,12.0,credit card,Unknown,2023-05-04
0,4.0,2.0,8.0,unknown,Unknown,2023-01-30
6,1.0,4.0,4.0,credit card,Takeaway,2023-04-08
6,3.0,4.0,12.0,credit card,Takeaway,2023-11-21
0,1.0,2.0,2.0,digital wallet,UNKNOWN,2023-08-23
4,5.0,4.0,20.0,digital wallet,In-store,2023-03-15
5,5.0,3.0,15.0,unknown,Takeaway,2023-11-12
8,5.0,3.0,15.0,credit card,In-store,2023-11-04
6,5.0,4.0,8.924352495262161,digital wallet,In-store,2023-09-30
9,2.0,2.949984155487483,3.0,digital wallet,Takeaway,2023-11-22
8,1.0,3.0,3.0,unknown,Unknown,2023-01-25
6,1.0,4.0,4.0,cash,Unknown,2023-03-19
6,2.0,4.0,8.0,credit card,Unknown,2023-01-22
-1,4.0,1.0,8.924352495262161,digital wallet,Takeaway,2023-01-22
0,3.0,2.0,6.0,credit card,Unknown,2023-02-06
0,2.0,2.0,4.0,cash,In-store,2023-03-24
1,1.0,2.949984155487483,3.0,digital wallet,Unknown,2023-02-08
3,5.0,5.0,25.0,cash,In-store,2023-04-17
2,5.0,1.0,5.0,cash,ERROR,2023-05-02
6,3.0,4.0,12.0,cash,In-store,2023-01-08
8,4.0,3.0,12.0,unknown,In-store,2023-03-11
-1,4.0,2.949984155487483,8.924352495262161,credit card,Unknown,2023-02-09
2,5.0,1.0,5.0,cash,In-store,2023-02-27
0,1.0,2.0,2.0,digital wallet,Unknown,2023-01-23
8,3.028463396702027,3.0,12.0,unknown,Unknown,2023-04-26
2,4.0,1.0,4.0,cash,In-store,2023-11-07
6,3.028463396702027,4.0,20.0,credit card,Unknown,2023-02-27
4,5.0,4.0,20.0,credit card,Takeaway,2023-09-06
0,3.0,2.0,6.0,digital wallet,Takeaway,2023-01-03
7,2.0,1.5,3.0,cash,UNKNOWN,2023-05-04
2,1.0,1.0,1.0,credit card,Unknown,2023-07-29
9,1.0,1.5,1.5,digital wallet,In-store,2023-05-24
8,2.0,3.0,6.0,digital wallet,Unknown,2023-04-14
2,2.0,2.949984155487483,2.0,cash,In-store,2023-06-05
0,3.0,2.0,6.0,unknown,In-store,2023-07-17
9,2.0,1.5,3.0,unknown,Unknown,2023-03-23
8,1.0,3.0,3.0,unknown,Unknown,2023-05-25
8,5.0,3.0,15.0,digital wallet,Takeaway,2023-01-01
1,2.0,3.0,6.0,digital wallet,ERROR,2023-06-12
0,5.0,2.0,8.924352495262161,unknown,Takeaway,2023-03-06
6,5.0,4.0,20.0,unknown,Takeaway,2023-02-06
0,3.0,2.0,6.0,unknown,In-store,2023-02-01
2,5.0,1.0,5.0,unknown,Unknown,2023-01-20
6,1.0,4.0,4.0,unknown,Unknown,2023-07-12
3,2.0,5.0,10.0,credit card,Takeaway,2023-03-31
2,2.0,1.0,2.0,digital wallet,Takeaway,2023-05-31
7,4.0,2.949984155487483,6.0,unknown,Unknown,2023-07-06
9,1.0,1.5,1.5,digital wallet,Unknown,2023-09-10
3,4.0,5.0,8.924352495262161,credit card,Unknown,2023-08-26
0,2.0,2.949984155487483,4.0,credit card,Unknown,2023-08-19
-1,2.0,4.0,8.0,cash,In-store,2023-08-27
1,2.0,3.0,6.0,digital wallet,In-store,2023-02-11
7,3.0,1.5,4.5,cash,Unknown,2023-05-22
9,5.0,1.5,7.5,unknown,In-store,2023-01-25
8,1.0,3.0,3.0,cash,In-store,2023-01-10
2,1.0,1.0,1.0,credit card,Unknown,2023-11-15
-1,2.0,4.0,8.0,digital wallet,Takeaway,2023-02-19
4,5.0,4.0,20.0,digital wallet,Takeaway,2023-03-17
2,4.0,1.0,4.0,cash,Takeaway,2023-06-08
3,5.0,5.0,8.924352495262161,cash,In-store,2023-12-10
2,5.0,1.0,5.0,cash,In-store,2023-03-18
3,1.0,5.0,5.0,credit card,Unknown,2023-11-15
3,4.0,5.0,20.0,credit card,Unknown,2023-02-23
7,3.0,3.0,9.0,digital wallet,Takeaway,2023-03-05
2,2.0,1.0,2.0,unknown,Unknown,2023-10-17
0,1.0,2.0,2.0,credit card,Takeaway,2023-02-10
6,5.0,4.0,20.0,cash,In-store,2023-01-01
1,4.0,3.0,12.0,cash,In-store,2023-07-17
-1,4.0,2.0,8.0,cash,Takeaway,2023-03-30
6,1.0,4.0,4.0,cash,UNKNOWN,2023-06-19
2,2.0,1.0,2.0,digital wallet,Takeaway,2023-09-20
9,3.028463396702027,1.5,3.0,digital wallet,In-store,2023-02-21
4,3.0,4.0,12.0,credit card,In-store,2023-10-04
1,5.0,3.0,15.0,cash,Unknown,2023-09-19
3,5.0,5.0,25.0,credit card,In-store,2023-12-08
4,3.0,4.0,12.0,digital wallet,In-store,2023-09-11
4,1.0,4.0,4.0,unknown,In-store,2023-05-02
4,4.0,4.0,8.924352495262161,credit card,Unknown,2023-02-10
1,5.0,3.0,15.0,digital wallet,In-store,2023-04-20
1,5.0,3.0,15.0,cash,Unknown,2023-07-05
8,3.0,3.0,9.0,credit card,Unknown,2023-07-31
1,3.028463396702027,3.0,9.0,cash,ERROR,2023-12-03
6,1.0,4.0,4.0,credit card,Unknown,2023-05-20
4,5.0,4.0,20.0,credit card,Takeaway,2023-04-04
4,3.028463396702027,4.0,8.0,unknown,Takeaway,2023-02-06
0,3.0,2.0,6.0,unknown,Unknown,2023-05-14
4,3.0,4.0,12.0,cash,In-store,2023-05-21
9,2.0,1.5,3.0,credit card,Takeaway,2023-09-10
6,5.0,4.0,20.0,cash,In-store,2023-09-30
1,1.0,3.0,3.0,cash,Unknown,2023-12-29
8,3.0,3.0,9.0,unknown,In-store,2023-07-20
9,5.0,1.5,7.5,digital wallet,In-store,2023-01-28
0,3.0,2.949984155487483,6.0,unknown,In-store,2023-04-19
6,4.0,4.0,16.0,cash,Takeaway,2023-05-02
7,4.0,1.5,6.0,credit card,Takeaway,2023-08-20
8,4.0,3.0,12.0,unknown,In-store,2023-02-14
3,4.0,5.0,20.0,digital wallet,Unknown,2023-04-06
0,3.0,2.0,6.0,cash,Takeaway,2023-03-03
8,2.0,3.0,6.0,credit card,Takeaway,2023-06-30
9,4.0,1.5,6.0,digital wallet,In-store,2023-12-03
1,4.0,3.0,12.0,digital wallet,In-store,2023-09-10
3,3.0,5.0,15.0,error,Takeaway,2023-10-10
3,4.0,5.0,20.0,unknown,In-store,2023-11-07
5,3.028463396702027,5.0,10.0,cash,Unknown,2023-11-12
1,5.0,3.0,15.0,cash,Takeaway,2023-06-09
3,5.0,5.0,25.0,digital wallet,ERROR,2023-03-12
2,4.0,1.0,4.0,credit card,Takeaway,2023-12-25
9,1.0,1.5,1.5,cash,Unknown,2023-12-28
8,5.0,3.0,15.0,digital wallet,ERROR,2023-02-06
0,5.0,2.0,10.0,cash,Takeaway,2023-06-05
9,1.0,1.5,1.5,digital wallet,Takeaway,2023-04-14
8,1.0,3.0,3.0,digital wallet,Unknown,2023-05-19
0,5.0,2.0,10.0,unknown,In-store,2023-11-27
2,3.0,1.0,3.0,digital wallet,Unknown,2023-08-26
7,1.0,5.0,5.0,error,Unknown,2023-06-09
6,5.0,4.0,20.0,unknown,Unknown,2023-08-07
4,4.0,4.0,16.0,unknown,Unknown,2023-06-23
3,3.028463396702027,5.0,5.0,unknown,Unknown,2023-11-25
6,5.0,4.0,20.0,cash,In-store,2023-10-17
9,3.028463396702027,1.5,6.0,credit card,Unknown,2023-06-23
3,3.0,5.0,15.0,credit card,In-store,2023-10-14
4,4.0,4.0,16.0,credit card,Unknown,2023-05-24
3,4.0,5.0,20.0,unknown,Unknown,2023-04-09
4,4.0,4.0,16.0,digital wallet,Unknown,2023-04-30
3,4.0,5.0,20.0,credit card,In-store,2023-09-26
8,3.0,3.0,9.0,cash,Takeaway,2023-02-19
8,1.0,3.0,3.0,credit card,Unknown,2023-03-21
2,3.028463396702027,1.0,5.0,unknown,In-store,2023-03-07
8,1.0,2.949984155487483,3.0,digital wallet,In-store,2023-09-26
6,5.0,4.0,20.0,digital wallet,In-store,2023-07-26
8,1.0,3.0,3.0,cash,Unknown,2023-03-14
0,4.0,2.0,8.0,unknown,In-store,2023-10-26
4,2.0,4.0,8.0,digital wallet,In-store,2023-07-24
8,5.0,3.0,15.0,credit card,Unknown,2023-03-09
2,2.0,1.0,2.0,digital wallet,In-store,2023-02-20
1,3.028463396702027,3.0,6.0,digital wallet,In-store,2023-04-27
1,1.0,3.0,3.0,credit card,In-store,2023-10-10
9,5.0,1.5,7.5,unknown,In-store,2023-10-04
1,5.0,3.0,15.0,cash,ERROR,2023-09-15
3,1.0,5.0,5.0,digital wallet,In-store,2023-02-06
9,3.0,1.5,4.5,cash,Takeaway,2023-09-22
6,4.0,4.0,16.0,digital wallet,Unknown,2023-04-22
4,4.0,4.0,16.0,credit card,Unknown,2023-07-05
0,1.0,2.0,2.0,digital wallet,Takeaway,2023-06-01
3,3.0,5.0,15.0,unknown,Unknown,2023-02-09
1,1.0,3.0,3.0,unknown,In-store,2023-02-06
0,1.0,2.0,2.0,digital wallet,Takeaway,2023-11-04
8,5.0,3.0,15.0,cash,In-store,2023-02-20
0,5.0,2.0,10.0,unknown,In-store,2023-08-05
5,5.0,3.0,8.924352495262161,unknown,Unknown,2023-02-06
7,4.0,1.5,6.0,digital wallet,Unknown,2023-04-03
9,5.0,1.5,7.5,unknown,Takeaway,2023-07-12
8,4.0,3.0,12.0,unknown,Unknown,2023-04-21
4,5.0,4.0,20.0,digital wallet,Unknown,2023-02-10
4,2.0,4.0,8.0,unknown,In-store,2023-02-06
6,5.0,4.0,8.924352495262161,credit card,In-store,2023-01-02
4,4.0,2.949984155487483,16.0,unknown,Takeaway,2023-09-01
8,5.0,3.0,15.0,cash,In-store,2023-06-29
1,3.0,3.0,9.0,unknown,Takeaway,2023-09-26
2,3.0,1.0,8.924352495262161,digital wallet,Takeaway,2023-11-24
6,3.0,4.0,12.0,cash,Unknown,2023-06-07
9,1.0,1.5,1.5,unknown,In-store,2023-08-10
7,3.0,2.0,6.0,unknown,In-store,2023-03-08
9,2.0,1.5,3.0,digital wallet,In-store,2023-08-17
0,1.0,2.0,2.0,unknown,Takeaway,2023-05-18
6,1.0,4.0,4.0,credit card,Unknown,2023-08-28
4,3.0,4.0,12.0,cash,In-store,2023-05-26
8,3.0,3.0,9.0,cash,Unknown,2023-09-03
8,5.0,3.0,15.0,unknown,Unknown,2023-12-01
0,1.0,2.0,2.0,digital wallet,Unknown,2023-03-27
1,4.0,3.0,12.0,unknown,UNKNOWN,2023-12-09
6,2.0,4.0,8.0,cash,In-store,2023-09-07
9,3.0,1.5,4.5,digital wallet,In-store,2023-01-01
-1,3.0,3.0,9.0,unknown,Takeaway,2023-04-08
9,5.0,1.5,7.5,unknown,Unknown,2023-02-06
3,2.0,2.949984155487483,10.0,unknown,Unknown,2023-01-06
6,3.0,2.949984155487483,12.0,digital wallet,ERROR,2023-08-01
8,3.0,3.0,9.0,digital wallet,Takeaway,2023-04-18
1,4.0,3.0,12.0,digital wallet,In-store,2023-06-15
-1,4.0,4.0,16.0,digital wallet,Takeaway,2023-02-02
0,2.0,2.0,4.0,cash,UNKNOWN,2023-06-29
6,2.0,4.0,8.0,cash,Takeaway,2023-09-06
0,3.0,2.0,6.0,credit card,In-store,2023-05-02
9,5.0,1.5,7.5,cash,Unknown,2023-03-22
3,1.0,5.0,5.0,digital wallet,Takeaway,2023-10-28
4,4.0,4.0,16.0,unknown,In-store,2023-11-14
7,5.0,5.0,25.0,digital wallet,In-store,2023-02-16
5,2.0,1.5,3.0,unknown,Takeaway,2023-02-05
0,5.0,2.0,10.0,cash,Unknown,2023-09-15
0,2.0,2.0,4.0,cash,Unknown,2023-12-08
2,2.0,1.0,2.0,credit card,In-store,2023-12-28
0,2.0,2.0,4.0,cash,Unknown,2023-04-17
4,2.0,4.0,8.0,cash,Unknown,2023-05-14
1,5.0,3.0,15.0,credit card,In-store,2023-06-15
0,5.0,2.0,10.0,unknown,In-store,2023-04-24
9,5.0,1.5,7.5,error,Unknown,2023-06-12
1,2.0,2.949984155487483,6.0,credit card,Takeaway,2023-06-14
4,1.0,4.0,4.0,credit card,ERROR,2023-05-02
2,3.0,1.0,3.0,unknown,Unknown,2023-02-17
9,5.0,2.949984155487483,7.5,credit card,Unknown,2023-09-16
6,5.0,4.0,20.0,unknown,In-store,2023-11-22
2,1.0,1.0,1.0,unknown,Takeaway,2023-05-07
0,2.0,2.0,4.0,digital wallet,UNKNOWN,2023-08-15
7,3.0,3.0,9.0,unknown,Unknown,2023-04-16
3,4.0,5.0,20.0,unknown,Unknown,2023-04-08
9,4.0,1.5,6.0,digital wallet,Unknown,2023-03-26
4,3.0,4.0,12.0,credit card,Takeaway,2023-04-04
3,5.0,5.0,25.0,unknown,Takeaway,2023-11-24
8,5.0,3.0,15.0,digital wallet,Takeaway,2023-10-23
8,1.0,3.0,3.0,unknown,In-store,2023-12-05
6,4.0,4.0,16.0,cash,In-store,2023-07-20
6,1.0,4.0,4.0,digital wallet,Takeaway,2023-03-10
3,2.0,5.0,10.0,cash,In-store,2023-07-21
1,3.0,3.0,9.0,credit card,In-store,2023-01-30
2,5.0,1.0,5.0,digital wallet,Takeaway,2023-02-06
4,1.0,4.0,4.0,unknown,Takeaway,2023-11-30
5,3.0,5.0,15.0,digital wallet,In-store,2023-03-22
6,2.0,4.0,8.0,unknown,Unknown,2023-01-27
8,4.0,2.949984155487483,12.0,credit card,Unknown,2023-10-22
5,1.0,3.0,3.0,credit card,Takeaway,2023-02-18
6,1.0,4.0,4.0,credit card,Takeaway,2023-05-24
8,4.0,3.0,12.0,credit card,Unknown,2023-11-30
7,3.0,4.0,8.924352495262161,digital wallet,In-store,2023-05-23
8,3.0,3.0,9.0,credit card,UNKNOWN,2023-11-07
8,5.0,3.0,8.924352495262161,unknown,In-store,2023-04-01
4,3.0,4.0,12.0,digital wallet,Takeaway,2023-06-24
4,5.0,4.0,20.0,unknown,Unknown,2023-10-26
1,5.0,3.0,15.0,digital wallet,Takeaway,2023-11-16
3,4.0,5.0,20.0,cash,Unknown,2023-12-20
2,4.0,1.0,4.0,digital wallet,In-store,2023-06-27
2,3.0,1.0,3.0,cash,ERROR,2023-08-27
9,2.0,1.5,3.0,unknown,Unknown,2023-06-28
8,4.0,3.0,12.0,credit card,Unknown,2023-12-22
8,4.0,3.0,12.0,credit card,Takeaway,2023-12-03
4,3.0,4.0,8.924352495262161,unknown,Unknown,2023-04-20
0,3.0,2.0,6.0,credit card,Unknown,2023-07-22
4,3.0,4.0,12.0,unknown,Takeaway,2023-05-17
0,1.0,2.0,2.0,digital wallet,Unknown,2023-07-14
5,3.0,2.0,6.0,digital wallet,In-store,2023-06-23
3,4.0,5.0,20.0,error,Takeaway,2023-06-19
9,2.0,1.5,3.0,cash,UNKNOWN,2023-01-20
0,5.0,2.0,10.0,unknown,Unknown,2023-12-06
0,5.0,2.0,10.0,digital wallet,Takeaway,2023-01-06
1,2.0,2.949984155487483,6.0,unknown,In-store,2023-07-06
0,3.0,2.0,6.0,cash,ERROR,2023-08-13
4,1.0,4.0,4.0,error,Takeaway,2023-01-05
2,3.028463396702027,1.0,1.0,credit card,Takeaway,2023-07-26
1,1.0,3.0,3.0,cash,In-store,2023-12-21
9,4.0,2.949984155487483,6.0,credit card,In-store,2023-12-25
4,4.0,4.0,16.0,digital wallet,ERROR,2023-02-28
8,3.0,3.0,9.0,unknown,In-store,2023-08-21
0,1.0,2.0,2.0,unknown,Unknown,2023-08-12
3,1.0,5.0,5.0,unknown,Unknown,2023-01-19
4,2.0,4.0,8.0,cash,In-store,2023-01-12
4,4.0,4.0,8.924352495262161,digital wallet,In-store,2023-11-10
8,2.0,3.0,6.0,unknown,In-store,2023-04-17
2,2.0,1.0,2.0,unknown,Unknown,2023-07-28
9,3.0,1.5,4.5,digital wallet,Takeaway,2023-04-29
1,4.0,3.0,12.0,credit card,Takeaway,2023-05-08
3,3.0,5.0,8.924352495262161,error,Takeaway,2023-04-26
6,5.0,4.0,20.0,error,Unknown,2023-02-06
4,1.0,4.0,4.0,unknown,In-store,2023-12-27
-1,3.0,2.949984155487483,3.0,digital wallet,Unknown,2023-06-24
8,3.0,3.0,9.0,credit card,In-store,2023-01-17
0,1.0,2.0,2.0,digital wallet,Takeaway,2023-03-20
4,2.0,4.0,8.0,credit card,In-store,2023-04-25
1,1.0,2.949984155487483,3.0,unknown,UNKNOWN,2023-04-17
8,2.0,3.0,6.0,cash,Unknown,2023-06-10
3,3.0,2.949984155487483,15.0,cash,Unknown,2023-05-17
9,5.0,2.949984155487483,7.5,error,UNKNOWN,2023-11-26
1,5.0,3.0,15.0,digital wallet,Takeaway,2023-08-27
2,1.0,1.0,1.0,unknown,In-store,2023-10-13
6,1.0,4.0,4.0,cash,In-store,2023-08-13
4,3.0,4.0,12.0,digital wallet,UNKNOWN,2023-06-24
2,3.0,1.0,3.0,unknown,In-store,2023-06-11
-1,3.028463396702027,2.0,2.0,digital wallet,Takeaway,2023-04-05
5,5.0,4.0,20.0,digital wallet,ERROR,2023-11-21
3,5.0,5.0,25.0,digital wallet,Unknown,2023-07-01
4,3.0,4.0,12.0,digital wallet,In-store,2023-11-23
3,3.0,5.0,15.0,credit card,Takeaway,2023-01-18
0,1.0,2.0,2.0,digital wallet,Unknown,2023-09-09
2,4.0,1.0,4.0,unknown,Takeaway,2023-04-27
9,3.0,1.5,4.5,credit card,In-store,2023-12-26
8,4.0,3.0,12.0,digital wallet,In-store,2023-02-28
0,1.0,2.0,2.0,credit card,In-store,2023-02-06
6,3.0,4.0,12.0,cash,Takeaway,2023-08-27
6,5.0,4.0,20.0,digital wallet,Unknown,2023-05-23
0,3.0,2.0,6.0,cash,In-store,2023-12-22
8,4.0,2.949984155487483,12.0,unknown,Takeaway,2023-10-30
3,3.0,5.0,15.0,digital wallet,Unknown,2023-02-06
9,2.0,1.5,3.0,unknown,Takeaway,2023-10-19
8,3.0,3.0,9.0,cash,In-store,2023-02-06
3,1.0,5.0,5.0,credit card,In-store,2023-09-19
0,3.0,2.0,6.0,credit card,Takeaway,2023-08-21
3,4.0,5.0,20.0,cash,Unknown,2023-09-25
1,3.0,3.0,9.0,digital wallet,Unknown,2023-11-30
6,5.0,4.0,20.0,credit card,Unknown,2023-03-13
4,3.0,4.0,12.0,unknown,ERROR,2023-05-05
0,4.0,2.0,8.0,digital wallet,In-store,2023-08-30
1,1.0,3.0,3.0,unknown,Takeaway,2023-12-17
2,4.0,2.949984155487483,4.0,digital wallet,Takeaway,2023-07-05
3,1.0,5.0,5.0,digital wallet,Takeaway,2023-07-18
6,1.0,4.0,4.0,digital wallet,Unknown,2023-08-12
5,3.028463396702027,5.0,20.0,cash,Unknown,2023-06-20
9,3.0,1.5,4.5,digital wallet,Takeaway,2023-03-13
8,2.0,3.0,6.0,credit card,ERROR,2023-11-12
6,2.0,4.0,8.0,credit card,In-store,2023-04-30
8,4.0,3.0,12.0,credit card,ERROR,2023-08-21
4,5.0,4.0,20.0,credit card,Unknown,2023-08-12
6,5.0,2.949984155487483,20.0,unknown,Takeaway,2023-06-23
0,1.0,2.0,2.0,unknown,UNKNOWN,2023-11-19
0,1.0,2.0,2.0,credit card,Takeaway,2023-10-03
0,4.0,2.0,8.0,credit card,Takeaway,2023-01-09
3,1.0,5.0,5.0,credit card,Takeaway,2023-08-09
6,5.0,4.0,20.0,unknown,Takeaway,2023-04-25
8,4.0,3.0,12.0,unknown,In-store,2023-06-30
2,3.0,1.0,3.0,unknown,In-store,2023-05-22
4,5.0,4.0,20.0,credit card,Takeaway,2023-06-17
4,4.0,4.0,16.0,credit card,Takeaway,2023-09-17
0,5.0,2.0,10.0,digital wallet,Unknown,2023-10-28
8,5.0,3.0,15.0,credit card,Unknown,2023-08-12
3,4.0,5.0,20.0,digital wallet,Unknown,2023-08-26
1,4.0,3.0,12.0,cash,Unknown,2023-06-30
9,3.0,1.5,4.5,cash,Unknown,2023-09-26
3,3.0,5.0,15.0,credit card,Takeaway,2023-03-05
0,5.0,2.949984155487483,10.0,cash,Takeaway,2023-07-06
3,1.0,5.0,5.0,credit card,In-store,2023-11-23
4,4.0,4.0,16.0,digital wallet,In-store,2023-11-13
0,2.0,2.0,4.0,digital wallet,In-store,2023-05-30
8,1.0,3.0,3.0,cash,In-store,2023-07-08
4,1.0,4.0,4.0,cash,In-store,2023-09-12
8,4.0,3.0,12.0,unknown,Takeaway,2023-03-15
3,2.0,5.0,10.0,digital wallet,Takeaway,2023-01-01
9,2.0,1.5,3.0,credit card,Takeaway,2023-12-16
8,1.0,3.0,3.0,digital wallet,Unknown,2023-02-14
4,1.0,2.949984155487483,4.0,credit card,UNKNOWN,2023-05-27
6,1.0,4.0,8.924352495262161,unknown,Takeaway,2023-01-30
8,1.0,3.0,3.0,unknown,In-store,2023-12-06
6,3.028463396702027,4.0,20.0,credit card,Takeaway,2023-09-26
0,1.0,2.0,2.0,unknown,In-store,2023-11-26
9,3.0,1.5,4.5,unknown,Unknown,2023-08-13
1,4.0,3.0,12.0,unknown,Takeaway,2023-07-17
0,5.0,2.0,10.0,unknown,Takeaway,2023-07-21
1,2.0,3.0,6.0,unknown,Unknown,2023-08-10
6,1.0,4.0,4.0,credit card,Unknown,2023-08-03
4,3.028463396702027,4.0,4.0,credit card,Unknown,2023-10-03
0,2.0,2.0,4.0,digital wallet,In-store,2023-02-13
4,2.0,4.0,8.0,digital wallet,Takeaway,2023-02-06
1,2.0,3.0,6.0,cash,In-store,2023-03-02
6,3.028463396702027,4.0,12.0,cash,Takeaway,2023-04-06
2,2.0,2.949984155487483,2.0,digital wallet,Takeaway,2023-08-06
3,5.0,5.0,25.0,unknown,In-store,2023-10-07
8,3.028463396702027,3.0,15.0,digital wallet,Unknown,2023-08-04
8,1.0,3.0,3.0,unknown,Unknown,2023-07-29
6,2.0,4.0,8.0,digital wallet,Unknown,2023-06-26
2,1.0,1.0,1.0,cash,Unknown,2023-07-09
6,3.0,4.0,12.0,credit card,In-store,2023-04-13
2,2.0,1.0,2.0,unknown,Takeaway,2023-09-01
4,3.0,4.0,12.0,credit card,In-store,2023-11-06
8,3.0,3.0,9.0,unknown,Takeaway,2023-11-22
6,5.0,4.0,20.0,digital wallet,Takeaway,2023-03-05
1,3.0,3.0,9.0,unknown,Takeaway,2023-09-14
4,3.0,4.0,12.0,unknown,In-store,2023-10-08
2,4.0,1.0,4.0,unknown,Takeaway,2023-10-12
4,3.0,4.0,12.0,unknown,ERROR,2023-07-15
8,5.0,3.0,15.0,unknown,ERROR,2023-01-08
9,3.0,1.5,8.924352495262161,digital wallet,Takeaway,2023-02-06
-1,5.0,3.0,15.0,digital wallet,Takeaway,2023-04-24
0,5.0,2.0,10.0,digital wallet,Unknown,2023-12-27
5,2.0,1.0,2.0,digital wallet,Takeaway,2023-10-21
1,1.0,3.0,3.0,digital wallet,Unknown,2023-03-20
0,3.028463396702027,2.0,4.0,unknown,Unknown,2023-11-25
7,4.0,2.0,8.0,unknown,In-store,2023-01-24
3,2.0,5.0,10.0,cash,Unknown,2023-04-06
8,4.0,3.0,12.0,cash,Unknown,2023-05-18
0,5.0,2.0,10.0,digital wallet,Takeaway,2023-05-28
1,3.0,2.949984155487483,9.0,credit card,Unknown,2023-05-05
3,3.0,5.0,15.0,cash,In-store,2023-09-01
1,2.0,3.0,6.0,cash,ERROR,2023-10-22
1,1.0,3.0,3.0,unknown,In-store,2023-09-06
4,2.0,4.0,8.0,error,UNKNOWN,2023-03-24
6,1.0,4.0,4.0,cash,Takeaway,2023-02-06
9,2.0,1.5,3.0,credit card,Takeaway,2023-08-13
8,2.0,2.949984155487483,6.0,credit card,Takeaway,2023-10-13
9,5.0,1.5,7.5,unknown,Unknown,2023-02-15
8,4.0,3.0,12.0,unknown,Takeaway,2023-05-08
1,3.028463396702027,3.0,12.0,credit card,In-store,2023-03-03
8,3.0,3.0,9.0,cash,UNKNOWN,2023-04-11
9,1.0,1.5,1.5,unknown,In-store,2023-10-26
8,2.0,3.0,6.0,credit card,In-store,2023-02-27
9,2.0,1.5,3.0,unknown,Takeaway,2023-04-01
3,2.0,5.0,10.0,credit card,Takeaway,2023-01-06
3,5.0,5.0,25.0,cash,Takeaway,2023-08-03
9,3.0,1.5,4.5,cash,Takeaway,2023-12-25
6,5.0,4.0,20.0,unknown,Unknown,2023-11-26
9,1.0,1.5,1.5,unknown,Takeaway,2023-02-06
7,1.0,1.5,1.5,credit card,In-store,2023-08-14
4,2.0,4.0,8.0,digital wallet,Unknown,2023-05-11
8,4.0,3.0,8.924352495262161,cash,In-store,2023-09-19
5,2.0,4.0,8.924352495262161,credit card,Unknown,2023-06-16
3,3.0,5.0,15.0,cash,Unknown,2023-07-18
8,3.0,3.0,9.0,credit card,Takeaway,2023-02-20
0,4.0,2.0,8.0,credit card,In-store,2023-12-06
4,5.0,4.0,20.0,credit card,Unknown,2023-09-22
2,4.0,1.0,4.0,digital wallet,In-store,2023-02-13
1,2.0,3.0,6.0,digital wallet,Unknown,2023-05-10
8,5.0,3.0,15.0,unknown,Takeaway,2023-01-14
1,4.0,3.0,8.924352495262161,unknown,Unknown,2023-04-13
7,2.0,1.0,2.0,cash,UNKNOWN,2023-02-06
3,5.0,5.0,25.0,cash,Takeaway,2023-06-06
-1,3.0,4.0,12.0,unknown,Unknown,2023-02-03
8,5.0,3.0,15.0,unknown,Takeaway,2023-12-03
6,3.0,4.0,12.0,unknown,In-store,2023-07-12
0,4.0,2.0,8.0,unknown,In-store,2023-11-17
0,3.0,2.949984155487483,6.0,digital wallet,In-store,2023-07-16
4,1.0,4.0,4.0,unknown,In-store,2023-10-06
5,4.0,4.0,16.0,credit card,In-store,2023-04-05
8,5.0,3.0,15.0,cash,Takeaway,2023-10-10
0,3.0,2.0,6.0,digital wallet,Takeaway,2023-02-06
-1,3.028463396702027,2.0,2.0,digital wallet,Takeaway,2023-12-08
9,1.0,1.5,8.924352495262161,unknown,In-store,2023-08-21
8,2.0,3.0,6.0,credit card,In-store,2023-01-17
3,1.0,5.0,5.0,unknown,Takeaway,2023-02-13
9,4.0,1.5,6.0,unknown,Unknown,2023-05-29
3,5.0,5.0,25.0,credit card,Takeaway,2023-01-20
2,1.0,1.0,1.0,unknown,In-store,2023-05-21
8,5.0,3.0,15.0,digital wallet,In-store,2023-01-10
6,5.0,2.949984155487483,20.0,unknown,Takeaway,2023-04-20
2,4.0,1.0,4.0,credit card,In-store,2023-12-06
1,1.0,3.0,3.0,cash,Unknown,2023-06-04
3,3.0,5.0,15.0,cash,In-store,2023-12-29
6,3.028463396702027,4.0,12.0,credit card,Unknown,2023-02-05
1,4.0,3.0,12.0,credit card,Unknown,2023-05-21
3,4.0,5.0,20.0,credit card,Takeaway,2023-08-16
7,5.0,3.0,15.0,unknown,Unknown,2023-04-19
4,4.0,4.0,16.0,credit card,In-store,2023-12-23
0,2.0,2.0,8.924352495262161,unknown,In-store,2023-04-13
2,4.0,1.0,4.0,cash,Unknown,2023-06-21
9,2.0,1.5,3.0,unknown,Takeaway,2023-05-17
4,1.0,4.0,4.0,credit card,Takeaway,2023-06-28
4,4.0,4.0,16.0,digital wallet,Unknown,2023-11-21
6,3.0,4.0,12.0,cash,Unknown,2023-05-08
4,2.0,4.0,8.0,credit card,Takeaway,2023-11-06
4,2.0,4.0,8.0,credit card,Unknown,2023-11-18
0,4.0,2.0,8.0,digital wallet,UNKNOWN,2023-09-05
5,5.0,1.5,7.5,digital wallet,UNKNOWN,2023-11-24
1,4.0,3.0,12.0,credit card,Takeaway,2023-08-14
5,3.0,2.0,6.0,cash,Unknown,2023-05-31
1,5.0,3.0,15.0,error,Takeaway,2023-07-15
3,5.0,2.949984155487483,25.0,credit card,ERROR,2023-11-06
4,4.0,4.0,16.0,credit card,Unknown,2023-10-18
9,5.0,2.949984155487483,7.5,unknown,Unknown,2023-11-15
4,5.0,4.0,20.0,credit card,In-store,2023-02-10
2,3.0,1.0,3.0,cash,Takeaway,2023-01-26
6,2.0,4.0,8.0,digital wallet,ERROR,2023-09-23
6,2.0,4.0,8.0,credit card,In-store,2023-05-29
6,3.0,4.0,12.0,cash,Unknown,2023-01-25
6,3.0,4.0,12.0,credit card,Unknown,2023-11-01
7,5.0,5.0,25.0,unknown,Takeaway,2023-07-06
0,4.0,2.0,8.924352495262161,unknown,Unknown,2023-03-22
6,3.0,4.0,12.0,credit card,Unknown,2023-06-26
9,2.0,1.5,3.0,digital wallet,Unknown,2023-01-14
8,2.0,3.0,6.0,cash,Unknown,2023-11-09
1,2.0,3.0,6.0,unknown,Unknown,2023-12-14
1,2.0,3.0,6.0,error,Unknown,2023-01-08
2,1.0,1.0,8.924352495262161,credit card,Unknown,2023-02-06
9,3.0,1.5,4.5,credit card,Takeaway,2023-02-20
5,3.0,2.0,6.0,credit card,In-store,2023-04-10
0,3.0,2.0,6.0,unknown,In-store,2023-02-09
4,2.0,4.0,8.0,unknown,Unknown,2023-09-08
2,2.0,1.0,2.0,digital wallet,Unknown,2023-07-08
1,5.0,3.0,8.924352495262161,digital wallet,Unknown,2023-09-04
4,3.0,4.0,12.0,digital wallet,Unknown,2023-04-06
4,1.0,4.0,4.0,unknown,Unknown,2023-06-01
8,1.0,3.0,3.0,cash,Unknown,2023-11-10
8,3.0,3.0,9.0,cash,Takeaway,2023-08-16
6,5.0,4.0,20.0,unknown,In-store,2023-03-02
0,2.0,2.0,8.924352495262161,cash,Unknown,2023-08-29
-1,2.0,3.0,6.0,credit card,In-store,2023-06-24
6,3.0,4.0,12.0,unknown,Takeaway,2023-08-22
3,3.0,5.0,15.0,digital wallet,In-store,2023-06-25
4,2.0,4.0,8.0,error,In-store,2023-12-20
5,4.0,4.0,16.0,credit card,Unknown,2023-02-06
4,5.0,4.0,20.0,digital wallet,Unknown,2023-12-11
3,5.0,5.0,25.0,credit card,UNKNOWN,2023-01-04
3,3.0,5.0,15.0,credit card,In-store,2023-05-29
-1,2.0,1.5,3.0,cash,In-store,2023-09-12
7,2.0,2.949984155487483,8.0,unknown,UNKNOWN,2023-12-04
1,1.0,3.0,3.0,credit card,In-store,2023-06-14
6,2.0,2.949984155487483,8.924352495262161,unknown,Unknown,2023-11-08
1,5.0,3.0,15.0,credit card,Unknown,2023-02-05
0,5.0,2.0,10.0,digital wallet,Takeaway,2023-04-18
6,5.0,4.0,20.0,credit card,In-store,2023-05-16
9,2.0,1.5,3.0,cash,Unknown,2023-08-17
2,5.0,1.0,5.0,credit card,Unknown,2023-10-06
3,5.0,5.0,25.0,unknown,In-store,2023-01-23
0,2.0,2.0,4.0,unknown,ERROR,2023-01-22
4,4.0,4.0,16.0,digital wallet,Unknown,2023-08-01
6,3.028463396702027,4.0,8.0,unknown,Unknown,2023-09-07
5,2.0,3.0,6.0,digital wallet,Unknown,2023-06-24
2,4.0,1.0,4.0,credit card,Unknown,2023-11-12
0,4.0,2.0,8.0,credit card,Unknown,2023-03-26
8,5.0,3.0,15.0,credit card,Unknown,2023-07-05
4,3.0,4.0,12.0,error,ERROR,2023-02-01
0,5.0,2.0,10.0,digital wallet,ERROR,2023-01-01
4,3.0,4.0,12.0,cash,Unknown,2023-11-19
1,2.0,2.949984155487483,6.0,unknown,Unknown,2023-12-01
0,4.0,2.0,8.0,credit card,UNKNOWN,2023-09-07
8,2.0,3.0,6.0,cash,Takeaway,2023-12-15
0,5.0,2.0,10.0,unknown,Unknown,2023-10-30
3,5.0,5.0,25.0,unknown,Unknown,2023-07-28
6,1.0,4.0,4.0,credit card,Unknown,2023-10-11
6,2.0,4.0,8.0,digital wallet,UNKNOWN,2023-06-25
2,1.0,1.0,1.0,digital wallet,Takeaway,2023-04-30
7,4.0,3.0,12.0,unknown,In-store,2023-10-25
0,3.028463396702027,2.0,4.0,credit card,Takeaway,2023-12-01
9,2.0,2.949984155487483,3.0,digital wallet,In-store,2023-10-13
3,1.0,5.0,5.0,unknown,In-store,2023-01-11
1,1.0,3.0,3.0,unknown,Unknown,2023-09-14
0,3.0,2.0,6.0,unknown,Takeaway,2023-01-28
4,5.0,4.0,20.0,unknown,ERROR,2023-02-06
0,4.0,2.0,8.0,unknown,Takeaway,2023-02-18
8,3.0,2.949984155487483,9.0,cash,Unknown,2023-11-07
0,3.0,2.0,6.0,unknown,Takeaway,2023-09-30
9,3.0,1.5,4.5,credit card,Takeaway,2023-07-02
3,5.0,2.949984155487483,25.0,credit card,Takeaway,2023-11-11
4,5.0,4.0,20.0,cash,Takeaway,2023-08-20
9,2.0,1.5,3.0,cash,Takeaway,2023-02-06
7,3.0,2.0,6.0,cash,Unknown,2023-02-28
4,1.0,4.0,4.0,unknown,In-store,2023-02-17
7,3.028463396702027,1.5,3.0,unknown,Takeaway,2023-01-24
0,2.0,2.0,4.0,unknown,Takeaway,2023-06-17
8,3.0,3.0,9.0,credit card,ERROR,2023-04-23
2,1.0,1.0,1.0,unknown,Unknown,2023-04-28
8,2.0,3.0,6.0,error,Unknown,2023-01-15
3,2.0,5.0,10.0,digital wallet,Unknown,2023-05-05
2,3.0,1.0,3.0,cash,ERROR,2023-05-18
2,1.0,1.0,1.0,unknown,Unknown,2023-03-13
4,4.0,4.0,16.0,unknown,Unknown,2023-12-07
8,4.0,3.0,12.0,unknown,Unknown,2023-05-05
7,2.0,4.0,8.0,credit card,In-store,2023-11-15
5,3.0,1.5,8.924352495262161,digital wallet,Unknown,2023-07-26
4,5.0,4.0,20.0,cash,Unknown,2023-06-23
3,5.0,5.0,25.0,unknown,Unknown,2023-07-16
8,3.028463396702027,3.0,9.0,unknown,Takeaway,2023-05-24
3,2.0,5.0,10.0,unknown,Takeaway,2023-08-05
8,2.0,3.0,6.0,unknown,Unknown,2023-06-15
7,5.0,4.0,20.0,digital wallet,Unknown,2023-01-25
0,4.0,2.0,8.0,credit card,Takeaway,2023-10-11
5,4.0,2.949984155487483,8.924352495262161,error,Unknown,2023-12-09
9,4.0,1.5,6.0,unknown,Unknown,2023-10-23
3,4.0,5.0,20.0,credit card,In-store,2023-06-18
9,1.0,1.5,1.5,cash,Takeaway,2023-08-01
3,4.0,5.0,20.0,cash,In-store,2023-08-06
1,3.0,3.0,9.0,cash,ERROR,2023-05-26
0,3.0,2.0,6.0,unknown,Unknown,2023-01-20
3,5.0,5.0,25.0,unknown,Takeaway,2023-07-16
9,1.0,1.5,1.5,error,Unknown,2023-01-09
4,5.0,4.0,20.0,credit card,ERROR,2023-05-04
2,2.0,1.0,2.0,digital wallet,Unknown,2023-02-23
4,3.0,4.0,12.0,error,Takeaway,2023-08-15
8,1.0,3.0,3.0,credit card,UNKNOWN,2023-09-11
5,1.0,4.0,4.0,credit card,In-store,2023-01-07
0,5.0,2.0,10.0,unknown,Takeaway,2023-10-10
3,2.0,5.0,10.0,unknown,In-store,2023-06-27
4,2.0,4.0,8.0,unknown,Unknown,2023-03-24
9,2.0,1.5,3.0,credit card,Takeaway,2023-02-21
6,1.0,4.0,4.0,credit card,Unknown,2023-01-18
3,3.028463396702027,5.0,15.0,credit card,In-store,2023-08-10
9,4.0,1.5,6.0,credit card,Takeaway,2023-02-21
3,4.0,5.0,20.0,credit card,Unknown,2023-03-22
0,5.0,2.0,10.0,cash,Unknown,2023-11-13
4,4.0,4.0,16.0,cash,Unknown,2023-05-24
3,3.0,2.949984155487483,15.0,unknown,In-store,2023-09-03
0,2.0,2.0,4.0,digital wallet,Takeaway,2023-11-05
6,5.0,2.949984155487483,20.0,cash,Takeaway,2023-05-17
1,2.0,3.0,6.0,unknown,Takeaway,2023-02-07
0,1.0,2.0,2.0,cash,In-store,2023-06-17
3,2.0,5.0,10.0,credit card,In-store,2023-01-07
8,4.0,2.949984155487483,12.0,error,Takeaway,2023-05-15
2,3.0,1.0,3.0,credit card,Unknown,2023-02-15
4,1.0,4.0,4.0,credit card,Takeaway,2023-10-21
9,3.0,1.5,4.5,credit card,In-store,2023-11-06
3,3.0,5.0,15.0,cash,Unknown,2023-06-25
4,4.0,2.949984155487483,16.0,credit card,Unknown,2023-03-24
6,4.0,4.0,16.0,credit card,Takeaway,2023-10-13
5,1.0,1.0,1.0,error,Unknown,2023-04-19
7,1.0,4.0,4.0,unknown,ERROR,2023-10-04
-1,2.0,2.0,4.0,unknown,Unknown,2023-08-26
0,4.0,2.0,8.0,cash,Takeaway,2023-09-13
3,3.028463396702027,2.949984155487483,5.0,unknown,In-store,2023-03-01
2,2.0,1.0,2.0,credit card,Takeaway,2023-10-16
4,1.0,4.0,4.0,cash,Takeaway,2023-05-08
2,3.0,1.0,3.0,cash,In-store,2023-05-29
6,1.0,4.0,4.0,digital wallet,Takeaway,2023-02-01
2,5.0,1.0,5.0,credit card,Takeaway,2023-07-28
4,1.0,4.0,4.0,digital wallet,Takeaway,2023-06-25
2,3.0,1.0,3.0,digital wallet,Unknown,2023-05-30
2,1.0,1.0,1.0,unknown,In-store,2023-06-27
9,2.0,1.5,3.0,credit card,ERROR,2023-08-30
0,3.028463396702027,2.0,10.0,digital wallet,Takeaway,2023-08-17
9,5.0,1.5,7.5,digital wallet,In-store,2023-07-16
0,1.0,2.0,2.0,cash,Takeaway,2023-02-06
3,4.0,5.0,20.0,unknown,Unknown,2023-05-20
9,5.0,2.949984155487483,7.5,credit card,UNKNOWN,2023-02-06
4,5.0,4.0,20.0,unknown,In-store,2023-06-04
4,4.0,4.0,16.0,cash,Unknown,2023-07-09
1,2.0,3.0,6.0,unknown,Unknown,2023-02-14
3,3.0,5.0,15.0,digital wallet,UNKNOWN,2023-07-19
0,1.0,2.949984155487483,2.0,unknown,Takeaway,2023-04-26
4,5.0,4.0,20.0,cash,Takeaway,2023-09-27
6,5.0,4.0,20.0,credit card,In-store,2023-03-06
4,4.0,4.0,16.0,unknown,Unknown,2023-10-20
9,5.0,1.5,7.5,credit card,Unknown,2023-03-21
9,4.0,1.5,6.0,cash,Takeaway,2023-02-06
6,5.0,4.0,20.0,digital wallet,Takeaway,2023-01-11
9,4.0,1.5,8.924352495262161,digital wallet,In-store,2023-01-30
0,2.0,2.0,4.0,cash,In-store,2023-09-27
1,2.0,3.0,6.0,cash,In-store,2023-02-11
8,3.0,3.0,9.0,cash,In-store,2023-01-25
9,5.0,1.5,7.5,digital wallet,UNKNOWN,2023-10-19
6,2.0,2.949984155487483,8.0,digital wallet,Unknown,2023-02-06
4,1.0,2.949984155487483,4.0,credit card,In-store,2023-07-15
4,3.0,4.0,12.0,unknown,UNKNOWN,2023-04-25
1,3.0,3.0,9.0,credit card,Unknown,2023-05-11
9,3.028463396702027,1.5,7.5,credit card,In-store,2023-10-24
1,3.0,3.0,9.0,unknown,In-store,2023-10-30
9,3.0,1.5,4.5,cash,In-store,2023-08-10
6,1.0,4.0,4.0,credit card,ERROR,2023-11-07
0,1.0,2.0,2.0,unknown,In-store,2023-10-06
3,1.0,5.0,5.0,credit card,Takeaway,2023-04-06
-1,3.0,3.0,8.924352495262161,unknown,Takeaway,2023-10-25
3,4.0,5.0,8.924352495262161,unknown,In-store,2023-03-03
4,4.0,4.0,16.0,unknown,In-store,2023-03-03
2,4.0,1.0,4.0,cash,Unknown,2023-05-13
6,3.0,4.0,8.924352495262161,credit card,Unknown,2023-08-12
1,4.0,3.0,12.0,digital wallet,Unknown,2023-06-21
1,5.0,3.0,15.0,digital wallet,In-store,2023-06-06
9,1.0,1.5,1.5,credit card,Unknown,2023-05-03
0,2.0,2.0,4.0,digital wallet,Takeaway,2023-10-06
5,1.0,4.0,4.0,cash,Unknown,2023-03-05
2,2.0,1.0,2.0,digital wallet,Takeaway,2023-05-10
-1,4.0,1.0,4.0,credit card,ERROR,2023-04-27
-1,5.0,4.0,20.0,credit card,In-store,2023-06-10
6,4.0,4.0,16.0,unknown,ERROR,2023-07-16
6,2.0,4.0,8.0,unknown,Unknown,2023-07-24
2,5.0,1.0,5.0,credit card,Takeaway,2023-12-04
9,3.0,1.5,4.5,digital wallet,Unknown,2023-11-26
-1,2.0,3.0,6.0,credit card,Takeaway,2023-06-07
0,3.0,2.0,6.0,error,In-store,2023-01-29
2,4.0,1.0,4.0,unknown,Unknown,2023-07-11
-1,1.0,5.0,5.0,cash,Takeaway,2023-09-08
0,4.0,2.0,8.0,digital wallet,Takeaway,2023-03-21
2,5.0,1.0,5.0,digital wallet,In-store,2023-05-02
0,5.0,2.0,8.924352495262161,credit card,Takeaway,2023-11-26
8,5.0,3.0,15.0,digital wallet,Unknown,2023-05-11
6,4.0,2.949984155487483,16.0,cash,Takeaway,2023-02-15
8,1.0,3.0,3.0,credit card,Unknown,2023-08-11
3,2.0,5.0,10.0,cash,Unknown,2023-10-10
3,5.0,5.0,25.0,unknown,Unknown,2023-04-20
6,1.0,4.0,4.0,credit card,In-store,2023-01-25
0,3.0,2.0,6.0,credit card,Takeaway,2023-03-17
3,2.0,5.0,10.0,digital wallet,Unknown,2023-02-21
3,1.0,5.0,5.0,digital wallet,Takeaway,2023-01-25
0,4.0,2.0,8.0,unknown,Unknown,2023-10-06
8,4.0,3.0,8.924352495262161,error,In-store,2023-04-01
4,4.0,4.0,16.0,digital wallet,ERROR,2023-02-20
8,5.0,3.0,15.0,credit card,Unknown,2023-10-23
3,1.0,5.0,5.0,cash,In-store,2023-09-26
4,4.0,4.0,8.924352495262161,credit card,Takeaway,2023-11-08
1,4.0,3.0,12.0,cash,Takeaway,2023-10-22
1,3.0,3.0,9.0,digital wallet,Unknown,2023-04-21
6,1.0,4.0,4.0,unknown,In-store,2023-07-30
9,5.0,1.5,7.5,credit card,UNKNOWN,2023-01-26
0,3.0,2.0,6.0,digital wallet,In-store,2023-08-10
-1,1.0,2.0,2.0,credit card,In-store,2023-09-02
9,2.0,1.5,3.0,credit card,Unknown,2023-12-20
4,1.0,4.0,4.0,cash,In-store,2023-05-30
6,4.0,4.0,16.0,unknown,Unknown,2023-09-12
2,2.0,2.949984155487483,2.0,cash,Unknown,2023-01-17
4,5.0,4.0,20.0,cash,ERROR,2023-11-09
1,3.0,3.0,9.0,cash,Unknown,2023-02-25
1,1.0,3.0,3.0,digital wallet,ERROR,2023-01-11
1,5.0,3.0,15.0,unknown,Takeaway,2023-02-15
9,4.0,1.5,6.0,cash,Unknown,2023-02-06
6,2.0,4.0,8.0,credit card,Unknown,2023-03-17
3,4.0,5.0,20.0,unknown,In-store,2023-09-14
0,3.0,2.0,6.0,unknown,In-store,2023-05-21
9,5.0,1.5,7.5,cash,Takeaway,2023-10-16
2,2.0,1.0,2.0,credit card,UNKNOWN,2023-03-21
3,5.0,5.0,25.0,credit card,Unknown,2023-05-18
0,4.0,2.0,8.0,unknown,In-store,2023-02-15
2,5.0,1.0,5.0,unknown,Unknown,2023-10-25
-1,3.0,1.0,8.924352495262161,digital wallet,Takeaway,2023-04-20
1,5.0,3.0,15.0,credit card,ERROR,2023-04-24
2,2.0,1.0,2.0,unknown,Unknown,2023-07-16
4,3.028463396702027,4.0,20.0,cash,Unknown,2023-01-02
9,3.028463396702027,1.5,1.5,unknown,Takeaway,2023-08-22
8,1.0,3.0,3.0,unknown,Unknown,2023-04-24
4,3.028463396702027,4.0,8.0,unknown,Unknown,2023-11-27
9,3.0,1.5,4.5,cash,Unknown,2023-07-13
2,4.0,1.0,4.0,cash,Takeaway,2023-07-07
1,1.0,3.0,3.0,unknown,Takeaway,2023-02-19
3,2.0,2.949984155487483,10.0,unknown,Takeaway,2023-06-15
6,5.0,2.949984155487483,20.0,credit card,UNKNOWN,2023-09-15
4,1.0,4.0,4.0,cash,Unknown,2023-10-03
9,1.0,1.5,1.5,digital wallet,Unknown,2023-02-10
9,3.0,1.5,4.5,unknown,UNKNOWN,2023-09-15
4,1.0,4.0,4.0,unknown,Unknown,2023-12-03
4,1.0,4.0,4.0,cash,In-store,2023-07-19
3,2.0,5.0,10.0,cash,Unknown,2023-08-24
0,5.0,2.0,10.0,digital wallet,Takeaway,2023-01-09
2,4.0,1.0,4.0,credit card,Takeaway,2023-06-20
6,3.028463396702027,4.0,8.0,cash,UNKNOWN,2023-02-12
3,4.0,5.0,20.0,credit card,In-store,2023-12-18
8,1.0,3.0,3.0,digital wallet,Takeaway,2023-09-27
1,4.0,3.0,12.0,credit card,Takeaway,2023-07-26
2,2.0,1.0,2.0,digital wallet,Unknown,2023-05-17
8,1.0,3.0,3.0,credit card,Takeaway,2023-02-22
2,4.0,1.0,4.0,digital wallet,Takeaway,2023-02-15
6,5.0,4.0,20.0,cash,Takeaway,2023-01-05
0,4.0,2.0,8.0,credit card,Unknown,2023-07-01
-1,2.0,1.0,2.0,cash,In-store,2023-03-25
4,2.0,4.0,8.0,digital wallet,Unknown,2023-11-14
9,3.0,1.5,4.5,unknown,Takeaway,2023-03-01
6,4.0,4.0,16.0,digital wallet,Unknown,2023-08-02
6,4.0,4.0,16.0,credit card,In-store,2023-07-15
4,2.0,4.0,8.0,unknown,In-store,2023-10-31
1,5.0,3.0,8.924352495262161,cash,Takeaway,2023-09-06
0,2.0,2.0,4.0,credit card,Takeaway,2023-07-21
4,3.0,4.0,12.0,unknown,In-store,2023-08-17
6,3.0,4.0,12.0,unknown,In-store,2023-06-01
0,1.0,2.0,2.0,cash,In-store,2023-02-19
9,3.0,1.5,4.5,cash,In-store,2023-04-26
6,4.0,4.0,16.0,credit card,In-store,2023-12-25
9,5.0,1.5,7.5,digital wallet,Unknown,2023-07-12
3,1.0,5.0,5.0,credit card,In-store,2023-10-16
1,4.0,3.0,12.0,unknown,Unknown,2023-11-06
3,4.0,5.0,20.0,credit card,In-store,2023-02-08
1,3.0,3.0,9.0,unknown,UNKNOWN,2023-10-24
3,5.0,5.0,25.0,cash,Unknown,2023-10-18
0,1.0,2.0,2.0,cash,In-store,2023-10-13
1,4.0,3.0,12.0,digital wallet,In-store,2023-09-22
-1,3.028463396702027,5.0,20.0,digital wallet,Unknown,2023-04-22
6,5.0,4.0,20.0,digital wallet,In-store,2023-02-06
4,3.0,4.0,12.0,cash,In-store,2023-03-20
8,2.0,3.0,6.0,digital wallet,In-store,2023-06-30
-1,3.0,5.0,15.0,credit card,In-store,2023-03-06
9,5.0,2.949984155487483,7.5,unknown,Takeaway,2023-06-12
8,2.0,3.0,6.0,credit card,Takeaway,2023-01-22
8,2.0,3.0,6.0,digital wallet,Unknown,2023-06-25
2,1.0,1.0,1.0,unknown,Unknown,2023-11-14
1,2.0,3.0,6.0,credit card,Unknown,2023-09-12
3,1.0,5.0,5.0,credit card,Takeaway,2023-04-17
3,3.0,5.0,8.924352495262161,digital wallet,Takeaway,2023-11-22
9,2.0,1.5,3.0,cash,In-store,2023-09-10
8,5.0,3.0,15.0,digital wallet,In-store,2023-03-16
1,5.0,3.0,15.0,unknown,Unknown,2023-09-29
1,4.0,3.0,12.0,credit card,In-store,2023-10-11
2,5.0,1.0,5.0,credit card,Takeaway,2023-07-03
2,5.0,1.0,5.0,digital wallet,Takeaway,2023-02-01
4,5.0,4.0,20.0,digital wallet,In-store,2023-02-01
3,5.0,5.0,25.0,unknown,Unknown,2023-10-26
9,2.0,1.5,3.0,digital wallet,UNKNOWN,2023-02-06
2,5.0,1.0,5.0,unknown,In-store,2023-03-22
9,4.0,1.5,6.0,digital wallet,In-store,2023-02-26
9,4.0,2.949984155487483,6.0,cash,Unknown,2023-05-17
0,4.0,2.0,8.0,cash,Takeaway,2023-01-06
2,1.0,1.0,1.0,unknown,Unknown,2023-03-31
2,4.0,1.0,4.0,cash,Takeaway,2023-02-06
2,5.0,1.0,5.0,digital wallet,Takeaway,2023-04-19
2,3.0,1.0,3.0,digital wallet,Unknown,2023-06-25
3,5.0,5.0,25.0,cash,Unknown,2023-11-17
1,2.0,3.0,6.0,cash,In-store,2023-03-13
4,4.0,4.0,16.0,cash,Unknown,2023-08-01
2,3.028463396702027,1.0,1.0,unknown,Unknown,2023-07-17
7,5.0,4.0,20.0,unknown,Unknown,2023-09-18
3,4.0,5.0,20.0,cash,In-store,2023-06-12
8,3.0,3.0,9.0,unknown,In-store,2023-07-04
7,4.0,1.0,8.924352495262161,credit card,Takeaway,2023-03-18
3,1.0,5.0,5.0,unknown,Unknown,2023-07-13
1,4.0,3.0,12.0,cash,ERROR,2023-03-13
2,3.0,1.0,3.0,digital wallet,Unknown,2023-06-23
6,2.0,4.0,8.0,unknown,ERROR,2023-07-03
0,5.0,2.0,10.0,unknown,Takeaway,2023-02-09
3,3.0,5.0,15.0,unknown,Takeaway,2023-06-04
8,5.0,3.0,15.0,cash,Takeaway,2023-02-06
9,3.0,1.5,4.5,unknown,Unknown,2023-02-07
2,3.0,1.0,3.0,credit card,In-store,2023-12-30
2,2.0,1.0,2.0,credit card,In-store,2023-05-16
9,2.0,2.949984155487483,3.0,credit card,In-store,2023-04-03
1,2.0,3.0,6.0,credit card,In-store,2023-06-13
3,5.0,2.949984155487483,25.0,credit card,In-store,2023-06-17
1,2.0,3.0,8.924352495262161,digital wallet,Unknown,2023-09-28
9,5.0,1.5,7.5,unknown,Takeaway,2023-06-28
8,1.0,3.0,3.0,credit card,Takeaway,2023-09-11
0,3.0,2.0,6.0,digital wallet,Unknown,2023-10-20
2,2.0,1.0,2.0,cash,Takeaway,2023-11-01
8,4.0,3.0,12.0,cash,In-store,2023-10-09
9,2.0,1.5,3.0,digital wallet,In-store,2023-03-01
8,2.0,3.0,6.0,unknown,Takeaway,2023-02-06
0,5.0,2.0,10.0,cash,In-store,2023-11-26
2,1.0,1.0,1.0,digital wallet,Unknown,2023-11-01
8,2.0,3.0,6.0,unknown,In-store,2023-04-08
6,4.0,4.0,16.0,digital wallet,Unknown,2023-01-18
0,5.0,2.0,10.0,credit card,ERROR,2023-01-16
1,1.0,3.0,3.0,cash,Unknown,2023-03-19
0,4.0,2.0,8.924352495262161,credit card,Unknown,2023-06-09
0,4.0,2.0,8.0,cash,In-store,2023-03-27
3,2.0,5.0,10.0,credit card,UNKNOWN,2023-02-06
6,5.0,4.0,20.0,digital wallet,Unknown,2023-07-04
3,3.0,5.0,15.0,credit card,Unknown,2023-09-03
4,2.0,4.0,8.0,digital wallet,UNKNOWN,2023-06-26
0,3.0,2.0,6.0,digital wallet,Takeaway,2023-04-18
8,4.0,2.949984155487483,12.0,credit card,In-store,2023-11-22
6,4.0,4.0,16.0,credit card,In-store,2023-12-25
6,1.0,4.0,4.0,credit card,In-store,2023-06-17
7,4.0,3.0,12.0,unknown,Unknown,2023-01-01
1,2.0,3.0,6.0,unknown,UNKNOWN,2023-03-19
1,3.028463396702027,3.0,15.0,cash,In-store,2023-09-08
3,2.0,5.0,10.0,credit card,Unknown,2023-05-03
2,4.0,1.0,4.0,cash,Takeaway,2023-02-21
4,4.0,4.0,16.0,cash,Takeaway,2023-11-16
-1,1.0,3.0,3.0,unknown,In-store,2023-12-21
6,3.028463396702027,4.0,20.0,cash,Takeaway,2023-05-17
9,3.028463396702027,1.5,4.5,cash,Unknown,2023-11-19
7,1.0,2.0,2.0,digital wallet,Unknown,2023-08-27
6,5.0,4.0,20.0,error,Unknown,2023-12-22
4,3.0,4.0,12.0,unknown,Takeaway,2023-11-04
0,1.0,2.0,2.0,digital wallet,Unknown,2023-04-15
0,1.0,2.949984155487483,2.0,cash,Unknown,2023-08-09
6,4.0,2.949984155487483,16.0,unknown,In-store,2023-12-07
0,3.0,2.0,6.0,unknown,Unknown,2023-05-30
6,3.0,4.0,12.0,unknown,Unknown,2023-12-18
1,3.0,3.0,9.0,credit card,In-store,2023-08-20
0,5.0,2.0,10.0,cash,Takeaway,2023-10-17
2,2.0,1.0,2.0,digital wallet,Takeaway,2023-08-07
8,5.0,3.0,15.0,digital wallet,In-store,2023-11-20
7,5.0,5.0,25.0,cash,Unknown,2023-08-04
1,5.0,3.0,15.0,cash,ERROR,2023-12-01
8,3.0,3.0,9.0,credit card,UNKNOWN,2023-01-30
0,3.0,2.0,6.0,unknown,Unknown,2023-01-25
4,1.0,4.0,4.0,credit card,Unknown,2023-01-26
-1,3.028463396702027,4.0,4.0,digital wallet,In-store,2023-04-18
8,1.0,3.0,3.0,credit card,Takeaway,2023-09-08
9,3.0,2.949984155487483,8.924352495262161,digital wallet,Unknown,2023-02-24
2,3.0,1.0,3.0,unknown,Unknown,2023-12-24
5,2.0,4.0,8.0,digital wallet,ERROR,2023-08-03
1,4.0,3.0,12.0,unknown,Takeaway,2023-04-05
9,4.0,1.5,6.0,cash,In-store,2023-01-18
3,1.0,5.0,5.0,cash,Takeaway,2023-09-15
0,3.0,2.0,6.0,unknown,Unknown,2023-11-02
0,1.0,2.949984155487483,2.0,unknown,Unknown,2023-10-22
3,5.0,5.0,25.0,credit card,In-store,2023-08-25
2,2.0,1.0,2.0,unknown,In-store,2023-05-31
1,5.0,3.0,15.0,credit card,Takeaway,2023-01-05
-1,5.0,2.949984155487483,15.0,credit card,In-store,2023-10-28
0,3.0,2.0,6.0,digital wallet,In-store,2023-06-11
9,3.0,1.5,4.5,digital wallet,Takeaway,2023-07-24
7,1.0,5.0,5.0,error,Unknown,2023-01-17
8,5.0,3.0,15.0,digital wallet,In-store,2023-01-12
8,5.0,3.0,15.0,cash,Takeaway,2023-08-12
2,4.0,1.0,4.0,digital wallet,Unknown,2023-04-28
2,5.0,1.0,8.924352495262161,digital wallet,Unknown,2023-11-07
3,4.0,5.0,20.0,cash,In-store,2023-03-25
6,3.0,4.0,12.0,digital wallet,Unknown,2023-03-12
2,4.0,1.0,4.0,error,Unknown,2023-12-24
8,4.0,2.949984155487483,12.0,cash,In-store,2023-07-30
4,4.0,4.0,16.0,cash,In-store,2023-02-05
4,3.0,4.0,12.0,cash,ERROR,2023-04-18
-1,5.0,2.949984155487483,15.0,cash,In-store,2023-12-03
9,1.0,1.5,1.5,unknown,Unknown,2023-02-02
6,4.0,4.0,16.0,credit card,Unknown,2023-10-21
4,2.0,4.0,8.0,unknown,In-store,2023-08-08
4,2.0,4.0,8.0,unknown,Takeaway,2023-03-28
9,2.0,1.5,3.0,unknown,Takeaway,2023-08-15
0,2.0,2.0,4.0,credit card,Takeaway,2023-10-05
5,2.0,2.0,4.0,unknown,Takeaway,2023-06-14
1,1.0,3.0,3.0,error,In-store,2023-12-31
2,2.0,1.0,2.0,digital wallet,Takeaway,2023-06-17
8,5.0,3.0,15.0,cash,In-store,2023-01-15
9,1.0,1.5,1.5,cash,Unknown,2023-08-26
4,3.0,4.0,12.0,unknown,Takeaway,2023-01-18
0,1.0,2.0,2.0,credit card,In-store,2023-10-24
5,5.0,2.0,10.0,digital wallet,Takeaway,2023-09-01
4,3.028463396702027,4.0,12.0,digital wallet,In-store,2023-11-05
6,2.0,4.0,8.0,credit card,Unknown,2023-05-12
0,2.0,2.0,4.0,unknown,Unknown,2023-05-25
8,2.0,3.0,6.0,digital wallet,In-store,2023-07-12
5,4.0,5.0,20.0,cash,Takeaway,2023-05-28
0,4.0,2.0,8.0,unknown,Takeaway,2023-04-30
8,3.0,3.0,9.0,unknown,In-store,2023-12-01
3,1.0,5.0,8.924352495262161,credit card,In-store,2023-01-25
9,1.0,1.5,1.5,cash,Unknown,2023-12-22
1,5.0,3.0,15.0,digital wallet,Takeaway,2023-12-28
4,2.0,4.0,8.0,digital wallet,Takeaway,2023-03-30
8,1.0,3.0,3.0,cash,Unknown,2023-03-12
8,1.0,3.0,3.0,unknown,Unknown,2023-04-13
0,1.0,2.0,2.0,credit card,In-store,2023-12-01
2,2.0,1.0,2.0,digital wallet,Takeaway,2023-12-10
3,4.0,5.0,20.0,cash,Unknown,2023-10-03
6,3.028463396702027,4.0,16.0,unknown,Unknown,2023-02-26
8,1.0,3.0,3.0,unknown,Takeaway,2023-04-19
6,4.0,4.0,16.0,cash,Unknown,2023-01-15
3,1.0,5.0,5.0,error,Takeaway,2023-02-16
9,4.0,1.5,6.0,unknown,ERROR,2023-08-24
1,1.0,3.0,3.0,credit card,Unknown,2023-01-12
0,3.028463396702027,2.0,4.0,digital wallet,Unknown,2023-09-15
2,4.0,1.0,4.0,credit card,Unknown,2023-07-04
6,4.0,4.0,16.0,cash,In-store,2023-02-19
0,4.0,2.0,8.0,unknown,Unknown,2023-03-27
0,1.0,2.0,2.0,digital wallet,UNKNOWN,2023-07-15
8,1.0,3.0,3.0,digital wallet,Takeaway,2023-07-09
1,2.0,2.949984155487483,6.0,credit card,UNKNOWN,2023-10-17
8,1.0,3.0,3.0,credit card,In-store,2023-03-19
6,5.0,4.0,20.0,digital wallet,In-store,2023-02-12
7,4.0,3.0,12.0,unknown,Unknown,2023-01-24
1,2.0,3.0,6.0,credit card,Unknown,2023-03-04
2,4.0,1.0,4.0,unknown,Takeaway,2023-05-02
8,2.0,3.0,6.0,credit card,Takeaway,2023-06-14
4,1.0,4.0,4.0,credit card,Takeaway,2023-02-09
6,1.0,4.0,4.0,digital wallet,Takeaway,2023-08-11
2,1.0,1.0,1.0,credit card,Takeaway,2023-04-06
4,4.0,4.0,16.0,unknown,Unknown,2023-03-19
3,1.0,5.0,5.0,unknown,In-store,2023-11-20
4,4.0,4.0,16.0,error,In-store,2023-10-27
3,5.0,5.0,25.0,unknown,In-store,2023-04-11
1,1.0,3.0,3.0,credit card,In-store,2023-09-07
2,3.0,1.0,3.0,credit card,Unknown,2023-06-02
9,4.0,1.5,6.0,credit card,Takeaway,2023-02-06
6,2.0,4.0,8.0,credit card,Takeaway,2023-09-23
4,2.0,4.0,8.0,digital wallet,Unknown,2023-10-22
2,4.0,1.0,4.0,unknown,Unknown,2023-08-19
4,3.0,4.0,8.924352495262161,digital wallet,In-store,2023-04-24
5,5.0,3.0,15.0,credit card,In-store,2023-11-08
3,3.0,5.0,15.0,digital wallet,Unknown,2023-11-30
8,5.0,3.0,15.0,digital wallet,Unknown,2023-04-07
1,5.0,3.0,15.0,cash,Unknown,2023-09-18
1,5.0,3.0,15.0,credit card,In-store,2023-07-19
1,2.0,3.0,6.0,cash,In-store,2023-07-25
1,3.0,3.0,9.0,error,In-store,2023-08-11
1,4.0,3.0,12.0,digital wallet,Takeaway,2023-10-28
8,1.0,3.0,3.0,unknown,Unknown,2023-05-20
2,5.0,1.0,8.924352495262161,digital wallet,In-store,2023-05-19
4,1.0,4.0,8.924352495262161,cash,In-store,2023-09-05
2,4.0,1.0,4.0,unknown,In-store,2023-04-12
0,5.0,2.0,10.0,digital wallet,Takeaway,2023-06-22
2,3.0,1.0,3.0,error,In-store,2023-04-25
9,2.0,1.5,3.0,digital wallet,Unknown,2023-06-14
2,3.0,1.0,3.0,credit card,In-store,2023-01-05
4,2.0,2.949984155487483,8.0,unknown,Takeaway,2023-10-21
3,5.0,5.0,25.0,digital wallet,In-store,2023-03-29
6,4.0,4.0,16.0,cash,In-store,2023-06-03
4,4.0,4.0,16.0,cash,Unknown,2023-08-02
9,3.0,1.5,4.5,unknown,UNKNOWN,2023-07-26
6,4.0,4.0,16.0,digital wallet,In-store,2023-12-26
3,1.0,5.0,5.0,digital wallet,Takeaway,2023-10-16
0,4.0,2.0,8.0,unknown,Unknown,2023-01-26
9,4.0,1.5,6.0,unknown,Takeaway,2023-11-25
9,2.0,1.5,3.0,digital wallet,In-store,2023-11-03
2,1.0,1.0,1.0,credit card,Takeaway,2023-10-17
3,4.0,5.0,20.0,unknown,Unknown,2023-04-04
9,3.0,1.5,4.5,cash,In-store,2023-11-01
3,2.0,5.0,10.0,digital wallet,Takeaway,2023-09-13
8,2.0,3.0,6.0,credit card,Takeaway,2023-10-23
2,1.0,2.949984155487483,1.0,cash,Unknown,2023-06-12
0,3.028463396702027,2.0,6.0,digital wallet,Takeaway,2023-05-19
0,3.0,2.0,6.0,unknown,Unknown,2023-12-25
8,3.028463396702027,3.0,9.0,unknown,Takeaway,2023-02-06
1,3.0,3.0,9.0,cash,Unknown,2023-12-28
9,3.0,1.5,4.5,credit card,Unknown,2023-03-08
7,1.0,1.5,1.5,credit card,In-store,2023-02-22
-1,3.0,4.0,12.0,credit card,Takeaway,2023-12-24
8,3.0,3.0,9.0,cash,Takeaway,2023-09-27
8,3.0,3.0,9.0,unknown,In-store,2023-04-24
0,2.0,2.0,4.0,unknown,Unknown,2023-05-18
1,5.0,3.0,15.0,digital wallet,Takeaway,2023-06-14
0,3.028463396702027,2.0,4.0,unknown,Unknown,2023-09-20
8,2.0,3.0,6.0,credit card,Unknown,2023-06-30
8,3.0,2.949984155487483,9.0,cash,Takeaway,2023-02-23
9,5.0,2.949984155487483,7.5,credit card,Unknown,2023-08-15
6,2.0,2.949984155487483,8.0,credit card,Unknown,2023-09-28
2,5.0,1.0,5.0,digital wallet,In-store,2023-07-21
9,1.0,1.5,1.5,unknown,Takeaway,2023-03-02
9,5.0,1.5,7.5,unknown,In-store,2023-09-07
1,2.0,3.0,6.0,credit card,Takeaway,2023-06-07
6,1.0,4.0,4.0,digital wallet,In-store,2023-01-01
3,5.0,5.0,25.0,digital wallet,Takeaway,2023-04-15
1,5.0,3.0,15.0,error,Takeaway,2023-06-29
2,5.0,1.0,5.0,unknown,Unknown,2023-03-09
0,4.0,2.0,8.0,credit card,In-store,2023-05-26
5,1.0,4.0,4.0,digital wallet,Takeaway,2023-09-09
3,4.0,5.0,20.0,unknown,Unknown,2023-05-11
1,2.0,3.0,6.0,digital wallet,Takeaway,2023-09-13
0,5.0,2.0,10.0,digital wallet,Unknown,2023-08-25
6,5.0,4.0,20.0,cash,In-store,2023-09-27
0,1.0,2.0,2.0,unknown,Unknown,2023-12-25
4,5.0,4.0,20.0,credit card,Unknown,2023-09-27
9,3.0,1.5,4.5,unknown,Takeaway,2023-08-17
3,5.0,5.0,25.0,unknown,Unknown,2023-09-05
0,4.0,2.0,8.0,unknown,Takeaway,2023-02-18
9,3.0,1.5,4.5,error,Takeaway,2023-11-27
1,3.0,3.0,9.0,digital wallet,Unknown,2023-03-12
8,5.0,3.0,8.924352495262161,unknown,Takeaway,2023-01-06
9,2.0,1.5,3.0,cash,Takeaway,2023-12-04
4,1.0,4.0,4.0,cash,Takeaway,2023-08-21
6,1.0,4.0,4.0,cash,Unknown,2023-07-08
8,4.0,2.949984155487483,12.0,unknown,Unknown,2023-04-12
4,5.0,4.0,20.0,digital wallet,ERROR,2023-06-29
1,1.0,3.0,3.0,cash,Takeaway,2023-07-08
0,5.0,2.0,10.0,credit card,In-store,2023-03-23
8,2.0,3.0,6.0,digital wallet,In-store,2023-08-24
3,5.0,5.0,25.0,cash,Unknown,2023-04-21
6,1.0,4.0,4.0,unknown,Unknown,2023-05-22
2,1.0,1.0,1.0,digital wallet,Unknown,2023-11-27
2,2.0,1.0,2.0,unknown,In-store,2023-09-27
4,3.0,4.0,12.0,cash,Takeaway,2023-06-28
1,3.0,3.0,9.0,unknown,Unknown,2023-12-30
3,1.0,5.0,5.0,unknown,Takeaway,2023-06-27
8,4.0,3.0,12.0,cash,Unknown,2023-08-10
0,5.0,2.0,10.0,unknown,Takeaway,2023-08-31
1,3.028463396702027,3.0,12.0,digital wallet,Takeaway,2023-07-21
6,5.0,4.0,20.0,digital wallet,In-store,2023-08-30
2,3.0,1.0,3.0,digital wallet,In-store,2023-09-01
1,5.0,3.0,8.924352495262161,error,Unknown,2023-03-10
0,3.0,2.0,6.0,credit card,Unknown,2023-06-21
8,4.0,3.0,8.924352495262161,error,In-store,2023-07-02
6,3.0,4.0,12.0,unknown,Takeaway,2023-03-10
6,2.0,4.0,8.0,unknown,Unknown,2023-05-11
0,5.0,2.0,10.0,digital wallet,Takeaway,2023-06-23
6,3.0,4.0,12.0,digital wallet,In-store,2023-01-17
3,3.0,5.0,15.0,digital wallet,In-store,2023-07-23
4,4.0,4.0,16.0,credit card,Unknown,2023-06-06
6,2.0,4.0,8.0,digital wallet,In-store,2023-05-11
2,3.0,1.0,3.0,unknown,Takeaway,2023-03-31
3,3.0,5.0,15.0,credit card,In-store,2023-10-20
3,1.0,5.0,5.0,digital wallet,Unknown,2023-08-18
4,2.0,4.0,8.0,cash,In-store,2023-01-16
9,5.0,1.5,7.5,digital wallet,Takeaway,2023-11-18
9,5.0,1.5,7.5,cash,In-store,2023-11-11
4,2.0,4.0,8.0,error,In-store,2023-10-19
0,2.0,2.0,4.0,unknown,Takeaway,2023-05-21
6,4.0,4.0,16.0,cash,In-store,2023-09-20
3,3.0,5.0,15.0,credit card,In-store,2023-10-01
6,2.0,4.0,8.0,unknown,In-store,2023-04-25
4,2.0,4.0,8.0,digital wallet,Takeaway,2023-10-02
8,4.0,3.0,12.0,credit card,Unknown,2023-02-27
5,3.0,4.0,8.924352495262161,unknown,In-store,2023-12-31
8,3.0,3.0,9.0,unknown,Takeaway,2023-05-30
9,5.0,1.5,7.5,unknown,Takeaway,2023-01-17
2,5.0,1.0,5.0,unknown,Takeaway,2023-08-31
4,4.0,4.0,16.0,credit card,Unknown,2023-02-06
4,5.0,4.0,20.0,digital wallet,In-store,2023-05-20
1,2.0,3.0,6.0,error,In-store,2023-12-14
0,3.0,2.0,6.0,cash,In-store,2023-03-21
3,4.0,5.0,20.0,credit card,Unknown,2023-12-27
1,3.028463396702027,3.0,8.924352495262161,credit card,Unknown,2023-12-01
9,1.0,1.5,1.5,digital wallet,Takeaway,2023-10-05
3,3.0,5.0,15.0,cash,In-store,2023-07-06
2,1.0,1.0,1.0,cash,Unknown,2023-06-09
0,1.0,2.0,2.0,credit card,Takeaway,2023-03-30
0,1.0,2.0,2.0,digital wallet,Takeaway,2023-09-08
7,3.0,4.0,8.924352495262161,credit card,Unknown,2023-04-09
1,2.0,3.0,6.0,credit card,In-store,2023-01-17
1,1.0,3.0,3.0,digital wallet,In-store,2023-02-06
1,3.0,3.0,9.0,cash,Unknown,2023-02-27
2,4.0,1.0,4.0,error,Takeaway,2023-03-08
2,5.0,1.0,5.0,digital wallet,Takeaway,2023-07-13
9,2.0,1.5,3.0,credit card,Unknown,2023-12-24
6,4.0,4.0,16.0,unknown,Takeaway,2023-03-24
6,1.0,4.0,4.0,credit card,Unknown,2023-06-16
1,5.0,3.0,15.0,unknown,In-store,2023-08-06
3,3.0,5.0,15.0,credit card,In-store,2023-04-15
4,4.0,4.0,16.0,cash,Unknown,2023-03-07
3,3.0,5.0,15.0,cash,In-store,2023-12-19
9,3.028463396702027,1.5,3.0,credit card,Takeaway,2023-05-23
6,5.0,4.0,20.0,credit card,In-store,2023-11-12
-1,2.0,4.0,8.0,unknown,Takeaway,2023-06-18
0,2.0,2.0,4.0,digital wallet,UNKNOWN,2023-03-24
9,4.0,1.5,6.0,digital wallet,Takeaway,2023-11-06
9,4.0,1.5,6.0,digital wallet,UNKNOWN,2023-09-02
7,5.0,3.0,15.0,unknown,Takeaway,2023-08-24
3,4.0,5.0,20.0,cash,Unknown,2023-05-23
1,3.0,3.0,9.0,cash,In-store,2023-01-08
1,5.0,3.0,15.0,digital wallet,Unknown,2023-10-03
8,2.0,3.0,6.0,unknown,In-store,2023-11-25
8,3.0,3.0,9.0,credit card,In-store,2023-04-19
2,2.0,1.0,2.0,digital wallet,Takeaway,2023-02-06
1,1.0,3.0,3.0,credit card,Unknown,2023-07-08
4,4.0,4.0,16.0,cash,Takeaway,2023-07-28
2,1.0,1.0,1.0,unknown,In-store,2023-02-06
9,4.0,1.5,6.0,digital wallet,Unknown,2023-03-03
8,3.028463396702027,3.0,9.0,cash,Takeaway,2023-12-10
3,2.0,5.0,10.0,credit card,In-store,2023-03-08
4,2.0,4.0,8.0,unknown,Unknown,2023-08-19
4,5.0,4.0,20.0,cash,Takeaway,2023-02-06
1,3.0,3.0,9.0,cash,In-store,2023-02-03
6,3.028463396702027,4.0,4.0,unknown,Takeaway,2023-01-13
6,5.0,4.0,20.0,unknown,Unknown,2023-04-15
9,3.0,1.5,4.5,unknown,In-store,2023-04-11
1,1.0,3.0,3.0,credit card,Takeaway,2023-03-28
0,2.0,2.0,4.0,unknown,Unknown,2023-03-30
7,5.0,3.0,15.0,credit card,Takeaway,2023-07-23
3,4.0,5.0,20.0,digital wallet,In-store,2023-11-20
9,3.0,1.5,4.5,unknown,Unknown,2023-12-16
1,5.0,3.0,15.0,digital wallet,Takeaway,2023-08-12
8,2.0,3.0,8.924352495262161,unknown,Unknown,2023-06-09
9,4.0,1.5,6.0,digital wallet,In-store,2023-04-19
4,4.0,4.0,16.0,cash,Takeaway,2023-08-05
8,3.0,3.0,9.0,digital wallet,In-store,2023-03-09
4,4.0,4.0,16.0,unknown,Takeaway,2023-02-04
6,5.0,4.0,20.0,cash,Unknown,2023-03-07
0,2.0,2.0,4.0,cash,Unknown,2023-06-29
8,2.0,3.0,8.924352495262161,unknown,Unknown,2023-02-06
0,4.0,2.0,8.0,unknown,Unknown,2023-07-31
8,5.0,3.0,15.0,cash,Unknown,2023-11-06
2,3.0,1.0,3.0,unknown,Takeaway,2023-05-26
6,5.0,4.0,20.0,digital wallet,Unknown,2023-12-18
3,3.0,5.0,15.0,digital wallet,Unknown,2023-11-04
7,3.0,3.0,9.0,digital wallet,Unknown,2023-01-30
3,3.028463396702027,5.0,20.0,digital wallet,In-store,2023-07-15
8,2.0,3.0,6.0,unknown,Unknown,2023-10-25
8,1.0,2.949984155487483,3.0,cash,Unknown,2023-07-18
3,2.0,5.0,10.0,error,Unknown,2023-01-31
0,4.0,2.0,8.0,credit card,Unknown,2023-09-15
8,1.0,3.0,3.0,error,Takeaway,2023-11-05
3,2.0,5.0,8.924352495262161,unknown,Unknown,2023-04-11
8,3.0,3.0,9.0,cash,Unknown,2023-02-15
9,1.0,1.5,1.5,digital wallet,In-store,2023-03-09
8,3.0,3.0,9.0,unknown,Takeaway,2023-03-24
0,3.0,2.0,6.0,unknown,Takeaway,2023-11-16
8,2.0,3.0,6.0,digital wallet,Takeaway,2023-07-28
9,2.0,1.5,3.0,unknown,Unknown,2023-10-17
8,3.0,3.0,9.0,credit card,Unknown,2023-10-07
9,5.0,1.5,7.5,cash,Takeaway,2023-02-05
8,3.0,3.0,9.0,unknown,In-store,2023-08-09
2,5.0,1.0,5.0,credit card,Unknown,2023-02-08
9,5.0,1.5,7.5,cash,Unknown,2023-10-04
2,5.0,2.949984155487483,5.0,cash,Takeaway,2023-02-27
2,4.0,1.0,4.0,credit card,In-store,2023-01-27
6,3.0,4.0,12.0,unknown,Unknown,2023-05-25
6,5.0,4.0,20.0,unknown,In-store,2023-05-08
8,2.0,3.0,6.0,cash,In-store,2023-07-16
1,5.0,3.0,15.0,cash,Unknown,2023-01-03
6,2.0,4.0,8.0,cash,Takeaway,2023-12-04
5,4.0,5.0,20.0,cash,Takeaway,2023-05-15
2,3.0,1.0,3.0,cash,Unknown,2023-12-06
0,5.0,2.0,10.0,unknown,Unknown,2023-07-26
0,5.0,2.0,10.0,credit card,In-store,2023-01-08
2,3.0,1.0,3.0,cash,In-store,2023-09-30
6,2.0,4.0,8.0,digital wallet,Takeaway,2023-06-05
2,2.0,1.0,2.0,cash,Takeaway,2023-08-02
3,3.028463396702027,5.0,5.0,cash,Takeaway,2023-06-23
1,4.0,3.0,12.0,unknown,Takeaway,2023-08-05
3,4.0,5.0,20.0,error,Unknown,2023-06-10
6,5.0,4.0,20.0,unknown,Takeaway,2023-07-07
0,4.0,2.0,8.0,cash,In-store,2023-12-12
0,5.0,2.0,10.0,unknown,Takeaway,2023-05-03
6,4.0,4.0,16.0,cash,Takeaway,2023-12-17
6,5.0,4.0,20.0,digital wallet,Takeaway,2023-02-06
9,2.0,1.5,3.0,unknown,Unknown,2023-06-03
3,3.0,5.0,15.0,digital wallet,Unknown,2023-02-19
3,1.0,5.0,5.0,error,Takeaway,2023-12-16
1,1.0,3.0,3.0,unknown,Unknown,2023-10-22
-1,1.0,4.0,4.0,credit card,Takeaway,2023-06-08
8,4.0,3.0,12.0,digital wallet,Takeaway,2023-05-31
6,1.0,4.0,4.0,unknown,Unknown,2023-07-31
5,5.0,3.0,15.0,digital wallet,Takeaway,2023-09-09
6,2.0,4.0,8.0,unknown,Unknown,2023-05-31
1,2.0,3.0,6.0,unknown,Unknown,2023-09-29
6,5.0,4.0,20.0,credit card,Takeaway,2023-07-17
6,2.0,4.0,8.924352495262161,credit card,In-store,2023-01-02
9,3.0,1.5,4.5,digital wallet,In-store,2023-02-06
1,3.0,3.0,9.0,credit card,Takeaway,2023-04-11
-1,5.0,1.0,5.0,cash,In-store,2023-05-21
4,3.0,4.0,12.0,credit card,Unknown,2023-12-06
-1,2.0,5.0,10.0,unknown,Takeaway,2023-07-04
8,4.0,3.0,12.0,credit card,Takeaway,2023-08-29
3,4.0,5.0,20.0,credit card,Takeaway,2023-02-12
3,1.0,5.0,5.0,digital wallet,Takeaway,2023-02-05
3,2.0,5.0,10.0,cash,In-store,2023-05-11
2,5.0,1.0,8.924352495262161,digital wallet,Takeaway,2023-07-03
2,5.0,1.0,5.0,credit card,Unknown,2023-04-30
3,2.0,5.0,10.0,unknown,Takeaway,2023-06-16
8,5.0,3.0,15.0,credit card,Unknown,2023-06-22
2,4.0,1.0,4.0,cash,Takeaway,2023-07-08
9,1.0,1.5,1.5,unknown,Takeaway,2023-08-16
1,1.0,3.0,3.0,digital wallet,In-store,2023-01-17
6,5.0,4.0,20.0,cash,Unknown,2023-06-30
8,5.0,3.0,15.0,cash,UNKNOWN,2023-11-19
3,1.0,5.0,5.0,credit card,Takeaway,2023-04-11
0,3.0,2.0,6.0,digital wallet,In-store,2023-08-06
3,3.0,5.0,15.0,credit card,Takeaway,2023-08-22
1,5.0,3.0,15.0,cash,Takeaway,2023-07-06
-1,4.0,3.0,12.0,cash,Unknown,2023-10-31
1,5.0,3.0,15.0,credit card,Takeaway,2023-02-06
2,3.028463396702027,1.0,3.0,unknown,Unknown,2023-10-28
8,4.0,3.0,12.0,digital wallet,In-store,2023-10-08
2,2.0,1.0,2.0,digital wallet,Unknown,2023-11-28
0,2.0,2.0,4.0,unknown,Takeaway,2023-05-24
6,5.0,4.0,20.0,unknown,Takeaway,2023-02-06
3,3.0,5.0,15.0,cash,In-store,2023-04-29
2,1.0,1.0,1.0,cash,In-store,2023-10-12
1,5.0,3.0,15.0,credit card,Unknown,2023-05-26
4,4.0,4.0,16.0,digital wallet,UNKNOWN,2023-04-29
8,1.0,3.0,3.0,digital wallet,Unknown,2023-01-14
2,4.0,1.0,4.0,unknown,Takeaway,2023-06-06
7,5.0,3.0,15.0,credit card,Takeaway,2023-03-05
0,3.0,2.0,6.0,digital wallet,Unknown,2023-06-10
3,5.0,5.0,25.0,unknown,Unknown,2023-04-19
3,4.0,5.0,20.0,unknown,In-store,2023-10-31
0,3.0,2.0,6.0,digital wallet,Unknown,2023-09-16
8,2.0,3.0,6.0,credit card,Takeaway,2023-08-16
8,2.0,3.0,6.0,cash,Unknown,2023-01-26
9,4.0,1.5,6.0,unknown,In-store,2023-02-06
1,2.0,3.0,6.0,cash,In-store,2023-04-29
5,3.0,1.0,3.0,credit card,Unknown,2023-03-30
7,3.0,2.0,6.0,digital wallet,Takeaway,2023-11-02
0,1.0,2.0,2.0,digital wallet,Unknown,2023-06-24
3,5.0,5.0,25.0,error,Unknown,2023-10-08
2,3.0,1.0,3.0,unknown,Takeaway,2023-11-09
4,1.0,4.0,4.0,digital wallet,Takeaway,2023-03-02
5,4.0,2.949984155487483,16.0,unknown,Takeaway,2023-07-10
4,4.0,4.0,16.0,credit card,ERROR,2023-04-12
8,3.0,3.0,9.0,digital wallet,Takeaway,2023-05-10
2,1.0,1.0,1.0,cash,Unknown,2023-07-15
0,4.0,2.0,8.0,unknown,ERROR,2023-10-07
1,5.0,3.0,15.0,digital wallet,UNKNOWN,2023-01-28
7,3.0,4.0,8.924352495262161,unknown,Takeaway,2023-05-18
5,1.0,3.0,3.0,cash,ERROR,2023-08-21
9,3.0,1.5,4.5,credit card,In-store,2023-12-24
6,2.0,4.0,8.0,unknown,Unknown,2023-07-18
7,5.0,1.0,5.0,unknown,Takeaway,2023-07-19
0,5.0,2.0,10.0,digital wallet,Unknown,2023-10-06
8,3.0,2.949984155487483,9.0,cash,ERROR,2023-12-27
9,3.0,1.5,4.5,unknown,Takeaway,2023-12-19
-1,2.0,5.0,10.0,cash,Unknown,2023-07-26
9,5.0,1.5,7.5,unknown,In-store,2023-02-06
7,3.0,3.0,9.0,cash,In-store,2023-10-02
0,3.028463396702027,2.0,10.0,digital wallet,Unknown,2023-07-21
4,3.0,4.0,12.0,credit card,In-store,2023-11-04
2,2.0,1.0,2.0,error,Takeaway,2023-04-02
2,1.0,1.0,1.0,credit card,Takeaway,2023-11-21
1,2.0,3.0,6.0,digital wallet,In-store,2023-02-10
9,2.0,1.5,3.0,credit card,Unknown,2023-06-26
4,3.0,4.0,12.0,credit card,In-store,2023-11-25
3,5.0,5.0,25.0,unknown,Takeaway,2023-12-31
9,1.0,1.5,1.5,credit card,In-store,2023-10-19
3,2.0,5.0,10.0,unknown,Takeaway,2023-07-23
0,3.028463396702027,2.0,8.0,credit card,In-store,2023-12-19
2,3.028463396702027,1.0,5.0,unknown,Unknown,2023-02-06
8,5.0,3.0,15.0,unknown,Unknown,2023-04-02
8,5.0,3.0,15.0,credit card,Unknown,2023-06-11
4,3.028463396702027,4.0,4.0,unknown,Unknown,2023-01-11
2,3.028463396702027,1.0,1.0,digital wallet,Takeaway,2023-05-21
1,5.0,3.0,15.0,cash,Takeaway,2023-09-26
2,4.0,1.0,4.0,digital wallet,Unknown,2023-07-23
0,1.0,2.0,8.924352495262161,credit card,Unknown,2023-10-21
4,5.0,4.0,20.0,digital wallet,In-store,2023-10-18
9,5.0,1.5,7.5,credit card,In-store,2023-02-06
3,1.0,5.0,5.0,cash,In-store,2023-06-23
8,5.0,3.0,15.0,credit card,In-store,2023-06-09
1,2.0,3.0,6.0,digital wallet,In-store,2023-01-13
0,3.0,2.0,6.0,unknown,In-store,2023-07-24
6,2.0,4.0,8.0,unknown,Takeaway,2023-09-08
1,4.0,3.0,12.0,unknown,Unknown,2023-11-08
3,3.028463396702027,5.0,15.0,digital wallet,In-store,2023-06-16
9,5.0,1.5,7.5,credit card,Takeaway,2023-04-13
0,2.0,2.0,4.0,digital wallet,Takeaway,2023-10-23
8,3.0,3.0,9.0,digital wallet,In-store,2023-02-23
5,3.028463396702027,4.0,4.0,digital wallet,Unknown,2023-02-06
2,3.028463396702027,1.0,5.0,credit card,Unknown,2023-09-19
5,2.0,1.5,3.0,credit card,Takeaway,2023-01-04
5,5.0,2.949984155487483,15.0,unknown,Unknown,2023-10-25
9,4.0,1.5,6.0,digital wallet,Takeaway,2023-12-15
8,3.0,3.0,9.0,cash,Unknown,2023-08-30
9,3.0,1.5,4.5,unknown,Takeaway,2023-03-20
5,4.0,3.0,12.0,digital wallet,Unknown,2023-10-09
6,2.0,4.0,8.0,cash,UNKNOWN,2023-06-10
9,4.0,1.5,6.0,unknown,Unknown,2023-08-22
9,4.0,1.5,6.0,unknown,In-store,2023-08-09
1,1.0,3.0,3.0,cash,In-store,2023-02-08
0,4.0,2.0,8.0,unknown,Unknown,2023-06-30
6,2.0,4.0,8.0,unknown,In-store,2023-01-22
8,2.0,3.0,6.0,digital wallet,In-store,2023-01-07
0,1.0,2.0,8.924352495262161,credit card,Takeaway,2023-09-13
0,2.0,2.0,8.924352495262161,cash,Takeaway,2023-10-15
2,2.0,1.0,2.0,credit card,In-store,2023-02-06
6,2.0,4.0,8.0,cash,Takeaway,2023-09-21
9,5.0,1.5,7.5,unknown,Takeaway,2023-09-05
3,2.0,5.0,10.0,unknown,Takeaway,2023-11-07
6,2.0,4.0,8.0,unknown,In-store,2023-07-15
6,3.0,2.949984155487483,12.0,unknown,UNKNOWN,2023-01-12
1,1.0,3.0,3.0,unknown,Takeaway,2023-05-31
0,3.028463396702027,2.0,2.0,cash,In-store,2023-06-18
1,4.0,3.0,12.0,error,Takeaway,2023-06-28
1,2.0,3.0,6.0,cash,In-store,2023-03-23
6,4.0,4.0,16.0,error,In-store,2023-07-02
8,4.0,3.0,12.0,digital wallet,Takeaway,2023-07-10
0,1.0,2.0,2.0,credit card,In-store,2023-06-05
3,5.0,5.0,25.0,unknown,Unknown,2023-11-20
9,1.0,1.5,1.5,error,Takeaway,2023-05-19
9,5.0,1.5,7.5,credit card,Takeaway,2023-05-05
7,2.0,5.0,10.0,digital wallet,In-store,2023-01-31
6,3.0,4.0,12.0,digital wallet,ERROR,2023-10-08
8,1.0,3.0,3.0,digital wallet,Unknown,2023-03-20
6,3.0,4.0,12.0,digital wallet,Takeaway,2023-01-27
2,5.0,1.0,5.0,credit card,Unknown,2023-01-02
6,3.0,4.0,12.0,cash,ERROR,2023-03-27
4,5.0,2.949984155487483,20.0,unknown,Takeaway,2023-12-29
3,1.0,5.0,5.0,unknown,In-store,2023-08-05
8,4.0,3.0,12.0,credit card,Takeaway,2023-04-20
8,5.0,3.0,15.0,unknown,Takeaway,2023-12-26
3,2.0,2.949984155487483,10.0,credit card,In-store,2023-09-28
6,1.0,4.0,4.0,digital wallet,Unknown,2023-06-27
1,3.0,3.0,9.0,unknown,Takeaway,2023-08-04
8,2.0,3.0,6.0,cash,Takeaway,2023-11-07
8,3.0,3.0,9.0,digital wallet,In-store,2023-05-04
2,5.0,1.0,5.0,digital wallet,Takeaway,2023-07-28
-1,4.0,4.0,16.0,unknown,In-store,2023-12-06
1,4.0,2.949984155487483,12.0,digital wallet,Takeaway,2023-09-07
1,4.0,3.0,12.0,digital wallet,In-store,2023-10-08
6,4.0,4.0,8.924352495262161,credit card,Unknown,2023-08-04
1,5.0,3.0,15.0,cash,In-store,2023-04-12
2,1.0,1.0,1.0,error,Unknown,2023-01-28
8,2.0,3.0,6.0,unknown,UNKNOWN,2023-09-12
8,1.0,3.0,3.0,digital wallet,In-store,2023-08-21
-1,5.0,3.0,15.0,cash,In-store,2023-08-18
1,2.0,3.0,6.0,credit card,Unknown,2023-09-14
2,1.0,1.0,1.0,digital wallet,Takeaway,2023-03-31
0,5.0,2.0,10.0,digital wallet,Takeaway,2023-10-09
9,5.0,1.5,7.5,error,Takeaway,2023-06-02
1,3.0,3.0,9.0,digital wallet,In-store,2023-08-14
0,3.0,2.0,6.0,digital wallet,Takeaway,2023-08-30
4,3.0,4.0,12.0,credit card,UNKNOWN,2023-01-22
1,1.0,3.0,3.0,unknown,Unknown,2023-12-21
6,1.0,4.0,4.0,digital wallet,Takeaway,2023-07-14
8,3.0,3.0,9.0,unknown,In-store,2023-12-13
9,3.028463396702027,1.5,6.0,credit card,Unknown,2023-09-07
7,1.0,3.0,3.0,cash,Unknown,2023-01-30
1,2.0,3.0,6.0,credit card,Takeaway,2023-11-20
1,3.028463396702027,3.0,3.0,unknown,Unknown,2023-09-05
1,3.0,3.0,9.0,cash,ERROR,2023-02-21
8,1.0,3.0,3.0,credit card,Takeaway,2023-06-24
1,4.0,3.0,12.0,digital wallet,In-store,2023-06-15
0,4.0,2.0,8.0,digital wallet,Unknown,2023-03-30
9,3.0,1.5,4.5,unknown,In-store,2023-01-19
1,3.0,3.0,8.924352495262161,cash,In-store,2023-09-15
3,4.0,5.0,20.0,digital wallet,UNKNOWN,2023-06-21
3,3.0,5.0,8.924352495262161,unknown,Takeaway,2023-06-30
2,5.0,1.0,5.0,cash,Takeaway,2023-06-01
2,2.0,1.0,2.0,credit card,In-store,2023-12-05
6,1.0,4.0,4.0,digital wallet,Unknown,2023-02-06
4,5.0,4.0,20.0,unknown,Unknown,2023-08-09
4,3.0,4.0,12.0,credit card,Takeaway,2023-09-01
0,1.0,2.0,2.0,digital wallet,Unknown,2023-03-08
6,3.0,4.0,12.0,credit card,In-store,2023-02-28
3,3.0,5.0,15.0,digital wallet,Takeaway,2023-11-07
1,5.0,3.0,15.0,credit card,Unknown,2023-02-06
4,5.0,4.0,20.0,unknown,Unknown,2023-05-08
8,1.0,3.0,3.0,cash,Unknown,2023-10-24
2,4.0,1.0,4.0,cash,Takeaway,2023-10-27
3,5.0,2.949984155487483,25.0,digital wallet,In-store,2023-03-01
3,4.0,5.0,20.0,cash,ERROR,2023-10-11
0,2.0,2.0,4.0,unknown,Unknown,2023-06-30
4,5.0,4.0,20.0,unknown,Takeaway,2023-05-06
2,2.0,2.949984155487483,2.0,credit card,In-store,2023-04-28
6,5.0,4.0,20.0,credit card,Unknown,2023-07-24
4,5.0,4.0,20.0,digital wallet,In-store,2023-12-11
3,1.0,5.0,5.0,cash,In-store,2023-04-29
3,2.0,5.0,10.0,cash,In-store,2023-12-16
2,4.0,1.0,4.0,unknown,Takeaway,2023-05-06
3,3.0,5.0,15.0,digital wallet,Takeaway,2023-02-06
9,3.0,1.5,4.5,unknown,In-store,2023-11-22
6,2.0,4.0,8.924352495262161,cash,ERROR,2023-04-20
5,4.0,3.0,12.0,credit card,Takeaway,2023-06-09
1,2.0,3.0,6.0,cash,Unknown,2023-09-09
1,1.0,3.0,3.0,credit card,In-store,2023-11-23
8,2.0,3.0,6.0,digital wallet,Unknown,2023-08-25
4,2.0,4.0,8.0,credit card,In-store,2023-10-30
1,4.0,2.949984155487483,12.0,credit card,Takeaway,2023-06-23
9,3.028463396702027,1.5,4.5,error,Unknown,2023-05-07
2,5.0,1.0,5.0,unknown,Unknown,2023-02-07
2,1.0,1.0,1.0,unknown,Unknown,2023-04-29
8,3.0,3.0,9.0,digital wallet,In-store,2023-02-06
8,1.0,3.0,3.0,cash,Takeaway,2023-03-31
6,2.0,4.0,8.0,unknown,Takeaway,2023-08-16
2,4.0,1.0,4.0,cash,Takeaway,2023-11-12
4,5.0,4.0,20.0,unknown,Takeaway,2023-11-23
3,3.028463396702027,5.0,25.0,credit card,In-store,2023-01-05
8,3.0,3.0,9.0,unknown,Takeaway,2023-08-16
2,1.0,1.0,1.0,digital wallet,Unknown,2023-11-10
3,4.0,5.0,20.0,unknown,Takeaway,2023-10-29
0,5.0,2.0,10.0,digital wallet,In-store,2023-01-08
6,2.0,4.0,8.924352495262161,cash,Takeaway,2023-02-10
4,4.0,4.0,16.0,cash,In-store,2023-05-08
8,3.0,3.0,9.0,credit card,In-store,2023-04-15
2,1.0,1.0,1.0,credit card,Unknown,2023-11-04
5,4.0,2.0,8.0,digital wallet,In-store,2023-09-29
1,3.0,2.949984155487483,9.0,cash,Takeaway,2023-02-06
3,3.0,5.0,15.0,unknown,In-store,2023-02-06
0,3.0,2.0,6.0,cash,UNKNOWN,2023-06-14
2,5.0,2.949984155487483,5.0,unknown,ERROR,2023-02-06
1,2.0,3.0,6.0,cash,Takeaway,2023-09-29
3,5.0,5.0,25.0,error,UNKNOWN,2023-11-04
1,5.0,3.0,15.0,cash,Takeaway,2023-08-25
7,4.0,3.0,12.0,unknown,Takeaway,2023-03-30
9,1.0,2.949984155487483,1.5,credit card,Unknown,2023-02-20
8,3.0,3.0,9.0,unknown,Unknown,2023-02-19
7,3.028463396702027,4.0,8.0,digital wallet,In-store,2023-03-08
9,2.0,1.5,3.0,unknown,In-store,2023-09-01
9,1.0,1.5,1.5,unknown,Unknown,2023-03-23
1,2.0,3.0,6.0,credit card,Unknown,2023-04-10
9,2.0,1.5,3.0,credit card,Takeaway,2023-08-30
9,3.0,1.5,4.5,unknown,In-store,2023-07-08
6,2.0,4.0,8.0,cash,In-store,2023-08-08
8,5.0,3.0,15.0,credit card,Takeaway,2023-06-28
1,1.0,3.0,3.0,cash,Unknown,2023-11-23
8,1.0,3.0,3.0,cash,Takeaway,2023-06-05
4,3.0,4.0,12.0,credit card,In-store,2023-09-18
2,1.0,1.0,1.0,credit card,In-store,2023-09-09
2,2.0,1.0,2.0,digital wallet,Takeaway,2023-05-01
1,3.0,2.949984155487483,8.924352495262161,error,Takeaway,2023-04-25
1,5.0,3.0,15.0,digital wallet,Unknown,2023-02-21
2,2.0,1.0,2.0,cash,Takeaway,2023-04-08
2,5.0,1.0,5.0,digital wallet,ERROR,2023-10-25
1,4.0,3.0,12.0,cash,Takeaway,2023-03-16
7,3.0,1.0,3.0,digital wallet,Takeaway,2023-09-06
4,5.0,4.0,20.0,digital wallet,Takeaway,2023-02-07
3,3.0,5.0,15.0,unknown,Takeaway,2023-10-16
9,2.0,2.949984155487483,3.0,credit card,Takeaway,2023-11-02
4,3.0,4.0,12.0,cash,In-store,2023-01-06
-1,1.0,3.0,3.0,unknown,Unknown,2023-04-25
6,3.0,4.0,12.0,credit card,In-store,2023-02-25
2,3.0,1.0,8.924352495262161,cash,Unknown,2023-09-28
7,4.0,3.0,12.0,cash,In-store,2023-07-21
1,4.0,3.0,12.0,digital wallet,Takeaway,2023-11-08
9,2.0,1.5,3.0,digital wallet,Unknown,2023-02-20
1,1.0,3.0,3.0,credit card,Takeaway,2023-09-05
9,5.0,1.5,7.5,credit card,Unknown,2023-12-05
3,5.0,5.0,25.0,digital wallet,In-store,2023-08-20
4,3.0,4.0,12.0,unknown,Takeaway,2023-10-10
9,3.028463396702027,1.5,4.5,unknown,Unknown,2023-07-10
3,5.0,5.0,25.0,cash,In-store,2023-04-18
6,5.0,4.0,20.0,digital wallet,Unknown,2023-05-10
8,3.0,3.0,8.924352495262161,digital wallet,Unknown,2023-01-23
8,3.028463396702027,3.0,6.0,unknown,In-store,2023-06-09
5,1.0,5.0,5.0,digital wallet,In-store,2023-01-11
4,3.0,4.0,12.0,digital wallet,In-store,2023-01-30
0,3.0,2.0,6.0,credit card,Unknown,2023-07-15
3,3.0,5.0,15.0,credit card,Unknown,2023-07-06
7,4.0,4.0,16.0,digital wallet,In-store,2023-02-05
9,5.0,1.5,7.5,digital wallet,In-store,2023-12-08
4,1.0,4.0,8.924352495262161,digital wallet,Unknown,2023-05-24
9,2.0,1.5,3.0,unknown,Takeaway,2023-09-06
0,3.0,2.0,6.0,credit card,Unknown,2023-05-02
3,2.0,5.0,10.0,cash,Takeaway,2023-10-29
9,1.0,1.5,1.5,credit card,Takeaway,2023-01-29
9,4.0,1.5,6.0,digital wallet,Takeaway,2023-02-06
8,1.0,3.0,3.0,digital wallet,In-store,2023-05-17
5,5.0,4.0,20.0,cash,Unknown,2023-12-27
9,4.0,1.5,6.0,credit card,In-store,2023-05-03
1,5.0,3.0,15.0,credit card,Takeaway,2023-03-31
4,3.028463396702027,4.0,8.924352495262161,digital wallet,Takeaway,2023-10-06
6,5.0,4.0,20.0,digital wallet,In-store,2023-03-18
8,4.0,3.0,12.0,credit card,Takeaway,2023-12-19
9,3.0,1.5,4.5,cash,ERROR,2023-12-27
0,4.0,2.0,8.0,unknown,In-store,2023-02-02
2,5.0,1.0,5.0,digital wallet,Unknown,2023-05-13
1,3.028463396702027,3.0,15.0,unknown,Takeaway,2023-10-19
7,3.0,4.0,8.924352495262161,unknown,Takeaway,2023-09-09
4,1.0,4.0,4.0,digital wallet,In-store,2023-12-18
6,5.0,4.0,20.0,digital wallet,In-store,2023-02-26
1,5.0,3.0,15.0,cash,In-store,2023-04-08
2,2.0,1.0,2.0,credit card,In-store,2023-04-21
8,4.0,3.0,12.0,unknown,In-store,2023-06-11
2,3.0,1.0,3.0,cash,In-store,2023-08-01
6,5.0,4.0,20.0,credit card,ERROR,2023-04-23
8,4.0,3.0,12.0,credit card,In-store,2023-08-31
3,4.0,5.0,8.924352495262161,unknown,Takeaway,2023-07-04
0,1.0,2.0,2.0,unknown,Unknown,2023-02-06
8,4.0,3.0,12.0,digital wallet,ERROR,2023-04-10
0,2.0,2.0,4.0,credit card,Unknown,2023-07-20
8,3.0,2.949984155487483,9.0,cash,Takeaway,2023-02-13
0,3.028463396702027,2.0,8.924352495262161,unknown,Unknown,2023-04-07
9,5.0,1.5,8.924352495262161,unknown,UNKNOWN,2023-02-16
4,1.0,4.0,4.0,cash,Unknown,2023-02-10
-1,4.0,4.0,16.0,credit card,Unknown,2023-05-07
3,1.0,5.0,5.0,cash,Takeaway,2023-01-23
6,5.0,4.0,20.0,digital wallet,Takeaway,2023-05-24
1,5.0,3.0,15.0,cash,Unknown,2023-12-24
8,3.0,3.0,9.0,digital wallet,Takeaway,2023-09-28
4,3.0,4.0,12.0,cash,Unknown,2023-09-12
1,3.0,3.0,9.0,unknown,In-store,2023-03-14
0,5.0,2.0,10.0,unknown,Takeaway,2023-12-02
6,1.0,4.0,4.0,cash,Unknown,2023-01-07
-1,2.0,1.5,3.0,unknown,In-store,2023-01-10
2,2.0,1.0,2.0,unknown,In-store,2023-07-14
3,4.0,5.0,20.0,unknown,Takeaway,2023-08-21
-1,5.0,4.0,20.0,credit card,Unknown,2023-09-03
7,2.0,5.0,10.0,unknown,Takeaway,2023-04-22
2,1.0,1.0,1.0,cash,In-store,2023-02-06
6,3.0,4.0,12.0,credit card,In-store,2023-02-07
-1,3.0,3.0,9.0,credit card,In-store,2023-08-13
6,3.0,4.0,12.0,unknown,Unknown,2023-11-29
2,5.0,1.0,5.0,unknown,In-store,2023-09-10
1,5.0,3.0,15.0,cash,In-store,2023-08-15
9,3.0,1.5,4.5,unknown,Unknown,2023-09-16
4,4.0,2.949984155487483,16.0,credit card,In-store,2023-07-17
1,3.028463396702027,3.0,12.0,cash,Takeaway,2023-04-02
2,5.0,1.0,5.0,digital wallet,Takeaway,2023-08-17
4,4.0,4.0,16.0,unknown,In-store,2023-04-03
1,5.0,3.0,15.0,cash,Unknown,2023-08-11
0,3.0,2.949984155487483,6.0,credit card,Unknown,2023-11-17
6,5.0,4.0,20.0,unknown,Unknown,2023-10-24
1,1.0,3.0,3.0,unknown,ERROR,2023-07-10
4,1.0,4.0,4.0,cash,Takeaway,2023-05-27
1,1.0,3.0,3.0,unknown,Takeaway,2023-04-04
6,5.0,4.0,20.0,credit card,Unknown,2023-02-06
2,3.0,1.0,3.0,error,In-store,2023-03-04
2,3.028463396702027,1.0,2.0,credit card,Takeaway,2023-12-28
2,1.0,1.0,1.0,credit card,In-store,2023-07-30
7,2.0,4.0,8.0,cash,Takeaway,2023-02-02
4,1.0,4.0,8.924352495262161,digital wallet,Unknown,2023-07-04
6,5.0,4.0,20.0,digital wallet,In-store,2023-07-15
1,5.0,3.0,15.0,unknown,In-store,2023-02-06
1,2.0,3.0,6.0,credit card,Takeaway,2023-08-31
3,1.0,5.0,8.924352495262161,cash,Unknown,2023-07-30
8,1.0,3.0,3.0,credit card,Unknown,2023-06-12
1,5.0,3.0,15.0,digital wallet,Unknown,2023-05-26
6,4.0,4.0,16.0,unknown,In-store,2023-11-05
2,5.0,1.0,8.924352495262161,credit card,Takeaway,2023-11-12
3,3.028463396702027,5.0,25.0,cash,Takeaway,2023-10-23
1,1.0,3.0,3.0,digital wallet,In-store,2023-06-19
0,2.0,2.0,4.0,unknown,Takeaway,2023-10-10
0,5.0,2.0,10.0,cash,Takeaway,2023-02-14
2,3.028463396702027,1.0,3.0,digital wallet,Takeaway,2023-03-15
8,1.0,3.0,3.0,unknown,UNKNOWN,2023-08-20
6,3.0,4.0,12.0,unknown,Unknown,2023-11-08
6,3.028463396702027,4.0,8.0,unknown,Takeaway,2023-10-18
3,3.0,5.0,8.924352495262161,cash,In-store,2023-12-31
8,4.0,3.0,12.0,credit card,Takeaway,2023-02-22
2,5.0,1.0,5.0,unknown,In-store,2023-11-10
4,2.0,4.0,8.0,digital wallet,In-store,2023-02-06
0,3.0,2.0,6.0,credit card,In-store,2023-01-04
0,2.0,2.0,4.0,unknown,Unknown,2023-10-28
3,2.0,5.0,10.0,unknown,Takeaway,2023-02-06
9,2.0,1.5,3.0,credit card,Unknown,2023-05-12
1,3.0,3.0,9.0,digital wallet,Unknown,2023-02-02
5,3.028463396702027,1.5,4.5,cash,Takeaway,2023-01-11
8,1.0,3.0,3.0,cash,Unknown,2023-12-25
4,5.0,4.0,20.0,digital wallet,In-store,2023-08-01
8,1.0,3.0,3.0,digital wallet,Takeaway,2023-04-03
6,4.0,4.0,16.0,unknown,Unknown,2023-12-03
0,2.0,2.0,4.0,unknown,Unknown,2023-01-30
0,1.0,2.0,2.0,credit card,Unknown,2023-11-13
6,4.0,4.0,16.0,digital wallet,In-store,2023-09-06
3,2.0,5.0,10.0,unknown,In-store,2023-01-15
4,3.0,4.0,12.0,credit card,In-store,2023-02-21
0,5.0,2.0,10.0,unknown,Unknown,2023-04-28
4,3.0,2.949984155487483,12.0,unknown,Takeaway,2023-06-08
4,4.0,4.0,16.0,digital wallet,Takeaway,2023-10-20
1,1.0,3.0,3.0,cash,In-store,2023-02-06
9,4.0,1.5,6.0,digital wallet,In-store,2023-04-27
1,5.0,3.0,15.0,unknown,Unknown,2023-10-21
5,3.0,1.0,3.0,cash,In-store,2023-05-02
0,4.0,2.0,8.0,digital wallet,Unknown,2023-04-03
4,3.0,4.0,12.0,credit card,In-store,2023-01-28
1,5.0,3.0,15.0,credit card,Unknown,2023-03-07
1,1.0,3.0,3.0,cash,Takeaway,2023-03-01
1,1.0,3.0,3.0,unknown,Takeaway,2023-01-13
1,3.0,3.0,9.0,digital wallet,In-store,2023-04-11
8,3.0,3.0,9.0,digital wallet,Takeaway,2023-06-19
9,3.0,1.5,4.5,unknown,Takeaway,2023-01-25
6,3.028463396702027,4.0,16.0,cash,Takeaway,2023-02-06
0,3.028463396702027,2.0,4.0,unknown,Takeaway,2023-05-15
9,3.0,1.5,4.5,cash,In-store,2023-06-27
3,4.0,5.0,8.924352495262161,credit card,Unknown,2023-01-13
6,1.0,4.0,4.0,cash,Takeaway,2023-08-19
9,2.0,1.5,3.0,unknown,Unknown,2023-10-05
0,3.0,2.0,6.0,digital wallet,Takeaway,2023-05-03
2,4.0,1.0,4.0,unknown,Takeaway,2023-02-06
5,3.028463396702027,2.0,4.0,unknown,Unknown,2023-09-30
9,5.0,1.5,7.5,credit card,In-store,2023-04-01
3,5.0,5.0,25.0,unknown,In-store,2023-04-16
3,1.0,2.949984155487483,5.0,cash,In-store,2023-07-24
8,4.0,3.0,12.0,credit card,In-store,2023-02-15
0,5.0,2.0,10.0,error,In-store,2023-02-06
3,4.0,5.0,20.0,credit card,In-store,2023-08-20
4,2.0,4.0,8.0,credit card,In-store,2023-11-04
9,1.0,1.5,1.5,cash,In-store,2023-08-18
1,5.0,3.0,15.0,unknown,Unknown,2023-09-29
0,4.0,2.0,8.0,digital wallet,In-store,2023-05-05
8,5.0,3.0,15.0,unknown,Unknown,2023-12-17
9,1.0,1.5,1.5,credit card,Takeaway,2023-01-05
2,1.0,1.0,1.0,cash,Takeaway,2023-08-20
1,3.0,3.0,9.0,unknown,In-store,2023-01-21
4,4.0,4.0,16.0,unknown,Unknown,2023-07-06
9,5.0,1.5,7.5,credit card,Unknown,2023-06-16
4,4.0,4.0,16.0,unknown,Takeaway,2023-04-29
6,2.0,4.0,8.0,cash,In-store,2023-10-21
4,2.0,4.0,8.0,unknown,In-store,2023-04-04
0,2.0,2.0,4.0,digital wallet,Takeaway,2023-04-12
0,2.0,2.0,4.0,credit card,Takeaway,2023-03-21
5,1.0,2.0,2.0,error,Takeaway,2023-06-16
8,4.0,3.0,8.924352495262161,credit card,In-store,2023-12-26
3,1.0,5.0,5.0,unknown,Takeaway,2023-07-23
0,4.0,2.0,8.0,unknown,In-store,2023-06-02
4,5.0,4.0,20.0,unknown,Unknown,2023-05-23
1,3.0,3.0,9.0,cash,In-store,2023-09-15
3,1.0,5.0,5.0,credit card,Takeaway,2023-08-06
2,1.0,1.0,1.0,cash,In-store,2023-06-06
1,5.0,3.0,15.0,unknown,In-store,2023-11-16
2,1.0,1.0,1.0,credit card,Takeaway,2023-09-14
5,5.0,3.0,15.0,digital wallet,In-store,2023-02-10
2,4.0,1.0,4.0,unknown,Unknown,2023-02-07
0,4.0,2.0,8.0,credit card,Unknown,2023-05-15
9,4.0,1.5,6.0,cash,Takeaway,2023-03-24
6,3.0,4.0,12.0,unknown,Unknown,2023-01-29
8,5.0,3.0,15.0,unknown,In-store,2023-04-24
8,2.0,3.0,6.0,credit card,Unknown,2023-09-27
9,3.028463396702027,1.5,3.0,cash,Takeaway,2023-08-28
6,2.0,4.0,8.0,cash,Takeaway,2023-07-18
0,4.0,2.0,8.0,digital wallet,Unknown,2023-11-30
3,4.0,5.0,20.0,digital wallet,In-store,2023-06-16
8,2.0,3.0,6.0,cash,Takeaway,2023-03-13
9,3.0,1.5,4.5,cash,Unknown,2023-05-20
7,1.0,3.0,3.0,unknown,In-store,2023-12-30
0,4.0,2.0,8.0,digital wallet,Unknown,2023-01-22
6,1.0,4.0,8.924352495262161,credit card,Takeaway,2023-08-25
4,5.0,4.0,20.0,credit card,Unknown,2023-11-09
6,5.0,4.0,20.0,credit card,In-store,2023-01-13
6,5.0,2.949984155487483,20.0,credit card,In-store,2023-04-27
-1,3.028463396702027,1.5,3.0,credit card,Unknown,2023-03-26
5,3.028463396702027,3.0,15.0,digital wallet,Takeaway,2023-02-01
-1,2.0,4.0,8.0,credit card,Takeaway,2023-12-26
0,2.0,2.0,4.0,cash,Unknown,2023-06-10
0,5.0,2.0,10.0,digital wallet,Unknown,2023-02-03
-1,1.0,3.0,3.0,credit card,In-store,2023-11-04
3,1.0,5.0,5.0,unknown,In-store,2023-11-04
9,3.0,1.5,8.924352495262161,digital wallet,Unknown,2023-04-22
2,3.028463396702027,1.0,5.0,cash,In-store,2023-05-11
1,3.0,3.0,9.0,cash,ERROR,2023-02-06
1,4.0,3.0,12.0,cash,Unknown,2023-11-30
8,2.0,3.0,6.0,digital wallet,Takeaway,2023-01-26
0,4.0,2.0,8.0,credit card,In-store,2023-10-18
9,4.0,1.5,6.0,unknown,In-store,2023-02-09
9,1.0,1.5,1.5,cash,In-store,2023-05-15
4,5.0,4.0,20.0,cash,Unknown,2023-12-22
3,2.0,5.0,10.0,unknown,In-store,2023-10-27
2,3.0,1.0,3.0,credit card,Unknown,2023-05-15
9,4.0,1.5,6.0,unknown,In-store,2023-11-01
8,3.0,3.0,8.924352495262161,digital wallet,UNKNOWN,2023-03-18
8,2.0,3.0,6.0,unknown,Unknown,2023-09-22
9,4.0,1.5,6.0,digital wallet,Unknown,2023-07-06
2,1.0,1.0,1.0,digital wallet,Unknown,2023-09-15
-1,2.0,4.0,8.0,digital wallet,In-store,2023-04-04
9,3.028463396702027,1.5,6.0,digital wallet,Unknown,2023-09-06
2,5.0,1.0,5.0,credit card,Unknown,2023-06-25
4,5.0,4.0,20.0,digital wallet,Unknown,2023-06-29
3,1.0,5.0,5.0,unknown,Unknown,2023-10-24
9,3.028463396702027,1.5,8.924352495262161,digital wallet,In-store,2023-07-25
1,5.0,3.0,15.0,cash,Takeaway,2023-01-20
6,1.0,4.0,4.0,unknown,In-store,2023-04-21
-1,5.0,2.949984155487483,10.0,digital wallet,Unknown,2023-05-05
4,4.0,4.0,16.0,cash,In-store,2023-10-25
1,1.0,3.0,3.0,digital wallet,Takeaway,2023-11-19
1,1.0,3.0,3.0,cash,Unknown,2023-10-07
2,2.0,1.0,2.0,credit card,Unknown,2023-03-31
4,2.0,4.0,8.0,cash,Unknown,2023-02-06
6,3.0,4.0,12.0,credit card,In-store,2023-07-03
9,2.0,1.5,3.0,unknown,Takeaway,2023-08-03
1,2.0,3.0,8.924352495262161,cash,Unknown,2023-10-19
1,2.0,3.0,6.0,cash,Unknown,2023-06-10
3,5.0,5.0,25.0,cash,In-store,2023-08-09
3,4.0,5.0,20.0,cash,Takeaway,2023-03-28
3,5.0,2.949984155487483,25.0,unknown,Unknown,2023-12-05
8,2.0,3.0,6.0,unknown,Unknown,2023-02-15
0,3.028463396702027,2.0,4.0,cash,Takeaway,2023-12-05
6,5.0,4.0,20.0,unknown,In-store,2023-02-10
9,1.0,1.5,1.5,unknown,Takeaway,2023-02-06
6,1.0,2.949984155487483,4.0,unknown,Unknown,2023-03-28
9,3.0,1.5,4.5,credit card,In-store,2023-06-06
1,5.0,3.0,15.0,credit card,Takeaway,2023-06-28
4,5.0,4.0,20.0,error,In-store,2023-02-13
8,3.0,3.0,8.924352495262161,digital wallet,Takeaway,2023-03-16
0,4.0,2.0,8.0,unknown,Unknown,2023-01-18
-1,4.0,4.0,16.0,unknown,Takeaway,2023-04-21
8,5.0,3.0,15.0,credit card,Unknown,2023-10-27
2,2.0,1.0,2.0,unknown,In-store,2023-07-27
5,4.0,5.0,20.0,credit card,Takeaway,2023-03-29
2,5.0,2.949984155487483,5.0,cash,Unknown,2023-11-23
1,5.0,3.0,15.0,unknown,In-store,2023-08-07
8,1.0,3.0,3.0,credit card,Unknown,2023-08-08
5,1.0,2.949984155487483,4.0,credit card,Unknown,2023-12-12
7,5.0,1.0,5.0,digital wallet,Unknown,2023-04-09
8,5.0,3.0,15.0,credit card,Unknown,2023-03-21
4,1.0,4.0,4.0,credit card,Takeaway,2023-05-14
4,1.0,4.0,4.0,unknown,Takeaway,2023-06-04
8,1.0,3.0,3.0,cash,Takeaway,2023-03-13
2,3.028463396702027,1.0,1.0,unknown,In-store,2023-12-14
0,3.028463396702027,2.0,8.0,unknown,Takeaway,2023-10-10
0,5.0,2.0,10.0,cash,Takeaway,2023-04-23
9,4.0,1.5,6.0,cash,Unknown,2023-03-01
7,3.0,4.0,12.0,unknown,In-store,2023-02-05
7,4.0,3.0,12.0,credit card,Unknown,2023-04-10
5,2.0,3.0,6.0,digital wallet,Unknown,2023-06-23
1,5.0,3.0,15.0,digital wallet,Takeaway,2023-04-09
7,1.0,1.0,1.0,unknown,Takeaway,2023-02-26
9,1.0,1.5,1.5,credit card,In-store,2023-09-13
5,4.0,1.0,4.0,unknown,In-store,2023-01-16
4,4.0,4.0,16.0,credit card,Unknown,2023-02-16
2,2.0,1.0,2.0,unknown,Unknown,2023-11-16
2,5.0,1.0,5.0,digital wallet,In-store,2023-04-08
2,1.0,1.0,1.0,unknown,Unknown,2023-12-09
0,5.0,2.0,10.0,digital wallet,Unknown,2023-03-14
3,1.0,5.0,5.0,cash,Takeaway,2023-09-11
3,2.0,5.0,10.0,digital wallet,In-store,2023-10-04
6,5.0,4.0,20.0,unknown,Takeaway,2023-10-15
5,4.0,5.0,20.0,cash,Unknown,2023-02-06
0,3.0,2.0,6.0,unknown,Unknown,2023-11-30
1,4.0,3.0,12.0,unknown,ERROR,2023-10-05
6,1.0,4.0,8.924352495262161,credit card,UNKNOWN,2023-03-19
5,4.0,1.0,4.0,cash,Takeaway,2023-06-28
8,2.0,2.949984155487483,6.0,credit card,Unknown,2023-01-04
8,3.028463396702027,3.0,3.0,digital wallet,Unknown,2023-06-25
9,5.0,1.5,7.5,digital wallet,In-store,2023-10-07
0,3.0,2.0,6.0,unknown,Unknown,2023-09-07
5,4.0,3.0,12.0,digital wallet,Unknown,2023-07-06
0,4.0,2.0,8.0,error,Unknown,2023-09-01
8,5.0,3.0,15.0,credit card,Takeaway,2023-02-06
2,5.0,1.0,5.0,cash,In-store,2023-05-31
4,2.0,4.0,8.0,unknown,Unknown,2023-09-07
0,5.0,2.0,10.0,cash,Unknown,2023-06-18
4,1.0,4.0,4.0,unknown,Unknown,2023-12-23
1,3.0,3.0,9.0,digital wallet,In-store,2023-03-14
2,5.0,1.0,5.0,cash,In-store,2023-08-19
6,5.0,2.949984155487483,20.0,cash,Takeaway,2023-04-27
6,2.0,4.0,8.0,credit card,Unknown,2023-12-13
-1,3.0,3.0,9.0,digital wallet,In-store,2023-12-04
1,5.0,3.0,15.0,credit card,In-store,2023-08-10
4,5.0,4.0,20.0,digital wallet,Takeaway,2023-11-19
1,1.0,3.0,3.0,unknown,Takeaway,2023-07-09
9,2.0,1.5,3.0,credit card,Unknown,2023-08-12
8,4.0,3.0,12.0,credit card,In-store,2023-02-06
0,5.0,2.0,10.0,credit card,Takeaway,2023-05-19
0,5.0,2.0,10.0,digital wallet,Unknown,2023-11-14
-1,5.0,1.0,5.0,cash,In-store,2023-06-16
2,2.0,1.0,2.0,digital wallet,Takeaway,2023-10-24
8,4.0,3.0,12.0,digital wallet,Unknown,2023-07-23
0,3.0,2.0,8.924352495262161,unknown,Unknown,2023-07-29
9,4.0,1.5,6.0,unknown,Takeaway,2023-12-16
1,4.0,3.0,12.0,cash,Takeaway,2023-06-16
1,4.0,3.0,12.0,error,Takeaway,2023-05-06
9,5.0,1.5,8.924352495262161,digital wallet,In-store,2023-12-24
8,3.0,3.0,9.0,unknown,Unknown,2023-09-06
2,4.0,1.0,4.0,credit card,In-store,2023-03-02
4,3.0,4.0,12.0,digital wallet,Takeaway,2023-02-06
5,4.0,3.0,12.0,cash,Takeaway,2023-04-29
6,1.0,4.0,4.0,digital wallet,ERROR,2023-11-05
9,3.0,1.5,4.5,cash,Takeaway,2023-09-02
1,1.0,3.0,3.0,credit card,In-store,2023-06-09
0,5.0,2.0,10.0,credit card,Unknown,2023-10-08
4,3.0,4.0,12.0,unknown,Unknown,2023-07-26
6,4.0,4.0,16.0,cash,UNKNOWN,2023-10-18
0,1.0,2.0,2.0,digital wallet,Unknown,2023-04-16
1,2.0,3.0,6.0,cash,Unknown,2023-12-28
9,4.0,2.949984155487483,6.0,credit card,In-store,2023-02-15
5,2.0,1.0,2.0,digital wallet,Takeaway,2023-11-03
9,1.0,1.5,1.5,cash,Takeaway,2023-03-20
4,5.0,4.0,20.0,credit card,Unknown,2023-08-05
4,5.0,4.0,20.0,digital wallet,Takeaway,2023-04-17
4,3.0,4.0,12.0,digital wallet,Unknown,2023-05-01
8,4.0,3.0,8.924352495262161,digital wallet,Takeaway,2023-04-14
9,3.0,1.5,4.5,cash,Unknown,2023-10-11
2,3.0,1.0,8.924352495262161,unknown,Unknown,2023-09-21
4,3.0,4.0,8.924352495262161,unknown,In-store,2023-05-09
3,5.0,5.0,25.0,unknown,Takeaway,2023-01-30
-1,5.0,2.0,10.0,digital wallet,Unknown,2023-04-16
9,4.0,2.949984155487483,6.0,cash,Unknown,2023-10-29
7,3.028463396702027,1.5,1.5,cash,In-store,2023-09-21
3,4.0,5.0,20.0,cash,Unknown,2023-08-08
9,3.0,1.5,4.5,digital wallet,Unknown,2023-02-17
2,5.0,1.0,5.0,cash,Unknown,2023-06-04
3,2.0,5.0,10.0,credit card,In-store,2023-09-06
3,3.0,5.0,15.0,credit card,In-store,2023-05-26
-1,3.0,5.0,15.0,digital wallet,Unknown,2023-07-04
1,1.0,3.0,3.0,credit card,UNKNOWN,2023-03-07
3,2.0,2.949984155487483,10.0,unknown,Takeaway,2023-08-29
6,5.0,4.0,20.0,cash,Takeaway,2023-01-16
2,4.0,1.0,4.0,digital wallet,Takeaway,2023-04-06
2,2.0,1.0,2.0,credit card,Unknown,2023-07-08
1,1.0,3.0,3.0,error,In-store,2023-12-20
2,3.0,1.0,3.0,unknown,ERROR,2023-07-01
3,1.0,2.949984155487483,5.0,unknown,Unknown,2023-05-27
3,2.0,5.0,8.924352495262161,unknown,Takeaway,2023-01-28
3,4.0,5.0,20.0,digital wallet,Takeaway,2023-05-20
6,2.0,4.0,8.0,digital wallet,Takeaway,2023-10-29
0,2.0,2.0,4.0,cash,In-store,2023-11-03
2,1.0,1.0,1.0,unknown,Takeaway,2023-05-22
4,1.0,4.0,8.924352495262161,digital wallet,Unknown,2023-09-29
8,5.0,3.0,15.0,digital wallet,Unknown,2023-06-09
6,1.0,4.0,4.0,cash,Unknown,2023-08-22
0,3.0,2.0,6.0,credit card,Unknown,2023-11-21
4,1.0,2.949984155487483,4.0,cash,In-store,2023-09-21
-1,1.0,4.0,4.0,cash,Unknown,2023-09-17
5,1.0,2.0,2.0,unknown,UNKNOWN,2023-03-27
2,3.0,1.0,3.0,digital wallet,Unknown,2023-03-10
4,5.0,4.0,20.0,digital wallet,Takeaway,2023-12-02
0,2.0,2.0,4.0,cash,Takeaway,2023-12-05
1,4.0,3.0,12.0,credit card,Takeaway,2023-10-20
6,1.0,4.0,4.0,unknown,Unknown,2023-03-10
0,3.0,2.0,6.0,unknown,UNKNOWN,2023-05-20
2,4.0,1.0,4.0,unknown,Takeaway,2023-06-01
5,4.0,1.0,4.0,unknown,Unknown,2023-04-18
9,3.0,1.5,4.5,error,In-store,2023-01-23
3,3.0,5.0,15.0,digital wallet,In-store,2023-10-22
2,1.0,1.0,1.0,unknown,Unknown,2023-12-20
2,4.0,1.0,4.0,unknown,Takeaway,2023-10-07
5,1.0,1.0,1.0,digital wallet,Unknown,2023-01-17
0,2.0,2.0,4.0,unknown,Unknown,2023-04-10
3,3.0,5.0,15.0,unknown,In-store,2023-08-11
2,2.0,2.949984155487483,2.0,digital wallet,Unknown,2023-11-08
6,2.0,4.0,8.0,unknown,In-store,2023-09-16
9,2.0,1.5,3.0,digital wallet,Takeaway,2023-07-29
9,3.0,1.5,4.5,cash,ERROR,2023-09-30
3,5.0,5.0,25.0,cash,Takeaway,2023-09-09
0,3.0,2.0,6.0,unknown,UNKNOWN,2023-12-27
9,2.0,1.5,3.0,digital wallet,In-store,2023-03-27
0,3.0,2.0,6.0,digital wallet,Unknown,2023-04-25
1,5.0,3.0,15.0,digital wallet,Unknown,2023-05-22
3,1.0,5.0,5.0,cash,In-store,2023-08-25
4,4.0,4.0,16.0,cash,In-store,2023-09-20
3,5.0,2.949984155487483,25.0,digital wallet,Unknown,2023-02-10
3,5.0,5.0,25.0,digital wallet,Unknown,2023-07-08
7,2.0,4.0,8.0,cash,Unknown,2023-01-18
2,3.028463396702027,1.0,2.0,error,UNKNOWN,2023-05-18
0,2.0,2.0,4.0,unknown,Takeaway,2023-09-10
2,4.0,1.0,4.0,unknown,In-store,2023-01-24
6,4.0,4.0,16.0,unknown,Unknown,2023-03-11
0,2.0,2.0,4.0,digital wallet,Takeaway,2023-06-26
3,5.0,5.0,25.0,cash,In-store,2023-11-10
5,3.0,2.0,6.0,unknown,Unknown,2023-12-12
5,4.0,1.5,6.0,digital wallet,Unknown,2023-09-12
2,2.0,1.0,2.0,unknown,In-store,2023-01-29
2,2.0,2.949984155487483,2.0,credit card,In-store,2023-07-05
7,2.0,1.5,3.0,unknown,Takeaway,2023-10-28
7,4.0,1.0,4.0,credit card,Takeaway,2023-03-21
1,4.0,3.0,12.0,cash,UNKNOWN,2023-07-02
6,5.0,2.949984155487483,20.0,credit card,Unknown,2023-08-15
2,1.0,2.949984155487483,1.0,cash,Unknown,2023-06-18
4,3.0,4.0,12.0,digital wallet,Takeaway,2023-09-03
2,1.0,1.0,1.0,credit card,Takeaway,2023-07-12
3,4.0,5.0,20.0,credit card,In-store,2023-10-03
8,4.0,3.0,12.0,cash,Takeaway,2023-08-17
5,4.0,5.0,20.0,cash,In-store,2023-06-06
3,2.0,5.0,10.0,credit card,Unknown,2023-08-07
4,4.0,4.0,16.0,cash,In-store,2023-02-06
4,1.0,2.949984155487483,8.924352495262161,cash,Takeaway,2023-05-10
8,4.0,3.0,12.0,digital wallet,In-store,2023-03-14
5,3.0,1.0,8.924352495262161,unknown,Unknown,2023-03-10
8,2.0,3.0,6.0,digital wallet,Takeaway,2023-03-19
0,1.0,2.0,2.0,credit card,In-store,2023-10-06
3,2.0,5.0,10.0,unknown,Unknown,2023-06-28
0,5.0,2.0,10.0,error,In-store,2023-10-12
8,2.0,3.0,6.0,digital wallet,Takeaway,2023-05-04
1,4.0,3.0,12.0,unknown,Takeaway,2023-09-02
3,5.0,5.0,25.0,unknown,Unknown,2023-06-26
2,3.0,2.949984155487483,3.0,digital wallet,Takeaway,2023-10-14
-1,4.0,2.0,8.0,digital wallet,In-store,2023-09-07
2,3.0,1.0,8.924352495262161,cash,In-store,2023-11-18
4,2.0,4.0,8.0,credit card,Takeaway,2023-01-31
0,2.0,2.0,4.0,cash,ERROR,2023-12-07
0,1.0,2.0,2.0,credit card,Unknown,2023-05-20
0,3.0,2.0,6.0,digital wallet,Takeaway,2023-05-26
4,5.0,4.0,20.0,digital wallet,In-store,2023-03-19
3,3.028463396702027,5.0,20.0,credit card,In-store,2023-02-06
9,5.0,1.5,7.5,cash,Takeaway,2023-07-06
9,5.0,1.5,8.924352495262161,credit card,Takeaway,2023-12-03
1,5.0,3.0,15.0,credit card,Unknown,2023-12-28
2,3.0,1.0,3.0,digital wallet,Unknown,2023-02-06
9,3.0,1.5,4.5,digital wallet,Unknown,2023-01-21
8,3.0,3.0,9.0,credit card,In-store,2023-08-05
6,1.0,4.0,4.0,unknown,Takeaway,2023-02-06
0,5.0,2.0,10.0,unknown,Unknown,2023-12-09
0,3.028463396702027,2.0,8.0,credit card,Takeaway,2023-05-05
1,2.0,3.0,6.0,unknown,Unknown,2023-06-22
9,4.0,1.5,6.0,credit card,ERROR,2023-06-20
1,3.0,3.0,9.0,cash,Unknown,2023-12-08
6,4.0,4.0,16.0,credit card,Takeaway,2023-05-24
9,2.0,1.5,3.0,digital wallet,In-store,2023-04-10
0,3.0,2.0,6.0,unknown,Takeaway,2023-08-22
6,1.0,4.0,4.0,unknown,In-store,2023-12-26
8,3.028463396702027,3.0,15.0,unknown,In-store,2023-03-17
5,5.0,5.0,25.0,digital wallet,Unknown,2023-12-20
2,3.028463396702027,2.949984155487483,1.0,cash,ERROR,2023-07-26
6,5.0,4.0,20.0,unknown,ERROR,2023-05-20
7,4.0,2.0,8.0,unknown,UNKNOWN,2023-04-03
8,5.0,3.0,15.0,unknown,Unknown,2023-01-24
9,5.0,1.5,7.5,credit card,In-store,2023-02-07
9,5.0,1.5,7.5,credit card,Unknown,2023-05-28
9,2.0,1.5,3.0,cash,In-store,2023-06-08
8,4.0,3.0,12.0,cash,Unknown,2023-06-11
-1,2.0,3.0,6.0,digital wallet,Takeaway,2023-06-16
3,3.0,5.0,15.0,credit card,In-store,2023-11-16
9,2.0,1.5,3.0,credit card,In-store,2023-08-21
0,1.0,2.0,2.0,error,Unknown,2023-01-19
1,1.0,3.0,3.0,credit card,Unknown,2023-08-03
4,5.0,4.0,20.0,credit card,Unknown,2023-01-04
5,5.0,4.0,20.0,credit card,Takeaway,2023-08-02
6,3.0,4.0,12.0,digital wallet,In-store,2023-06-29
6,4.0,4.0,16.0,digital wallet,In-store,2023-01-12
1,4.0,3.0,8.924352495262161,credit card,Takeaway,2023-09-28
0,3.028463396702027,2.0,10.0,credit card,Takeaway,2023-05-16
4,2.0,4.0,8.0,unknown,Takeaway,2023-05-11
4,3.028463396702027,4.0,12.0,credit card,ERROR,2023-08-18
5,4.0,3.0,12.0,unknown,In-store,2023-06-09
4,1.0,4.0,4.0,digital wallet,In-store,2023-09-26
5,1.0,3.0,3.0,cash,Unknown,2023-08-23
7,4.0,4.0,8.924352495262161,credit card,Takeaway,2023-09-19
1,4.0,3.0,12.0,credit card,In-store,2023-02-06
8,4.0,3.0,12.0,cash,Unknown,2023-02-06
5,5.0,3.0,15.0,unknown,Takeaway,2023-06-27
1,4.0,3.0,12.0,unknown,Takeaway,2023-04-13
0,1.0,2.0,2.0,credit card,Unknown,2023-06-08
2,4.0,1.0,4.0,credit card,Takeaway,2023-09-29
5,2.0,2.949984155487483,3.0,digital wallet,Takeaway,2023-07-22
2,4.0,1.0,4.0,unknown,Unknown,2023-04-01
8,1.0,3.0,3.0,credit card,Unknown,2023-11-03
2,3.0,1.0,3.0,credit card,Takeaway,2023-11-28
1,4.0,3.0,12.0,digital wallet,In-store,2023-11-14
3,2.0,5.0,10.0,credit card,In-store,2023-05-18
9,5.0,1.5,7.5,digital wallet,Takeaway,2023-03-17
4,2.0,2.949984155487483,8.924352495262161,unknown,UNKNOWN,2023-02-06
2,3.028463396702027,1.0,1.0,unknown,Unknown,2023-06-17
9,3.028463396702027,1.5,7.5,cash,Unknown,2023-04-03
0,3.0,2.0,6.0,unknown,UNKNOWN,2023-09-04
-1,3.0,2.0,6.0,credit card,Takeaway,2023-02-06
2,2.0,1.0,2.0,cash,Takeaway,2023-12-08
-1,5.0,2.0,10.0,digital wallet,In-store,2023-11-27
9,2.0,1.5,3.0,credit card,In-store,2023-11-30
4,3.0,4.0,12.0,unknown,Takeaway,2023-05-29
6,4.0,4.0,16.0,unknown,Takeaway,2023-06-12
9,3.0,1.5,4.5,digital wallet,ERROR,2023-01-09
2,1.0,1.0,1.0,digital wallet,ERROR,2023-03-24
6,4.0,4.0,16.0,cash,In-store,2023-04-15
3,5.0,5.0,25.0,credit card,Unknown,2023-01-09
0,2.0,2.0,4.0,unknown,Takeaway,2023-08-24
1,4.0,3.0,12.0,unknown,Takeaway,2023-05-13
2,1.0,1.0,1.0,credit card,Takeaway,2023-10-05
-1,1.0,1.5,1.5,credit card,Takeaway,2023-05-26
1,5.0,3.0,15.0,unknown,Takeaway,2023-11-19
3,4.0,5.0,20.0,cash,In-store,2023-10-19
3,3.0,5.0,15.0,digital wallet,Unknown,2023-08-16
9,1.0,1.5,1.5,cash,Unknown,2023-01-22
2,2.0,1.0,2.0,credit card,Unknown,2023-08-29
4,1.0,4.0,4.0,credit card,Takeaway,2023-05-10
5,1.0,1.5,1.5,unknown,Unknown,2023-11-16
0,2.0,2.0,4.0,digital wallet,Takeaway,2023-07-01
9,1.0,1.5,1.5,digital wallet,Takeaway,2023-04-23
9,1.0,1.5,1.5,digital wallet,Takeaway,2023-01-28
9,3.028463396702027,1.5,1.5,unknown,In-store,2023-06-04
3,5.0,5.0,25.0,credit card,Takeaway,2023-02-19
0,1.0,2.0,2.0,unknown,In-store,2023-11-25
9,4.0,1.5,6.0,cash,Takeaway,2023-04-22
7,4.0,4.0,16.0,cash,Takeaway,2023-11-25
4,4.0,4.0,16.0,unknown,In-store,2023-06-16
9,3.0,1.5,4.5,credit card,Unknown,2023-03-02
8,5.0,3.0,15.0,credit card,Unknown,2023-05-28
9,5.0,1.5,7.5,credit card,Unknown,2023-05-06
5,1.0,5.0,5.0,unknown,Unknown,2023-02-16
5,5.0,2.0,10.0,unknown,In-store,2023-11-14
0,3.0,2.0,6.0,unknown,Takeaway,2023-09-09
2,3.0,1.0,3.0,credit card,In-store,2023-05-21
6,2.0,2.949984155487483,8.0,digital wallet,In-store,2023-11-08
2,3.0,1.0,3.0,cash,Takeaway,2023-01-29
2,1.0,2.949984155487483,1.0,digital wallet,Unknown,2023-11-02
7,3.0,4.0,12.0,cash,ERROR,2023-05-27
4,1.0,4.0,4.0,cash,In-store,2023-03-07
9,2.0,1.5,3.0,credit card,UNKNOWN,2023-05-04
6,2.0,2.949984155487483,8.0,unknown,UNKNOWN,2023-10-20
6,3.0,2.949984155487483,12.0,unknown,In-store,2023-07-16
3,5.0,5.0,25.0,digital wallet,In-store,2023-11-28
6,3.028463396702027,4.0,20.0,cash,Takeaway,2023-01-05
8,3.0,3.0,9.0,credit card,Takeaway,2023-10-27
8,4.0,3.0,12.0,unknown,Takeaway,2023-01-03
1,3.0,3.0,9.0,cash,Takeaway,2023-11-26
3,5.0,2.949984155487483,25.0,unknown,ERROR,2023-01-09
8,2.0,3.0,6.0,digital wallet,In-store,2023-03-16
9,1.0,1.5,1.5,cash,Unknown,2023-12-31
5,1.0,3.0,3.0,unknown,In-store,2023-01-09
3,5.0,5.0,25.0,cash,Unknown,2023-10-06
8,1.0,3.0,3.0,credit card,Unknown,2023-02-06
0,3.028463396702027,2.0,8.0,cash,Unknown,2023-12-03
1,1.0,3.0,3.0,digital wallet,Takeaway,2023-07-18
2,1.0,1.0,1.0,unknown,Takeaway,2023-01-03
1,1.0,3.0,3.0,cash,In-store,2023-11-23
0,1.0,2.0,2.0,cash,Unknown,2023-10-14
9,1.0,1.5,1.5,unknown,Takeaway,2023-01-14
5,5.0,2.949984155487483,15.0,credit card,In-store,2023-10-14
1,4.0,3.0,12.0,credit card,Takeaway,2023-10-30
8,1.0,3.0,3.0,credit card,In-store,2023-01-29
3,5.0,5.0,25.0,unknown,UNKNOWN,2023-10-19
2,1.0,1.0,1.0,digital wallet,Unknown,2023-06-06
2,5.0,1.0,8.924352495262161,unknown,Takeaway,2023-01-26
3,5.0,5.0,25.0,unknown,Unknown,2023-10-23
1,5.0,3.0,15.0,credit card,Unknown,2023-11-11
2,4.0,1.0,4.0,unknown,Unknown,2023-03-18
2,2.0,1.0,8.924352495262161,cash,Unknown,2023-04-06
4,5.0,4.0,20.0,unknown,Unknown,2023-07-11
1,4.0,3.0,12.0,cash,Unknown,2023-08-10
6,3.0,4.0,12.0,digital wallet,ERROR,2023-11-19
4,2.0,4.0,8.0,digital wallet,In-store,2023-01-19
8,1.0,3.0,3.0,digital wallet,Unknown,2023-06-01
2,4.0,1.0,4.0,error,Takeaway,2023-06-18
6,4.0,4.0,16.0,cash,In-store,2023-02-06
1,4.0,3.0,12.0,unknown,Unknown,2023-04-20
5,3.0,2.0,6.0,unknown,In-store,2023-01-15
6,2.0,4.0,8.0,credit card,Unknown,2023-08-13
-1,2.0,5.0,10.0,digital wallet,Unknown,2023-02-03
6,2.0,4.0,8.0,credit card,Takeaway,2023-10-15
5,5.0,2.0,10.0,digital wallet,Takeaway,2023-08-01
3,3.028463396702027,5.0,20.0,cash,Takeaway,2023-03-19
9,3.0,1.5,4.5,digital wallet,Takeaway,2023-06-12
5,3.0,2.0,6.0,cash,Unknown,2023-07-05
3,1.0,5.0,5.0,credit card,Unknown,2023-02-24
9,5.0,1.5,7.5,credit card,In-store,2023-12-16
9,5.0,1.5,7.5,cash,Unknown,2023-06-10
9,4.0,1.5,6.0,digital wallet,Takeaway,2023-05-24
9,5.0,1.5,7.5,unknown,In-store,2023-02-06
8,3.0,3.0,9.0,credit card,Takeaway,2023-03-13
3,2.0,5.0,10.0,digital wallet,Unknown,2023-07-23
6,4.0,4.0,16.0,unknown,Takeaway,2023-08-04
3,3.028463396702027,5.0,20.0,credit card,In-store,2023-03-04
-1,3.0,2.0,6.0,credit card,Unknown,2023-10-22
3,5.0,5.0,8.924352495262161,digital wallet,In-store,2023-11-09
0,5.0,2.0,10.0,error,Takeaway,2023-02-22
1,3.0,3.0,9.0,digital wallet,Takeaway,2023-01-30
3,2.0,5.0,10.0,unknown,In-store,2023-08-15
5,3.028463396702027,2.949984155487483,25.0,unknown,In-store,2023-05-27
2,2.0,1.0,2.0,digital wallet,ERROR,2023-08-13
0,2.0,2.0,4.0,error,ERROR,2023-02-20
6,4.0,4.0,16.0,unknown,Unknown,2023-12-14
6,4.0,4.0,16.0,unknown,Unknown,2023-05-29
0,5.0,2.0,10.0,unknown,Takeaway,2023-07-24
6,3.0,4.0,12.0,digital wallet,Unknown,2023-12-03
4,3.0,4.0,12.0,unknown,Takeaway,2023-11-16
8,3.0,3.0,9.0,credit card,Unknown,2023-11-23
3,5.0,5.0,25.0,credit card,In-store,2023-09-13
8,4.0,3.0,12.0,digital wallet,In-store,2023-11-19
3,4.0,5.0,20.0,digital wallet,Takeaway,2023-04-02
4,1.0,4.0,4.0,digital wallet,In-store,2023-03-17
3,4.0,5.0,20.0,credit card,Unknown,2023-02-03
4,3.0,4.0,12.0,digital wallet,Unknown,2023-04-07
2,4.0,1.0,4.0,digital wallet,Takeaway,2023-06-30
1,5.0,3.0,15.0,credit card,ERROR,2023-02-06
-1,2.0,1.5,3.0,credit card,Takeaway,2023-03-31
4,2.0,4.0,8.0,credit card,In-store,2023-09-22
1,5.0,3.0,15.0,cash,Unknown,2023-06-09
2,1.0,1.0,1.0,digital wallet,In-store,2023-06-07
2,3.0,1.0,3.0,credit card,In-store,2023-07-31
9,3.0,1.5,4.5,unknown,Unknown,2023-02-06
8,3.0,3.0,9.0,unknown,Unknown,2023-02-21
4,2.0,4.0,8.924352495262161,cash,Unknown,2023-05-23
0,2.0,2.949984155487483,4.0,digital wallet,In-store,2023-11-29
7,3.028463396702027,4.0,12.0,unknown,Unknown,2023-12-06
0,3.0,2.949984155487483,6.0,digital wallet,Unknown,2023-07-09
0,2.0,2.0,4.0,credit card,Takeaway,2023-03-18
7,1.0,5.0,5.0,unknown,In-store,2023-10-15
9,4.0,1.5,6.0,unknown,In-store,2023-02-06
6,1.0,4.0,4.0,digital wallet,Takeaway,2023-07-19
8,4.0,3.0,12.0,unknown,In-store,2023-08-12
9,3.0,1.5,4.5,credit card,Unknown,2023-02-06
8,2.0,3.0,6.0,digital wallet,Takeaway,2023-05-11
6,4.0,4.0,16.0,credit card,In-store,2023-07-27
0,1.0,2.0,2.0,credit card,In-store,2023-12-06
2,5.0,1.0,5.0,cash,In-store,2023-12-15
-1,2.0,5.0,10.0,unknown,Unknown,2023-07-20
5,4.0,2.0,8.0,credit card,Takeaway,2023-04-07
1,5.0,3.0,15.0,unknown,Unknown,2023-02-06
1,2.0,3.0,6.0,digital wallet,UNKNOWN,2023-03-25
7,3.0,1.5,4.5,credit card,Unknown,2023-11-20
2,5.0,1.0,5.0,digital wallet,Takeaway,2023-05-04
3,5.0,5.0,25.0,digital wallet,Unknown,2023-07-03
-1,1.0,3.0,3.0,unknown,Unknown,2023-08-07
4,3.0,4.0,12.0,digital wallet,Takeaway,2023-01-31
9,1.0,1.5,8.924352495262161,cash,Unknown,2023-01-12
1,5.0,3.0,15.0,digital wallet,Takeaway,2023-01-07
0,3.0,2.0,6.0,cash,Unknown,2023-10-26
2,4.0,1.0,4.0,credit card,In-store,2023-12-17
3,1.0,5.0,5.0,credit card,In-store,2023-03-13
5,3.0,1.0,3.0,unknown,Takeaway,2023-12-06
5,1.0,1.5,1.5,credit card,UNKNOWN,2023-01-15
7,2.0,1.0,2.0,cash,Takeaway,2023-03-01
0,1.0,2.0,2.0,unknown,Unknown,2023-07-22
1,4.0,3.0,12.0,unknown,UNKNOWN,2023-03-07
3,2.0,5.0,10.0,cash,Unknown,2023-03-12
3,2.0,2.949984155487483,10.0,cash,Unknown,2023-05-23
1,3.028463396702027,3.0,3.0,unknown,In-store,2023-12-25
2,4.0,1.0,4.0,unknown,Takeaway,2023-03-08
1,4.0,3.0,12.0,cash,Takeaway,2023-02-06
4,5.0,4.0,20.0,digital wallet,Takeaway,2023-06-07
3,4.0,2.949984155487483,20.0,digital wallet,Unknown,2023-01-31
0,1.0,2.0,2.0,digital wallet,In-store,2023-04-06
3,2.0,5.0,10.0,digital wallet,Unknown,2023-05-20
6,5.0,4.0,20.0,credit card,In-store,2023-02-20
9,2.0,1.5,3.0,digital wallet,Takeaway,2023-11-14
5,5.0,2.0,10.0,credit card,Unknown,2023-03-10
7,3.028463396702027,1.5,4.5,credit card,In-store,2023-03-22
8,5.0,3.0,15.0,credit card,Unknown,2023-07-14
1,2.0,2.949984155487483,6.0,credit card,Unknown,2023-06-27
4,4.0,4.0,16.0,unknown,Takeaway,2023-04-13
9,3.0,1.5,4.5,unknown,Unknown,2023-10-17
0,3.0,2.0,6.0,unknown,Takeaway,2023-02-22
8,2.0,3.0,6.0,digital wallet,Unknown,2023-09-21
8,4.0,3.0,12.0,digital wallet,Takeaway,2023-02-11
8,2.0,3.0,6.0,unknown,In-store,2023-10-08
8,5.0,3.0,15.0,cash,Unknown,2023-01-19
1,4.0,3.0,12.0,credit card,Takeaway,2023-10-22
1,2.0,3.0,6.0,credit card,Unknown,2023-10-11
2,1.0,1.0,1.0,digital wallet,Takeaway,2023-09-01
1,1.0,3.0,3.0,cash,In-store,2023-09-16
1,1.0,3.0,3.0,cash,Takeaway,2023-11-03
0,5.0,2.0,10.0,unknown,Takeaway,2023-05-19
1,3.0,3.0,9.0,credit card,ERROR,2023-03-06
0,1.0,2.0,2.0,unknown,Unknown,2023-12-23
0,1.0,2.0,2.0,credit card,Takeaway,2023-11-04
2,3.0,1.0,3.0,cash,In-store,2023-02-01
0,5.0,2.0,10.0,digital wallet,Takeaway,2023-06-08
9,1.0,1.5,1.5,unknown,In-store,2023-01-11
9,2.0,1.5,3.0,unknown,Unknown,2023-01-09
1,5.0,3.0,15.0,unknown,In-store,2023-10-04
6,3.0,4.0,12.0,unknown,In-store,2023-09-07
9,4.0,1.5,6.0,cash,Takeaway,2023-02-19
2,1.0,1.0,1.0,unknown,In-store,2023-12-15
0,5.0,2.0,10.0,unknown,Unknown,2023-02-03
9,3.0,1.5,4.5,unknown,Takeaway,2023-04-18
-1,2.0,4.0,8.0,cash,In-store,2023-06-22
-1,3.0,1.5,4.5,unknown,Unknown,2023-05-17
0,5.0,2.0,10.0,cash,UNKNOWN,2023-12-28
0,5.0,2.0,10.0,unknown,Unknown,2023-12-05
0,5.0,2.0,8.924352495262161,unknown,Takeaway,2023-03-02
2,4.0,1.0,4.0,cash,In-store,2023-01-26
6,3.0,2.949984155487483,12.0,unknown,Takeaway,2023-07-07
8,4.0,3.0,12.0,cash,In-store,2023-04-11
2,1.0,1.0,1.0,credit card,Takeaway,2023-09-16
6,1.0,4.0,4.0,unknown,Unknown,2023-01-09
4,3.0,4.0,12.0,cash,In-store,2023-02-06
8,4.0,3.0,12.0,cash,In-store,2023-01-30
0,2.0,2.0,4.0,unknown,UNKNOWN,2023-05-17
0,4.0,2.0,8.0,credit card,Takeaway,2023-07-24
3,1.0,5.0,5.0,unknown,UNKNOWN,2023-10-05
6,4.0,4.0,16.0,unknown,In-store,2023-02-02
1,3.0,3.0,9.0,cash,In-store,2023-08-05
6,5.0,4.0,20.0,error,Takeaway,2023-04-26
6,5.0,4.0,20.0,digital wallet,Unknown,2023-01-04
4,5.0,4.0,20.0,cash,Unknown,2023-06-13
0,2.0,2.0,4.0,digital wallet,Unknown,2023-02-06
2,3.0,1.0,8.924352495262161,digital wallet,ERROR,2023-10-23
1,5.0,3.0,15.0,digital wallet,Unknown,2023-05-06
-1,4.0,2.949984155487483,6.0,cash,Takeaway,2023-11-23
7,4.0,1.0,4.0,credit card,In-store,2023-01-14
4,5.0,4.0,20.0,credit card,Unknown,2023-07-26
0,4.0,2.0,8.0,digital wallet,Takeaway,2023-07-27
2,3.028463396702027,1.0,1.0,credit card,In-store,2023-07-02
3,2.0,5.0,10.0,cash,Takeaway,2023-01-15
6,1.0,4.0,4.0,credit card,In-store,2023-08-20
8,3.0,3.0,9.0,digital wallet,In-store,2023-09-19
3,3.0,5.0,15.0,digital wallet,In-store,2023-07-09
6,2.0,4.0,8.924352495262161,digital wallet,Unknown,2023-04-28
1,3.0,3.0,9.0,digital wallet,Unknown,2023-09-08
2,5.0,1.0,5.0,credit card,Unknown,2023-08-05
1,1.0,3.0,3.0,digital wallet,Unknown,2023-06-10
-1,4.0,4.0,16.0,unknown,Takeaway,2023-09-02
0,1.0,2.0,2.0,digital wallet,Takeaway,2023-10-26
1,5.0,3.0,15.0,cash,In-store,2023-05-22
8,4.0,3.0,12.0,cash,Unknown,2023-04-11
5,4.0,5.0,8.924352495262161,cash,Unknown,2023-12-25
4,1.0,4.0,4.0,digital wallet,Takeaway,2023-02-06
3,2.0,5.0,10.0,credit card,UNKNOWN,2023-03-13
0,1.0,2.0,2.0,credit card,Unknown,2023-01-12
7,2.0,3.0,6.0,credit card,Takeaway,2023-02-12
1,4.0,3.0,12.0,unknown,Unknown,2023-02-06
3,2.0,5.0,10.0,cash,In-store,2023-02-08
0,3.0,2.0,6.0,digital wallet,Takeaway,2023-08-25
8,3.0,3.0,9.0,digital wallet,Unknown,2023-02-24
2,2.0,1.0,2.0,digital wallet,Unknown,2023-11-02
3,1.0,2.949984155487483,5.0,unknown,In-store,2023-02-12
6,3.0,4.0,12.0,credit card,Unknown,2023-10-19
1,5.0,3.0,15.0,digital wallet,In-store,2023-01-28
3,3.028463396702027,5.0,10.0,credit card,Unknown,2023-04-02
0,3.0,2.0,6.0,unknown,In-store,2023-12-24
1,2.0,3.0,6.0,digital wallet,In-store,2023-04-06
2,4.0,1.0,4.0,unknown,Unknown,2023-12-26
3,4.0,5.0,20.0,digital wallet,Takeaway,2023-04-26
2,4.0,1.0,4.0,error,In-store,2023-02-04
1,4.0,3.0,12.0,credit card,Unknown,2023-10-13
9,5.0,1.5,7.5,cash,Takeaway,2023-10-30
9,3.0,1.5,4.5,unknown,UNKNOWN,2023-04-26
8,3.0,3.0,9.0,digital wallet,Unknown,2023-07-14
0,5.0,2.0,10.0,cash,In-store,2023-02-06
9,5.0,1.5,7.5,cash,Unknown,2023-07-05
2,3.0,1.0,3.0,digital wallet,In-store,2023-12-18
9,5.0,1.5,7.5,credit card,Takeaway,2023-10-09
9,1.0,1.5,1.5,unknown,Unknown,2023-10-04
5,2.0,4.0,8.0,credit card,Unknown,2023-08-26
6,4.0,4.0,8.924352495262161,unknown,Takeaway,2023-02-13
4,1.0,4.0,4.0,cash,Takeaway,2023-07-17
8,4.0,3.0,12.0,digital wallet,Takeaway,2023-08-05
8,3.0,3.0,9.0,cash,In-store,2023-11-19
1,1.0,3.0,3.0,unknown,Takeaway,2023-05-15
2,5.0,1.0,5.0,credit card,In-store,2023-10-03
1,4.0,3.0,12.0,digital wallet,Takeaway,2023-01-23
3,1.0,5.0,5.0,cash,In-store,2023-10-26
3,1.0,5.0,5.0,credit card,Unknown,2023-08-29
2,1.0,1.0,1.0,error,Takeaway,2023-09-24
4,4.0,4.0,16.0,credit card,Unknown,2023-10-12
0,4.0,2.0,8.0,unknown,Unknown,2023-12-10
6,4.0,4.0,16.0,cash,Unknown,2023-07-08
0,5.0,2.949984155487483,10.0,digital wallet,Takeaway,2023-06-08
2,2.0,1.0,2.0,credit card,UNKNOWN,2023-11-08
6,3.028463396702027,4.0,12.0,credit card,In-store,2023-02-28
1,1.0,3.0,3.0,unknown,Unknown,2023-06-10
1,2.0,3.0,6.0,credit card,Takeaway,2023-03-06
-1,4.0,1.0,4.0,unknown,Takeaway,2023-01-14
3,2.0,5.0,10.0,cash,Takeaway,2023-07-26
4,4.0,4.0,16.0,cash,Takeaway,2023-05-17
2,4.0,1.0,4.0,cash,In-store,2023-06-23
2,4.0,1.0,4.0,cash,Unknown,2023-05-28
8,4.0,3.0,12.0,credit card,In-store,2023-05-21
9,5.0,1.5,7.5,digital wallet,Takeaway,2023-09-29
2,5.0,1.0,5.0,digital wallet,ERROR,2023-09-27
1,3.0,3.0,9.0,digital wallet,In-store,2023-03-14
9,1.0,1.5,1.5,unknown,Takeaway,2023-10-22
5,3.028463396702027,4.0,12.0,unknown,In-store,2023-08-16
0,3.0,2.0,6.0,digital wallet,Takeaway,2023-12-11
3,3.0,5.0,15.0,digital wallet,Unknown,2023-04-09
8,3.0,3.0,9.0,unknown,In-store,2023-06-18
6,4.0,4.0,16.0,cash,Takeaway,2023-03-18
1,4.0,3.0,12.0,credit card,Takeaway,2023-11-09
3,3.0,5.0,15.0,credit card,Takeaway,2023-07-26
5,1.0,5.0,5.0,unknown,Unknown,2023-05-20
3,2.0,5.0,10.0,unknown,In-store,2023-07-29
0,3.0,2.0,6.0,unknown,Takeaway,2023-02-09
6,1.0,2.949984155487483,4.0,digital wallet,Takeaway,2023-12-13
6,2.0,4.0,8.0,credit card,Unknown,2023-05-04
1,5.0,3.0,15.0,digital wallet,In-store,2023-10-24
6,1.0,4.0,4.0,credit card,Takeaway,2023-04-06
7,5.0,2.0,10.0,unknown,Unknown,2023-10-26
0,4.0,2.0,8.0,cash,Takeaway,2023-06-16
8,2.0,3.0,6.0,error,In-store,2023-12-24
-1,4.0,4.0,16.0,cash,Unknown,2023-06-19
8,5.0,3.0,15.0,unknown,Takeaway,2023-04-02
0,5.0,2.0,10.0,unknown,In-store,2023-10-07
8,5.0,3.0,15.0,cash,Unknown,2023-12-12
9,5.0,1.5,7.5,credit card,In-store,2023-10-28
6,4.0,4.0,8.924352495262161,unknown,Unknown,2023-07-31
8,4.0,3.0,8.924352495262161,credit card,Unknown,2023-10-24
2,1.0,1.0,1.0,credit card,In-store,2023-02-07
2,5.0,1.0,5.0,cash,In-store,2023-02-19
2,1.0,1.0,1.0,credit card,In-store,2023-03-13
1,4.0,3.0,12.0,digital wallet,Unknown,2023-09-03
1,4.0,3.0,12.0,credit card,In-store,2023-06-26
-1,3.0,3.0,8.924352495262161,cash,Unknown,2023-12-25
9,1.0,1.5,1.5,credit card,Unknown,2023-08-01
8,3.0,3.0,9.0,digital wallet,In-store,2023-08-02
3,2.0,2.949984155487483,10.0,unknown,Unknown,2023-06-29
3,2.0,5.0,10.0,cash,In-store,2023-07-13
8,2.0,3.0,6.0,credit card,Unknown,2023-03-01
9,2.0,1.5,3.0,credit card,Takeaway,2023-08-10
0,5.0,2.0,10.0,digital wallet,Takeaway,2023-03-20
4,5.0,4.0,20.0,digital wallet,Takeaway,2023-11-04
4,1.0,4.0,4.0,unknown,In-store,2023-07-11
3,3.0,5.0,15.0,unknown,Takeaway,2023-12-21
7,5.0,5.0,25.0,credit card,In-store,2023-04-01
8,1.0,3.0,3.0,credit card,In-store,2023-10-14
4,1.0,4.0,8.924352495262161,unknown,Takeaway,2023-11-18
2,3.0,1.0,3.0,cash,In-store,2023-12-30
-1,2.0,4.0,8.0,cash,Unknown,2023-06-29
0,1.0,2.0,2.0,digital wallet,Takeaway,2023-06-26
3,1.0,5.0,5.0,cash,Takeaway,2023-05-19
2,2.0,2.949984155487483,8.924352495262161,credit card,In-store,2023-11-20
0,2.0,2.0,4.0,cash,In-store,2023-01-30
1,1.0,3.0,3.0,unknown,In-store,2023-07-13
3,5.0,5.0,25.0,cash,In-store,2023-01-17
8,3.0,2.949984155487483,9.0,unknown,Takeaway,2023-09-03
0,2.0,2.0,4.0,credit card,In-store,2023-12-19
2,4.0,1.0,4.0,credit card,In-store,2023-01-14
8,4.0,3.0,12.0,unknown,Unknown,2023-08-22
9,5.0,1.5,7.5,digital wallet,Takeaway,2023-03-03
4,1.0,4.0,4.0,unknown,In-store,2023-12-31
6,5.0,4.0,20.0,cash,Unknown,2023-01-12
9,3.0,1.5,4.5,credit card,Unknown,2023-12-17
1,3.0,3.0,9.0,unknown,Takeaway,2023-01-04
4,1.0,4.0,4.0,credit card,Unknown,2023-10-05
8,3.0,3.0,9.0,unknown,Takeaway,2023-04-23
3,2.0,5.0,10.0,credit card,In-store,2023-12-30
4,2.0,4.0,8.0,unknown,Takeaway,2023-01-16
9,5.0,1.5,7.5,credit card,In-store,2023-01-19
6,2.0,4.0,8.924352495262161,unknown,Unknown,2023-05-12
4,3.0,4.0,12.0,digital wallet,Unknown,2023-10-13
2,2.0,1.0,2.0,digital wallet,Takeaway,2023-04-20
1,2.0,3.0,6.0,unknown,Takeaway,2023-09-01
4,5.0,4.0,8.924352495262161,digital wallet,In-store,2023-02-19
8,4.0,3.0,12.0,digital wallet,In-store,2023-08-06
9,5.0,1.5,7.5,unknown,Takeaway,2023-07-23
6,3.028463396702027,4.0,20.0,unknown,In-store,2023-08-25
2,4.0,1.0,4.0,unknown,Takeaway,2023-02-06
6,4.0,4.0,16.0,unknown,Takeaway,2023-09-10
8,1.0,3.0,3.0,credit card,In-store,2023-03-10
2,2.0,1.0,2.0,unknown,In-store,2023-05-14
0,4.0,2.0,8.0,unknown,Unknown,2023-07-16
1,3.0,3.0,9.0,cash,In-store,2023-12-19
3,5.0,5.0,25.0,cash,Unknown,2023-10-17
0,2.0,2.0,4.0,unknown,Unknown,2023-09-23
4,3.028463396702027,4.0,4.0,digital wallet,Takeaway,2023-03-12
3,1.0,5.0,8.924352495262161,unknown,In-store,2023-06-02
2,3.0,1.0,3.0,credit card,Unknown,2023-03-15
7,2.0,1.5,8.924352495262161,cash,Takeaway,2023-07-21
4,1.0,4.0,4.0,digital wallet,In-store,2023-08-31
6,5.0,4.0,20.0,digital wallet,In-store,2023-05-07
9,4.0,1.5,6.0,unknown,In-store,2023-04-04
4,5.0,4.0,20.0,cash,Unknown,2023-08-29
8,3.0,3.0,9.0,credit card,In-store,2023-01-31
2,1.0,1.0,8.924352495262161,credit card,In-store,2023-10-28
0,2.0,2.0,4.0,digital wallet,In-store,2023-02-03
8,2.0,3.0,6.0,digital wallet,Unknown,2023-04-11
2,3.0,1.0,3.0,unknown,In-store,2023-01-18
0,2.0,2.0,4.0,digital wallet,Takeaway,2023-12-01
7,4.0,5.0,20.0,digital wallet,Unknown,2023-03-30
1,1.0,3.0,3.0,cash,Takeaway,2023-08-23
9,4.0,1.5,6.0,cash,Unknown,2023-09-11
9,5.0,1.5,7.5,unknown,Takeaway,2023-08-21
8,2.0,3.0,6.0,digital wallet,Unknown,2023-08-18
2,4.0,1.0,4.0,credit card,Takeaway,2023-01-15
-1,4.0,1.5,6.0,unknown,In-store,2023-03-16
0,1.0,2.949984155487483,2.0,unknown,Unknown,2023-02-17
7,1.0,2.0,2.0,digital wallet,In-store,2023-01-21
6,1.0,4.0,4.0,credit card,Unknown,2023-06-10
1,5.0,3.0,15.0,unknown,Unknown,2023-02-05
9,4.0,1.5,6.0,digital wallet,Takeaway,2023-09-05
9,1.0,1.5,1.5,cash,UNKNOWN,2023-08-18
0,3.0,2.0,6.0,unknown,Unknown,2023-09-11
2,1.0,1.0,8.924352495262161,cash,In-store,2023-02-06
4,4.0,4.0,16.0,digital wallet,In-store,2023-06-04
7,2.0,2.0,4.0,cash,In-store,2023-10-20
-1,3.0,3.0,9.0,credit card,Unknown,2023-05-24
2,3.028463396702027,1.0,1.0,credit card,In-store,2023-05-08
2,4.0,1.0,4.0,unknown,In-store,2023-11-27
6,1.0,4.0,4.0,credit card,In-store,2023-07-08
1,3.0,3.0,9.0,cash,Unknown,2023-12-09
9,4.0,1.5,6.0,credit card,In-store,2023-12-01
5,1.0,2.949984155487483,5.0,error,Unknown,2023-06-03
7,5.0,4.0,20.0,digital wallet,Takeaway,2023-07-03
3,1.0,5.0,8.924352495262161,cash,Takeaway,2023-05-31
3,5.0,5.0,25.0,unknown,UNKNOWN,2023-08-15
1,5.0,3.0,15.0,unknown,Unknown,2023-11-29
4,3.0,4.0,12.0,error,Takeaway,2023-04-25
9,4.0,1.5,6.0,unknown,In-store,2023-01-12
0,4.0,2.0,8.0,unknown,Unknown,2023-10-20
5,3.028463396702027,1.0,4.0,unknown,In-store,2023-01-12
2,1.0,1.0,1.0,cash,Takeaway,2023-06-10
4,4.0,4.0,16.0,cash,In-store,2023-09-12
8,1.0,3.0,3.0,cash,In-store,2023-04-28
3,3.0,5.0,15.0,unknown,In-store,2023-04-30
3,4.0,5.0,20.0,credit card,UNKNOWN,2023-11-01
9,5.0,1.5,7.5,unknown,In-store,2023-04-25
8,4.0,2.949984155487483,12.0,credit card,Unknown,2023-04-08
0,3.0,2.0,6.0,cash,Takeaway,2023-10-31
3,5.0,5.0,25.0,digital wallet,In-store,2023-06-18
0,1.0,2.0,2.0,unknown,Unknown,2023-06-06
4,3.028463396702027,4.0,4.0,credit card,UNKNOWN,2023-06-23
7,3.0,2.0,6.0,credit card,Unknown,2023-07-06
9,5.0,1.5,7.5,credit card,Takeaway,2023-01-26
5,2.0,2.0,4.0,credit card,Takeaway,2023-06-17
5,5.0,4.0,20.0,error,In-store,2023-06-01
7,2.0,4.0,8.0,cash,ERROR,2023-12-28
1,1.0,3.0,3.0,credit card,UNKNOWN,2023-07-01
9,1.0,1.5,1.5,cash,Unknown,2023-12-18
-1,5.0,3.0,15.0,credit card,Takeaway,2023-05-07
8,2.0,3.0,6.0,digital wallet,In-store,2023-11-11
6,3.0,4.0,12.0,credit card,Takeaway,2023-04-25
8,5.0,3.0,15.0,cash,ERROR,2023-05-03
2,3.0,2.949984155487483,3.0,unknown,In-store,2023-02-06
4,4.0,4.0,16.0,cash,Takeaway,2023-07-20
6,4.0,4.0,16.0,unknown,In-store,2023-11-27
2,5.0,1.0,5.0,credit card,Takeaway,2023-08-11
2,4.0,2.949984155487483,4.0,unknown,Takeaway,2023-12-19
8,2.0,3.0,6.0,cash,In-store,2023-12-22
7,3.0,5.0,15.0,cash,Takeaway,2023-06-27
1,4.0,3.0,12.0,unknown,Takeaway,2023-02-21
9,3.0,1.5,4.5,unknown,Unknown,2023-07-13
1,1.0,3.0,3.0,unknown,Unknown,2023-12-22
8,1.0,3.0,3.0,unknown,Unknown,2023-05-23
2,5.0,1.0,5.0,credit card,Takeaway,2023-05-10
1,3.0,3.0,9.0,unknown,Takeaway,2023-11-06
0,3.028463396702027,2.0,2.0,unknown,Takeaway,2023-12-07
9,3.028463396702027,1.5,1.5,cash,In-store,2023-09-19
0,1.0,2.0,2.0,digital wallet,In-store,2023-12-26
1,2.0,3.0,6.0,error,In-store,2023-08-29
3,3.0,5.0,15.0,cash,Takeaway,2023-04-09
8,1.0,3.0,3.0,digital wallet,In-store,2023-11-23
6,4.0,4.0,16.0,cash,In-store,2023-01-17
6,3.0,4.0,12.0,unknown,Takeaway,2023-06-10
0,2.0,2.0,4.0,unknown,UNKNOWN,2023-10-21
8,2.0,3.0,6.0,unknown,In-store,2023-10-11
8,3.0,3.0,9.0,credit card,Unknown,2023-05-13
9,2.0,1.5,8.924352495262161,credit card,ERROR,2023-08-28
1,2.0,3.0,6.0,cash,Takeaway,2023-04-09
1,4.0,3.0,12.0,cash,In-store,2023-06-16
3,1.0,5.0,5.0,unknown,In-store,2023-09-18
7,5.0,1.5,7.5,unknown,In-store,2023-10-05
7,2.0,2.949984155487483,8.924352495262161,unknown,In-store,2023-12-14
0,2.0,2.0,4.0,unknown,Unknown,2023-05-07
2,5.0,1.0,5.0,cash,Takeaway,2023-02-07
6,2.0,4.0,8.924352495262161,credit card,Unknown,2023-01-31
6,5.0,4.0,20.0,digital wallet,Unknown,2023-09-26
4,2.0,4.0,8.0,unknown,In-store,2023-01-28
9,3.0,1.5,4.5,unknown,Unknown,2023-05-01
6,2.0,4.0,8.0,cash,In-store,2023-05-28
1,3.028463396702027,3.0,15.0,credit card,UNKNOWN,2023-11-04
2,4.0,1.0,4.0,cash,Takeaway,2023-09-02
1,2.0,3.0,6.0,cash,Takeaway,2023-01-02
9,1.0,1.5,1.5,cash,Unknown,2023-12-29
3,2.0,5.0,10.0,credit card,Unknown,2023-05-08
3,2.0,5.0,10.0,credit card,In-store,2023-06-21
3,4.0,5.0,20.0,cash,In-store,2023-05-29
2,2.0,1.0,2.0,cash,Unknown,2023-09-04
1,1.0,3.0,3.0,credit card,Takeaway,2023-05-24
8,3.0,3.0,9.0,unknown,Takeaway,2023-05-11
8,4.0,2.949984155487483,12.0,credit card,Unknown,2023-07-10
3,3.0,5.0,15.0,cash,ERROR,2023-06-16
9,3.028463396702027,1.5,1.5,unknown,Unknown,2023-06-16
1,5.0,3.0,15.0,digital wallet,In-store,2023-05-22
6,5.0,4.0,20.0,unknown,Unknown,2023-11-16
6,5.0,4.0,20.0,digital wallet,In-store,2023-02-12
8,2.0,3.0,6.0,digital wallet,Takeaway,2023-06-05
6,4.0,4.0,16.0,digital wallet,Unknown,2023-04-06
2,5.0,1.0,5.0,unknown,Takeaway,2023-06-04
9,5.0,1.5,7.5,unknown,In-store,2023-03-07
4,4.0,4.0,16.0,unknown,Takeaway,2023-06-16
9,3.0,1.5,4.5,credit card,In-store,2023-02-22
4,3.0,4.0,12.0,cash,Takeaway,2023-11-19
0,2.0,2.0,4.0,cash,In-store,2023-10-27
1,1.0,3.0,3.0,digital wallet,In-store,2023-07-19
2,3.0,1.0,3.0,cash,In-store,2023-04-20
1,3.0,3.0,9.0,cash,UNKNOWN,2023-03-13
6,1.0,4.0,4.0,digital wallet,In-store,2023-07-08
2,3.028463396702027,1.0,3.0,unknown,In-store,2023-06-17
1,2.0,3.0,6.0,digital wallet,In-store,2023-07-20
3,3.0,5.0,15.0,unknown,Unknown,2023-09-24
9,1.0,1.5,1.5,credit card,Takeaway,2023-12-07
0,2.0,2.0,4.0,unknown,Takeaway,2023-04-05
4,4.0,2.949984155487483,16.0,credit card,Takeaway,2023-12-31
4,1.0,4.0,4.0,unknown,Takeaway,2023-08-08
8,5.0,3.0,15.0,credit card,In-store,2023-05-06
2,3.0,1.0,3.0,cash,Takeaway,2023-05-05
6,1.0,4.0,4.0,cash,Unknown,2023-02-20
0,5.0,2.0,10.0,cash,Takeaway,2023-08-14
1,4.0,3.0,12.0,credit card,Takeaway,2023-09-10
9,1.0,1.5,1.5,cash,In-store,2023-06-22
6,3.0,4.0,12.0,credit card,In-store,2023-04-29
4,5.0,4.0,20.0,digital wallet,Takeaway,2023-12-23
3,2.0,5.0,10.0,unknown,In-store,2023-07-20
2,2.0,1.0,2.0,credit card,In-store,2023-03-31
1,5.0,3.0,15.0,credit card,Takeaway,2023-02-16
1,4.0,3.0,12.0,credit card,ERROR,2023-09-18
4,5.0,4.0,20.0,unknown,In-store,2023-06-18
3,1.0,5.0,5.0,cash,Takeaway,2023-01-05
4,3.0,4.0,12.0,cash,Unknown,2023-09-05
6,4.0,4.0,16.0,credit card,Takeaway,2023-03-22
-1,1.0,3.0,3.0,digital wallet,Takeaway,2023-04-23
0,1.0,2.0,2.0,credit card,Unknown,2023-02-06
0,5.0,2.0,10.0,digital wallet,Unknown,2023-08-22
9,1.0,2.949984155487483,1.5,unknown,In-store,2023-06-28
7,5.0,4.0,20.0,digital wallet,Unknown,2023-02-06
8,1.0,3.0,3.0,unknown,In-store,2023-06-21
1,1.0,3.0,3.0,credit card,In-store,2023-07-20
9,1.0,1.5,1.5,credit card,UNKNOWN,2023-08-23
4,1.0,4.0,4.0,digital wallet,Takeaway,2023-08-22
1,2.0,3.0,6.0,cash,Takeaway,2023-09-17
0,3.0,2.0,6.0,cash,Unknown,2023-09-12
2,4.0,1.0,4.0,cash,In-store,2023-09-04
9,4.0,1.5,6.0,unknown,Takeaway,2023-11-09
1,3.0,2.949984155487483,9.0,cash,Takeaway,2023-06-26
1,3.0,3.0,9.0,unknown,Unknown,2023-02-06
3,1.0,5.0,5.0,cash,In-store,2023-01-10
1,2.0,3.0,6.0,cash,In-store,2023-11-18
4,2.0,4.0,8.0,unknown,Takeaway,2023-01-18
2,3.0,1.0,3.0,credit card,Takeaway,2023-06-02
2,5.0,1.0,5.0,credit card,Takeaway,2023-07-16
6,3.0,4.0,12.0,credit card,Takeaway,2023-09-11
2,1.0,1.0,1.0,digital wallet,In-store,2023-03-20
-1,3.0,3.0,9.0,digital wallet,In-store,2023-12-02
9,3.0,1.5,4.5,digital wallet,Unknown,2023-09-14
2,5.0,1.0,5.0,unknown,In-store,2023-12-10
6,1.0,4.0,4.0,cash,In-store,2023-03-26
2,5.0,1.0,5.0,digital wallet,Unknown,2023-12-22
9,4.0,1.5,6.0,digital wallet,Takeaway,2023-06-30
4,3.0,4.0,12.0,unknown,In-store,2023-10-25
0,1.0,2.0,2.0,unknown,Takeaway,2023-08-29
2,3.0,1.0,3.0,digital wallet,UNKNOWN,2023-07-28
0,1.0,2.0,2.0,error,Takeaway,2023-12-09
9,3.028463396702027,1.5,1.5,credit card,Unknown,2023-09-30
8,1.0,3.0,3.0,unknown,Unknown,2023-07-19
9,5.0,1.5,7.5,digital wallet,In-store,2023-04-08
6,5.0,4.0,20.0,unknown,In-store,2023-01-13
5,4.0,1.0,4.0,cash,Takeaway,2023-08-21
3,1.0,5.0,5.0,credit card,Unknown,2023-05-22
7,2.0,3.0,6.0,digital wallet,Unknown,2023-04-15
4,4.0,4.0,16.0,credit card,Takeaway,2023-01-07
4,5.0,4.0,20.0,cash,Unknown,2023-09-13
3,3.0,5.0,15.0,digital wallet,Unknown,2023-02-10
9,2.0,1.5,3.0,unknown,In-store,2023-02-06
4,3.0,4.0,12.0,unknown,Unknown,2023-12-17
-1,2.0,3.0,6.0,credit card,Takeaway,2023-01-09
4,1.0,4.0,4.0,unknown,In-store,2023-02-06
0,3.028463396702027,2.0,8.924352495262161,digital wallet,Takeaway,2023-09-18
3,1.0,5.0,5.0,credit card,In-store,2023-10-09
2,1.0,1.0,8.924352495262161,cash,Unknown,2023-10-13
3,1.0,5.0,5.0,digital wallet,Takeaway,2023-01-16
8,4.0,3.0,12.0,unknown,Unknown,2023-10-11
1,5.0,3.0,15.0,cash,Unknown,2023-11-13
6,2.0,4.0,8.0,credit card,Takeaway,2023-01-03
3,2.0,5.0,10.0,credit card,Takeaway,2023-09-13
0,1.0,2.949984155487483,2.0,cash,In-store,2023-10-25
8,3.0,3.0,9.0,credit card,Takeaway,2023-01-22
8,5.0,3.0,15.0,credit card,Takeaway,2023-10-30
2,3.0,1.0,3.0,digital wallet,UNKNOWN,2023-04-13
-1,5.0,5.0,25.0,credit card,Unknown,2023-04-23
1,4.0,3.0,12.0,error,In-store,2023-10-10
2,4.0,1.0,4.0,credit card,Unknown,2023-07-17
6,4.0,4.0,16.0,digital wallet,Unknown,2023-11-12
0,3.0,2.0,6.0,unknown,Takeaway,2023-06-07
0,1.0,2.0,2.0,digital wallet,Takeaway,2023-11-19
0,4.0,2.0,8.0,credit card,Takeaway,2023-10-20
6,1.0,4.0,8.924352495262161,unknown,Takeaway,2023-06-30
2,1.0,1.0,1.0,digital wallet,Unknown,2023-09-13
1,5.0,3.0,15.0,cash,Unknown,2023-07-12
-1,5.0,4.0,20.0,unknown,Takeaway,2023-11-13
9,4.0,1.5,6.0,cash,Unknown,2023-08-14
8,4.0,3.0,12.0,cash,Unknown,2023-06-03
9,2.0,1.5,3.0,unknown,In-store,2023-02-22
3,2.0,5.0,10.0,cash,In-store,2023-02-12
6,1.0,4.0,4.0,digital wallet,In-store,2023-12-27
1,4.0,3.0,12.0,cash,Takeaway,2023-01-01
9,3.0,1.5,4.5,cash,Takeaway,2023-03-25
2,1.0,1.0,1.0,credit card,Takeaway,2023-03-20
6,2.0,4.0,8.0,unknown,In-store,2023-02-06
1,5.0,3.0,15.0,digital wallet,In-store,2023-12-04
6,3.0,4.0,12.0,cash,Unknown,2023-04-21
4,5.0,4.0,20.0,digital wallet,Takeaway,2023-02-21
9,2.0,1.5,3.0,unknown,Unknown,2023-04-13
1,1.0,3.0,3.0,credit card,Unknown,2023-08-07
0,4.0,2.0,8.0,cash,In-store,2023-10-10
4,3.0,4.0,12.0,digital wallet,ERROR,2023-07-16
6,3.0,4.0,12.0,credit card,Takeaway,2023-02-06
1,3.028463396702027,3.0,15.0,unknown,Unknown,2023-05-15
8,2.0,3.0,6.0,digital wallet,In-store,2023-11-19
2,5.0,1.0,5.0,credit card,ERROR,2023-02-06
5,4.0,3.0,12.0,error,Unknown,2023-12-09
6,3.0,4.0,12.0,credit card,In-store,2023-01-12
9,5.0,1.5,7.5,digital wallet,In-store,2023-01-17
-1,3.0,1.0,3.0,credit card,In-store,2023-07-21
2,2.0,1.0,2.0,cash,Unknown,2023-12-11
6,1.0,4.0,4.0,cash,Takeaway,2023-11-08
5,2.0,3.0,6.0,cash,In-store,2023-09-27
5,3.028463396702027,2.0,10.0,credit card,UNKNOWN,2023-06-29
2,3.0,1.0,3.0,credit card,In-store,2023-01-12
9,3.0,1.5,4.5,unknown,Unknown,2023-07-03
0,2.0,2.0,4.0,digital wallet,In-store,2023-02-06
3,2.0,5.0,8.924352495262161,digital wallet,Takeaway,2023-04-10
8,5.0,3.0,15.0,error,Unknown,2023-03-10
9,5.0,1.5,8.924352495262161,credit card,Unknown,2023-04-12
3,5.0,5.0,25.0,error,Takeaway,2023-05-08
3,5.0,5.0,25.0,unknown,Takeaway,2023-04-21
6,2.0,4.0,8.0,digital wallet,In-store,2023-12-29
1,4.0,3.0,12.0,credit card,Unknown,2023-10-04
1,4.0,3.0,12.0,unknown,Takeaway,2023-09-06
5,3.0,3.0,9.0,digital wallet,In-store,2023-02-06
4,2.0,4.0,8.0,unknown,Takeaway,2023-12-13
6,5.0,4.0,20.0,cash,Unknown,2023-02-06
1,1.0,3.0,3.0,unknown,Unknown,2023-03-13
2,5.0,1.0,5.0,unknown,In-store,2023-08-17
5,5.0,4.0,20.0,unknown,In-store,2023-08-10
8,1.0,3.0,3.0,digital wallet,Unknown,2023-03-28
3,3.028463396702027,5.0,25.0,unknown,Unknown,2023-08-15
5,2.0,3.0,6.0,unknown,In-store,2023-09-09
0,2.0,2.0,4.0,digital wallet,Unknown,2023-07-23
0,5.0,2.0,10.0,credit card,Unknown,2023-08-04
9,3.028463396702027,1.5,1.5,cash,Takeaway,2023-07-25
6,2.0,4.0,8.0,digital wallet,Unknown,2023-11-02
0,4.0,2.0,8.0,digital wallet,Unknown,2023-01-22
6,3.028463396702027,4.0,20.0,cash,In-store,2023-06-13
1,3.028463396702027,3.0,12.0,unknown,In-store,2023-09-09
4,5.0,4.0,20.0,credit card,In-store,2023-02-15
2,3.0,1.0,3.0,cash,Takeaway,2023-04-14
3,3.0,5.0,15.0,cash,In-store,2023-03-13
0,3.0,2.949984155487483,6.0,credit card,In-store,2023-02-06
8,5.0,3.0,15.0,unknown,Takeaway,2023-02-06
9,1.0,1.5,1.5,cash,In-store,2023-06-12
8,5.0,3.0,15.0,credit card,Unknown,2023-10-02
6,3.0,4.0,12.0,digital wallet,UNKNOWN,2023-06-26
6,3.0,2.949984155487483,12.0,cash,Takeaway,2023-05-27
3,2.0,5.0,10.0,credit card,Unknown,2023-01-27
9,1.0,1.5,1.5,cash,Unknown,2023-02-05
9,5.0,1.5,7.5,digital wallet,Unknown,2023-11-04
2,3.0,1.0,3.0,unknown,Takeaway,2023-10-17
6,2.0,4.0,8.0,unknown,In-store,2023-10-23
8,2.0,3.0,6.0,credit card,Unknown,2023-02-03
5,3.028463396702027,2.0,10.0,unknown,In-store,2023-05-28
6,4.0,4.0,16.0,unknown,Takeaway,2023-10-03
2,3.0,2.949984155487483,3.0,credit card,Takeaway,2023-08-31
7,3.0,1.0,3.0,digital wallet,In-store,2023-07-11
3,5.0,5.0,25.0,credit card,Takeaway,2023-11-28
1,2.0,3.0,6.0,unknown,UNKNOWN,2023-05-18
9,4.0,1.5,6.0,digital wallet,Unknown,2023-06-09
3,2.0,5.0,10.0,cash,In-store,2023-04-30
0,3.0,2.0,6.0,cash,In-store,2023-09-17
4,2.0,4.0,8.0,unknown,In-store,2023-04-09
2,5.0,1.0,5.0,unknown,Unknown,2023-04-02
6,4.0,4.0,16.0,cash,ERROR,2023-07-28
6,4.0,4.0,16.0,unknown,Unknown,2023-12-23
2,5.0,2.949984155487483,5.0,digital wallet,UNKNOWN,2023-02-06
-1,1.0,1.0,1.0,cash,UNKNOWN,2023-04-21
1,2.0,3.0,6.0,unknown,Unknown,2023-02-06
4,1.0,4.0,4.0,credit card,In-store,2023-05-18
9,3.0,1.5,4.5,credit card,Unknown,2023-02-08
4,3.0,4.0,12.0,unknown,Takeaway,2023-10-06
0,5.0,2.0,10.0,digital wallet,Unknown,2023-08-02
3,4.0,5.0,20.0,credit card,Unknown,2023-09-05
3,1.0,5.0,5.0,unknown,In-store,2023-06-17
9,1.0,1.5,1.5,unknown,In-store,2023-09-02
-1,3.028463396702027,2.0,8.0,unknown,Takeaway,2023-09-09
2,3.0,1.0,3.0,credit card,Takeaway,2023-01-14
0,5.0,2.0,10.0,unknown,Takeaway,2023-07-26
6,3.028463396702027,4.0,20.0,digital wallet,Unknown,2023-09-28
0,1.0,2.0,2.0,digital wallet,Unknown,2023-03-15
8,1.0,3.0,3.0,credit card,Takeaway,2023-02-06
8,5.0,3.0,15.0,error,Unknown,2023-07-03
1,4.0,3.0,12.0,digital wallet,Takeaway,2023-11-23
1,5.0,3.0,15.0,cash,Unknown,2023-10-31
6,2.0,4.0,8.0,digital wallet,Unknown,2023-08-05
8,4.0,3.0,12.0,digital wallet,In-store,2023-11-02
1,5.0,3.0,15.0,credit card,Takeaway,2023-01-25
1,1.0,3.0,3.0,cash,In-store,2023-05-15
2,4.0,1.0,4.0,cash,In-store,2023-10-05
9,5.0,1.5,7.5,credit card,In-store,2023-02-14
1,4.0,3.0,12.0,digital wallet,Unknown,2023-10-17
0,2.0,2.0,4.0,cash,Unknown,2023-07-03
4,2.0,4.0,8.0,error,Unknown,2023-04-27
0,3.0,2.0,6.0,credit card,Unknown,2023-09-15
3,5.0,5.0,25.0,unknown,Unknown,2023-02-06
1,3.028463396702027,3.0,6.0,cash,UNKNOWN,2023-04-06
2,5.0,1.0,5.0,credit card,Takeaway,2023-11-30
0,4.0,2.0,8.0,digital wallet,Takeaway,2023-05-11
9,2.0,1.5,3.0,cash,Unknown,2023-11-23
1,5.0,3.0,15.0,cash,Unknown,2023-02-06
9,5.0,1.5,7.5,unknown,Takeaway,2023-06-12
9,2.0,1.5,3.0,unknown,UNKNOWN,2023-02-06
1,5.0,3.0,15.0,cash,Takeaway,2023-02-19
4,1.0,4.0,4.0,cash,In-store,2023-06-02
6,4.0,4.0,16.0,credit card,Unknown,2023-03-23
2,2.0,1.0,2.0,credit card,In-store,2023-09-13
9,4.0,2.949984155487483,6.0,unknown,In-store,2023-06-12
1,3.0,3.0,9.0,unknown,Unknown,2023-10-31
6,4.0,2.949984155487483,16.0,cash,Unknown,2023-10-04
1,1.0,3.0,3.0,digital wallet,Unknown,2023-08-31
6,4.0,4.0,16.0,credit card,Unknown,2023-03-27
4,2.0,4.0,8.0,credit card,Unknown,2023-09-02
6,5.0,4.0,20.0,credit card,In-store,2023-12-02
4,4.0,4.0,16.0,credit card,Takeaway,2023-11-09
7,3.0,3.0,8.924352495262161,unknown,Takeaway,2023-03-17
1,2.0,3.0,6.0,credit card,UNKNOWN,2023-06-06
4,3.0,4.0,12.0,unknown,In-store,2023-10-04
1,3.0,3.0,9.0,credit card,In-store,2023-03-16
6,5.0,4.0,20.0,digital wallet,In-store,2023-02-02
4,2.0,4.0,8.0,cash,Takeaway,2023-09-11
1,4.0,3.0,12.0,credit card,In-store,2023-06-30
6,2.0,4.0,8.0,cash,Takeaway,2023-06-30
2,2.0,1.0,8.924352495262161,cash,ERROR,2023-07-12
7,5.0,3.0,15.0,cash,UNKNOWN,2023-09-25
2,3.0,1.0,8.924352495262161,cash,Takeaway,2023-11-30
0,4.0,2.949984155487483,8.0,cash,In-store,2023-01-25
8,1.0,3.0,3.0,credit card,Unknown,2023-03-29
0,1.0,2.0,2.0,digital wallet,Takeaway,2023-12-18
9,5.0,1.5,7.5,cash,In-store,2023-06-30
8,3.0,3.0,9.0,cash,In-store,2023-04-23
8,4.0,3.0,12.0,digital wallet,In-store,2023-10-25
9,1.0,1.5,1.5,digital wallet,Takeaway,2023-10-16
-1,5.0,3.0,15.0,unknown,Takeaway,2023-09-07
3,3.0,5.0,15.0,unknown,Takeaway,2023-01-28
9,4.0,2.949984155487483,6.0,cash,Takeaway,2023-01-06
6,2.0,4.0,8.0,digital wallet,Takeaway,2023-06-16
0,4.0,2.0,8.0,unknown,Unknown,2023-05-29
3,2.0,5.0,10.0,unknown,In-store,2023-05-06
4,2.0,4.0,8.0,unknown,Unknown,2023-11-15
1,3.028463396702027,3.0,9.0,cash,Takeaway,2023-12-29
0,3.0,2.0,6.0,error,ERROR,2023-08-02
1,2.0,3.0,6.0,digital wallet,Unknown,2023-12-12
8,5.0,3.0,15.0,unknown,Unknown,2023-08-13
5,1.0,2.0,8.924352495262161,cash,Takeaway,2023-05-18
8,5.0,3.0,15.0,digital wallet,Unknown,2023-08-14
8,1.0,3.0,3.0,credit card,Takeaway,2023-05-02
0,2.0,2.0,4.0,cash,Unknown,2023-12-02
-1,5.0,4.0,20.0,credit card,Unknown,2023-12-25
2,2.0,1.0,2.0,credit card,In-store,2023-02-06
4,1.0,4.0,4.0,cash,UNKNOWN,2023-06-09
7,5.0,1.5,7.5,credit card,Unknown,2023-07-16
9,2.0,1.5,3.0,unknown,Unknown,2023-03-16
3,3.0,5.0,8.924352495262161,digital wallet,Unknown,2023-03-21
9,2.0,2.949984155487483,3.0,unknown,Unknown,2023-10-30
0,1.0,2.0,2.0,digital wallet,Unknown,2023-03-17
3,4.0,5.0,20.0,cash,Takeaway,2023-02-14
8,2.0,3.0,6.0,digital wallet,In-store,2023-11-07
6,2.0,4.0,8.0,credit card,Takeaway,2023-07-07
-1,3.0,3.0,9.0,cash,In-store,2023-09-08
2,1.0,1.0,1.0,unknown,Unknown,2023-03-06
3,5.0,5.0,25.0,credit card,Takeaway,2023-12-14
8,5.0,3.0,15.0,digital wallet,Takeaway,2023-10-26
4,5.0,4.0,20.0,cash,Unknown,2023-10-01
1,2.0,2.949984155487483,6.0,credit card,In-store,2023-02-23
8,5.0,3.0,15.0,cash,Takeaway,2023-02-06
6,2.0,4.0,8.0,cash,Takeaway,2023-01-14
0,3.028463396702027,2.0,8.0,error,In-store,2023-03-07
3,2.0,5.0,10.0,credit card,Unknown,2023-01-22
9,3.0,1.5,4.5,credit card,Takeaway,2023-09-18
6,3.0,2.949984155487483,12.0,digital wallet,In-store,2023-08-14
8,3.0,3.0,9.0,digital wallet,ERROR,2023-03-12
6,1.0,4.0,8.924352495262161,unknown,In-store,2023-01-16
3,2.0,5.0,10.0,digital wallet,Unknown,2023-12-19
0,3.0,2.0,6.0,cash,Takeaway,2023-03-03
6,2.0,4.0,8.0,unknown,Unknown,2023-12-09
7,1.0,3.0,3.0,credit card,Unknown,2023-01-05
6,1.0,4.0,4.0,cash,Takeaway,2023-10-27
0,2.0,2.0,4.0,digital wallet,Unknown,2023-04-13
3,2.0,5.0,10.0,cash,Unknown,2023-07-23
1,5.0,2.949984155487483,15.0,unknown,Takeaway,2023-10-06
9,3.0,1.5,4.5,digital wallet,In-store,2023-09-21
3,4.0,5.0,20.0,unknown,Takeaway,2023-04-15
4,4.0,4.0,16.0,digital wallet,ERROR,2023-10-16
1,5.0,3.0,15.0,credit card,Unknown,2023-02-06
9,4.0,1.5,6.0,credit card,Unknown,2023-09-30
2,1.0,1.0,8.924352495262161,digital wallet,In-store,2023-05-05
2,5.0,2.949984155487483,5.0,credit card,Unknown,2023-06-21
9,2.0,1.5,3.0,unknown,Unknown,2023-02-06
8,2.0,3.0,6.0,credit card,Takeaway,2023-12-19
3,4.0,5.0,20.0,error,Unknown,2023-04-16
9,4.0,1.5,6.0,error,In-store,2023-06-15
3,3.0,5.0,15.0,unknown,Unknown,2023-05-14
8,2.0,3.0,6.0,digital wallet,Takeaway,2023-05-15
2,2.0,1.0,2.0,credit card,Takeaway,2023-05-06
4,4.0,2.949984155487483,16.0,digital wallet,In-store,2023-11-30
4,1.0,4.0,4.0,cash,Unknown,2023-08-01
2,1.0,1.0,1.0,unknown,In-store,2023-11-10
9,3.0,1.5,4.5,credit card,In-store,2023-10-08
0,1.0,2.0,2.0,digital wallet,In-store,2023-08-21
1,4.0,3.0,12.0,cash,Unknown,2023-10-22
9,2.0,1.5,3.0,credit card,Unknown,2023-10-25
0,4.0,2.0,8.0,unknown,Takeaway,2023-02-28
0,3.028463396702027,2.0,2.0,unknown,Unknown,2023-11-02
0,4.0,2.0,8.0,cash,UNKNOWN,2023-08-11
9,4.0,1.5,6.0,unknown,Takeaway,2023-02-21
9,4.0,1.5,6.0,digital wallet,Unknown,2023-12-09
9,5.0,1.5,7.5,unknown,In-store,2023-02-06
4,5.0,4.0,20.0,credit card,Takeaway,2023-08-16
8,5.0,3.0,15.0,unknown,Unknown,2023-05-25
4,3.0,4.0,12.0,digital wallet,Takeaway,2023-10-27
2,5.0,1.0,5.0,cash,In-store,2023-11-26
4,2.0,4.0,8.0,unknown,Unknown,2023-10-23
0,2.0,2.0,4.0,credit card,UNKNOWN,2023-09-16
6,1.0,4.0,4.0,cash,In-store,2023-05-06
9,2.0,1.5,3.0,credit card,Takeaway,2023-02-03
2,1.0,1.0,8.924352495262161,credit card,UNKNOWN,2023-04-25
4,3.0,4.0,12.0,digital wallet,Unknown,2023-02-06
4,2.0,4.0,8.0,credit card,Takeaway,2023-02-08
3,2.0,5.0,10.0,credit card,Takeaway,2023-03-13
4,3.0,4.0,12.0,credit card,Takeaway,2023-09-01
9,3.028463396702027,1.5,1.5,digital wallet,Takeaway,2023-11-27
6,2.0,4.0,8.0,cash,Takeaway,2023-03-07
0,2.0,2.0,4.0,credit card,Unknown,2023-08-17
1,2.0,3.0,6.0,digital wallet,Unknown,2023-09-30
2,4.0,1.0,4.0,cash,Takeaway,2023-01-13
9,4.0,1.5,6.0,cash,Takeaway,2023-08-11
4,4.0,4.0,16.0,cash,Takeaway,2023-02-09
9,1.0,1.5,1.5,error,Takeaway,2023-10-25
9,5.0,1.5,7.5,unknown,In-store,2023-07-04
3,3.0,5.0,15.0,cash,Unknown,2023-11-16
-1,1.0,3.0,3.0,unknown,In-store,2023-07-04
2,3.028463396702027,1.0,5.0,digital wallet,In-store,2023-07-20
3,2.0,5.0,10.0,unknown,Unknown,2023-09-12
3,2.0,5.0,10.0,credit card,Unknown,2023-03-16
8,2.0,3.0,6.0,digital wallet,In-store,2023-05-02
4,3.0,4.0,12.0,digital wallet,In-store,2023-05-26
6,4.0,4.0,16.0,digital wallet,Unknown,2023-08-26
4,3.028463396702027,4.0,4.0,unknown,In-store,2023-05-11
1,2.0,3.0,6.0,unknown,Unknown,2023-06-18
6,2.0,4.0,8.0,credit card,Unknown,2023-02-05
2,5.0,1.0,5.0,cash,Unknown,2023-08-23
6,1.0,4.0,4.0,credit card,Takeaway,2023-09-02
9,3.0,1.5,4.5,unknown,In-store,2023-07-05
1,5.0,3.0,15.0,unknown,In-store,2023-06-16
8,2.0,3.0,6.0,digital wallet,Takeaway,2023-04-20
4,1.0,4.0,4.0,credit card,ERROR,2023-07-24
6,5.0,4.0,20.0,cash,ERROR,2023-02-02
7,3.028463396702027,1.5,4.5,unknown,Takeaway,2023-05-31
9,1.0,1.5,1.5,cash,Unknown,2023-04-30
1,5.0,3.0,15.0,unknown,In-store,2023-08-07
2,5.0,1.0,5.0,unknown,Takeaway,2023-09-26
1,3.0,3.0,9.0,credit card,In-store,2023-09-30
3,4.0,5.0,20.0,unknown,Takeaway,2023-10-17
9,4.0,1.5,6.0,credit card,In-store,2023-11-18
4,3.0,4.0,12.0,digital wallet,Takeaway,2023-09-30
5,4.0,1.0,4.0,unknown,Takeaway,2023-06-17
4,2.0,4.0,8.0,digital wallet,Unknown,2023-10-19
1,5.0,2.949984155487483,15.0,digital wallet,In-store,2023-05-30
8,2.0,3.0,6.0,credit card,Unknown,2023-07-04
8,5.0,3.0,15.0,unknown,In-store,2023-04-20
6,3.028463396702027,4.0,20.0,cash,In-store,2023-06-12
2,3.0,1.0,3.0,digital wallet,Takeaway,2023-09-07
9,2.0,1.5,3.0,credit card,Takeaway,2023-01-06
3,5.0,5.0,25.0,credit card,Takeaway,2023-07-23
6,5.0,4.0,20.0,digital wallet,Takeaway,2023-06-12
1,2.0,3.0,6.0,unknown,Takeaway,2023-02-06
1,5.0,3.0,15.0,error,In-store,2023-01-13
6,5.0,4.0,20.0,unknown,In-store,2023-08-11
7,2.0,3.0,6.0,unknown,Unknown,2023-12-20
8,3.0,3.0,9.0,error,In-store,2023-10-27
-1,4.0,1.0,4.0,unknown,In-store,2023-08-04
6,5.0,4.0,20.0,digital wallet,Takeaway,2023-08-29
8,5.0,3.0,15.0,cash,In-store,2023-12-25
6,3.0,4.0,12.0,cash,In-store,2023-05-08
5,3.0,2.0,6.0,digital wallet,Takeaway,2023-11-23
6,1.0,4.0,4.0,unknown,Unknown,2023-09-27
2,3.0,1.0,3.0,credit card,UNKNOWN,2023-12-11
8,4.0,3.0,8.924352495262161,error,In-store,2023-05-27
0,2.0,2.0,4.0,unknown,Unknown,2023-10-18
1,5.0,3.0,15.0,digital wallet,Unknown,2023-10-15
3,1.0,5.0,5.0,unknown,Takeaway,2023-03-09
2,4.0,1.0,8.924352495262161,unknown,In-store,2023-12-18
4,1.0,4.0,4.0,unknown,In-store,2023-07-13
6,2.0,4.0,8.0,credit card,Takeaway,2023-08-28
3,2.0,5.0,10.0,credit card,Takeaway,2023-02-18
8,1.0,3.0,3.0,unknown,In-store,2023-01-29
4,2.0,4.0,8.924352495262161,cash,Takeaway,2023-11-18
9,3.0,1.5,4.5,digital wallet,In-store,2023-04-18
3,3.0,5.0,15.0,digital wallet,Takeaway,2023-09-18
1,2.0,3.0,6.0,credit card,Unknown,2023-11-28
0,5.0,2.0,10.0,cash,UNKNOWN,2023-10-04
6,3.0,4.0,12.0,error,ERROR,2023-08-12
0,4.0,2.0,8.0,error,Unknown,2023-03-30
1,5.0,3.0,15.0,cash,Takeaway,2023-03-07
1,2.0,3.0,6.0,error,Takeaway,2023-04-02
2,5.0,1.0,5.0,unknown,Takeaway,2023-05-12
5,2.0,1.0,2.0,credit card,In-store,2023-05-17
3,2.0,5.0,10.0,unknown,In-store,2023-07-29
5,1.0,3.0,3.0,unknown,Unknown,2023-08-12
4,2.0,4.0,8.0,credit card,In-store,2023-05-29
9,4.0,1.5,6.0,unknown,In-store,2023-04-27
4,2.0,4.0,8.0,unknown,In-store,2023-07-14
8,3.028463396702027,3.0,6.0,credit card,Takeaway,2023-10-11
0,5.0,2.0,10.0,unknown,Unknown,2023-03-25
2,5.0,1.0,5.0,credit card,In-store,2023-12-11
1,5.0,3.0,15.0,digital wallet,Unknown,2023-03-06
0,1.0,2.0,2.0,digital wallet,Takeaway,2023-10-29
1,1.0,3.0,3.0,cash,Unknown,2023-03-17
0,4.0,2.0,8.0,cash,Unknown,2023-10-20
1,2.0,3.0,6.0,digital wallet,Unknown,2023-06-16
4,3.0,4.0,12.0,digital wallet,Takeaway,2023-04-07
7,1.0,1.0,8.924352495262161,unknown,Takeaway,2023-05-08
8,4.0,3.0,12.0,unknown,Unknown,2023-01-22
6,4.0,4.0,16.0,unknown,In-store,2023-11-08
0,1.0,2.0,2.0,credit card,Unknown,2023-12-24
8,5.0,3.0,15.0,credit card,Takeaway,2023-10-11
5,2.0,2.0,4.0,cash,Takeaway,2023-08-08
6,5.0,4.0,20.0,cash,Takeaway,2023-04-11
0,2.0,2.0,4.0,unknown,Takeaway,2023-03-03
6,2.0,4.0,8.0,unknown,In-store,2023-04-04
6,5.0,4.0,20.0,cash,Takeaway,2023-07-28
6,4.0,4.0,16.0,digital wallet,Unknown,2023-11-14
3,3.0,5.0,15.0,cash,Takeaway,2023-03-12
7,2.0,2.949984155487483,6.0,credit card,Unknown,2023-07-26
4,2.0,4.0,8.0,unknown,In-store,2023-01-02
6,3.0,4.0,12.0,cash,Takeaway,2023-07-20
9,3.028463396702027,1.5,6.0,cash,Takeaway,2023-08-01
3,4.0,5.0,20.0,cash,Unknown,2023-02-06
6,3.0,4.0,12.0,cash,Unknown,2023-02-06
4,3.0,4.0,12.0,credit card,ERROR,2023-01-27
0,2.0,2.0,4.0,cash,Takeaway,2023-12-10
9,4.0,1.5,6.0,digital wallet,In-store,2023-04-08
3,5.0,5.0,25.0,credit card,In-store,2023-02-11
8,2.0,2.949984155487483,6.0,cash,Takeaway,2023-12-17
6,5.0,4.0,8.924352495262161,credit card,Takeaway,2023-12-17
9,4.0,1.5,6.0,digital wallet,Unknown,2023-05-18
7,3.028463396702027,1.5,3.0,credit card,Takeaway,2023-06-19
9,1.0,1.5,1.5,digital wallet,In-store,2023-04-18
3,4.0,5.0,20.0,credit card,In-store,2023-12-30
2,4.0,1.0,4.0,credit card,In-store,2023-10-25
2,4.0,1.0,4.0,error,Unknown,2023-01-09
3,5.0,5.0,25.0,digital wallet,Takeaway,2023-10-26
9,3.0,1.5,4.5,credit card,Takeaway,2023-06-21
0,2.0,2.949984155487483,4.0,unknown,Takeaway,2023-06-18
0,3.0,2.0,6.0,unknown,Takeaway,2023-12-19
6,5.0,4.0,20.0,unknown,In-store,2023-08-28
4,2.0,4.0,8.0,digital wallet,Takeaway,2023-12-07
4,4.0,4.0,16.0,cash,In-store,2023-04-28
9,4.0,1.5,6.0,credit card,In-store,2023-02-09
3,2.0,5.0,10.0,cash,In-store,2023-05-24
4,2.0,4.0,8.0,credit card,In-store,2023-06-18
5,1.0,3.0,3.0,unknown,In-store,2023-10-02
2,3.0,1.0,3.0,credit card,Takeaway,2023-12-27
7,3.0,3.0,8.924352495262161,cash,In-store,2023-05-31
3,2.0,5.0,10.0,digital wallet,Unknown,2023-09-13
8,3.0,3.0,9.0,digital wallet,ERROR,2023-01-28
4,5.0,4.0,20.0,cash,Unknown,2023-08-03
0,2.0,2.0,4.0,unknown,UNKNOWN,2023-08-09
5,3.0,3.0,8.924352495262161,unknown,Unknown,2023-03-28
6,3.028463396702027,4.0,12.0,unknown,In-store,2023-01-31
8,3.0,3.0,9.0,unknown,In-store,2023-10-14
9,2.0,1.5,8.924352495262161,cash,Takeaway,2023-12-24
8,4.0,3.0,12.0,cash,In-store,2023-11-07
6,2.0,4.0,8.0,cash,Takeaway,2023-01-22
4,1.0,4.0,4.0,cash,Unknown,2023-11-09
2,5.0,1.0,5.0,credit card,Unknown,2023-09-01
4,3.0,4.0,12.0,digital wallet,Unknown,2023-08-23
-1,1.0,4.0,4.0,cash,Takeaway,2023-11-01
1,4.0,3.0,12.0,cash,Unknown,2023-01-06
8,1.0,3.0,3.0,cash,Unknown,2023-10-25
3,4.0,5.0,20.0,unknown,In-store,2023-11-28
4,5.0,4.0,20.0,unknown,In-store,2023-07-10
8,5.0,3.0,15.0,error,Takeaway,2023-06-20
6,4.0,4.0,16.0,unknown,Takeaway,2023-03-25
0,3.0,2.949984155487483,6.0,cash,Takeaway,2023-06-23
1,5.0,3.0,15.0,unknown,In-store,2023-12-26
4,3.0,4.0,8.924352495262161,credit card,Unknown,2023-07-21
4,4.0,4.0,16.0,cash,Unknown,2023-12-07
9,3.0,1.5,4.5,cash,Takeaway,2023-01-14
2,3.0,1.0,3.0,unknown,In-store,2023-06-17
9,5.0,1.5,7.5,digital wallet,In-store,2023-06-03
8,3.028463396702027,3.0,3.0,digital wallet,In-store,2023-01-30
4,5.0,4.0,20.0,unknown,Takeaway,2023-06-01
9,4.0,1.5,6.0,error,ERROR,2023-09-16
6,1.0,4.0,4.0,error,Takeaway,2023-10-08
1,5.0,3.0,15.0,credit card,In-store,2023-11-26
8,1.0,3.0,3.0,cash,Unknown,2023-07-16
2,1.0,1.0,1.0,error,ERROR,2023-06-20
8,4.0,3.0,12.0,credit card,In-store,2023-06-27
2,1.0,1.0,8.924352495262161,digital wallet,In-store,2023-04-19
4,1.0,4.0,4.0,digital wallet,Takeaway,2023-03-11
4,3.028463396702027,4.0,12.0,credit card,Takeaway,2023-02-25
8,4.0,3.0,12.0,credit card,In-store,2023-06-06
8,3.0,3.0,9.0,unknown,UNKNOWN,2023-03-16
0,2.0,2.0,4.0,cash,Unknown,2023-01-10
8,5.0,3.0,15.0,digital wallet,Unknown,2023-06-06
0,2.0,2.0,4.0,unknown,In-store,2023-05-23
2,4.0,1.0,4.0,digital wallet,In-store,2023-11-14
8,2.0,3.0,6.0,cash,Unknown,2023-04-10
6,3.0,4.0,12.0,unknown,In-store,2023-08-03
2,5.0,1.0,5.0,cash,In-store,2023-11-12
2,1.0,1.0,1.0,credit card,Unknown,2023-04-23
3,1.0,5.0,5.0,unknown,Unknown,2023-08-31
7,3.0,4.0,12.0,digital wallet,In-store,2023-12-23
6,3.0,2.949984155487483,12.0,credit card,ERROR,2023-12-05
8,2.0,3.0,6.0,credit card,In-store,2023-08-30
3,3.0,5.0,15.0,unknown,In-store,2023-02-06
3,3.028463396702027,5.0,20.0,unknown,Unknown,2023-02-06
4,3.0,4.0,12.0,cash,ERROR,2023-07-21
1,4.0,3.0,12.0,credit card,Takeaway,2023-11-22
0,4.0,2.0,8.0,cash,Takeaway,2023-05-25
3,4.0,5.0,20.0,digital wallet,Unknown,2023-07-13
7,1.0,2.0,2.0,digital wallet,Takeaway,2023-04-05
1,5.0,3.0,15.0,unknown,In-store,2023-02-06
8,3.0,3.0,9.0,credit card,In-store,2023-03-23
2,4.0,1.0,4.0,credit card,Unknown,2023-02-06
8,2.0,3.0,6.0,cash,In-store,2023-02-03
9,3.0,1.5,4.5,credit card,In-store,2023-03-24
4,2.0,4.0,8.0,error,Unknown,2023-12-18
3,1.0,5.0,8.924352495262161,unknown,Unknown,2023-02-15
4,1.0,4.0,4.0,cash,Unknown,2023-05-10
4,3.0,4.0,12.0,credit card,Takeaway,2023-05-07
6,2.0,4.0,8.0,cash,Unknown,2023-06-27
5,3.0,1.5,4.5,cash,In-store,2023-10-12
0,5.0,2.0,10.0,unknown,In-store,2023-03-06
1,5.0,3.0,15.0,digital wallet,Unknown,2023-10-15
2,4.0,1.0,4.0,digital wallet,In-store,2023-09-30
8,1.0,3.0,3.0,cash,In-store,2023-09-27
6,1.0,4.0,4.0,credit card,Unknown,2023-04-27
2,1.0,1.0,1.0,credit card,In-store,2023-12-15
9,4.0,1.5,6.0,digital wallet,Unknown,2023-01-08
1,1.0,3.0,3.0,unknown,Takeaway,2023-04-02
3,2.0,5.0,10.0,cash,Takeaway,2023-08-20
9,3.0,2.949984155487483,4.5,unknown,In-store,2023-06-28
6,3.028463396702027,4.0,16.0,credit card,Takeaway,2023-09-12
3,4.0,5.0,20.0,digital wallet,Unknown,2023-06-17
1,4.0,3.0,12.0,digital wallet,Takeaway,2023-07-04
7,3.0,5.0,15.0,unknown,Unknown,2023-02-06
5,2.0,4.0,8.0,digital wallet,In-store,2023-02-09
5,3.0,3.0,9.0,credit card,Unknown,2023-05-28
6,1.0,4.0,4.0,cash,Unknown,2023-03-17
8,1.0,3.0,3.0,credit card,Takeaway,2023-06-14
9,1.0,1.5,1.5,unknown,UNKNOWN,2023-07-11
3,3.0,5.0,15.0,unknown,In-store,2023-01-12
8,3.0,3.0,9.0,unknown,In-store,2023-04-02
3,2.0,5.0,10.0,credit card,Takeaway,2023-04-12
3,1.0,5.0,5.0,credit card,In-store,2023-11-30
8,2.0,3.0,8.924352495262161,cash,In-store,2023-08-14
9,5.0,1.5,7.5,unknown,ERROR,2023-04-21
9,1.0,1.5,1.5,error,Takeaway,2023-11-17
1,5.0,3.0,15.0,credit card,Unknown,2023-02-06
3,3.028463396702027,5.0,15.0,unknown,ERROR,2023-06-14
2,2.0,1.0,2.0,credit card,Unknown,2023-11-07
3,5.0,5.0,8.924352495262161,digital wallet,Takeaway,2023-04-12
0,2.0,2.0,4.0,cash,Unknown,2023-05-19
2,1.0,1.0,1.0,unknown,Unknown,2023-11-03
9,1.0,2.949984155487483,1.5,unknown,Unknown,2023-04-07
4,4.0,4.0,16.0,unknown,ERROR,2023-02-06
9,3.0,1.5,4.5,unknown,In-store,2023-09-24
9,5.0,1.5,7.5,digital wallet,Takeaway,2023-01-05
8,1.0,3.0,3.0,unknown,Unknown,2023-02-25
4,1.0,4.0,4.0,digital wallet,Unknown,2023-04-24
7,5.0,1.5,7.5,credit card,Unknown,2023-10-28
3,1.0,5.0,5.0,credit card,Takeaway,2023-07-28
6,1.0,4.0,4.0,cash,Takeaway,2023-08-06
8,1.0,3.0,3.0,digital wallet,Takeaway,2023-01-20
-1,5.0,1.5,7.5,unknown,Unknown,2023-08-13
4,4.0,4.0,16.0,credit card,Takeaway,2023-06-27
2,3.0,1.0,3.0,unknown,In-store,2023-04-30
6,1.0,4.0,4.0,cash,ERROR,2023-06-04
3,1.0,5.0,5.0,cash,In-store,2023-04-14
0,2.0,2.0,4.0,unknown,In-store,2023-01-16
6,2.0,4.0,8.0,cash,Unknown,2023-05-02
4,5.0,4.0,20.0,cash,Unknown,2023-08-14
8,1.0,3.0,3.0,digital wallet,In-store,2023-09-26
4,1.0,4.0,4.0,digital wallet,Takeaway,2023-06-11
3,4.0,5.0,20.0,cash,In-store,2023-06-08
4,2.0,4.0,8.0,digital wallet,Takeaway,2023-08-06
2,3.028463396702027,1.0,4.0,credit card,In-store,2023-08-08
1,1.0,2.949984155487483,3.0,digital wallet,Takeaway,2023-12-10
4,3.0,4.0,12.0,unknown,In-store,2023-01-25
4,2.0,4.0,8.0,digital wallet,ERROR,2023-06-07
9,3.0,1.5,4.5,digital wallet,In-store,2023-10-19
2,5.0,1.0,5.0,digital wallet,In-store,2023-03-20
5,4.0,5.0,20.0,unknown,Takeaway,2023-07-24
4,3.0,4.0,12.0,cash,UNKNOWN,2023-03-24
0,5.0,2.0,10.0,credit card,Unknown,2023-10-22
8,5.0,3.0,8.924352495262161,cash,Takeaway,2023-11-23
1,3.0,3.0,8.924352495262161,unknown,In-store,2023-03-21
4,1.0,4.0,4.0,credit card,Unknown,2023-05-04
9,2.0,1.5,3.0,unknown,Takeaway,2023-10-13
4,2.0,4.0,8.0,digital wallet,In-store,2023-10-23
4,5.0,4.0,20.0,digital wallet,UNKNOWN,2023-10-20
3,3.0,2.949984155487483,15.0,unknown,Takeaway,2023-04-30
3,2.0,5.0,8.924352495262161,cash,In-store,2023-02-01
1,3.0,3.0,9.0,digital wallet,In-store,2023-10-01
9,4.0,1.5,6.0,cash,Unknown,2023-02-18
8,4.0,3.0,12.0,credit card,In-store,2023-02-21
3,1.0,5.0,5.0,credit card,Takeaway,2023-02-03
7,4.0,4.0,16.0,credit card,Takeaway,2023-11-25
6,5.0,4.0,8.924352495262161,credit card,Unknown,2023-09-28
8,3.0,3.0,9.0,unknown,In-store,2023-11-05
0,3.028463396702027,2.0,6.0,unknown,In-store,2023-08-24
8,1.0,3.0,3.0,error,Unknown,2023-07-07
9,5.0,1.5,7.5,credit card,Takeaway,2023-10-22
1,5.0,3.0,15.0,cash,Unknown,2023-08-14
2,4.0,1.0,4.0,unknown,Unknown,2023-08-22
0,3.0,2.0,6.0,cash,In-store,2023-12-06
7,4.0,4.0,16.0,digital wallet,Takeaway,2023-05-06
-1,2.0,3.0,6.0,digital wallet,In-store,2023-02-03
5,2.0,1.5,3.0,cash,Unknown,2023-02-07
0,4.0,2.0,8.0,credit card,Takeaway,2023-06-04
9,5.0,1.5,7.5,digital wallet,In-store,2023-12-10
0,3.0,2.0,6.0,cash,In-store,2023-04-05
9,1.0,1.5,1.5,cash,UNKNOWN,2023-06-17
3,1.0,5.0,5.0,cash,Unknown,2023-08-26
4,2.0,4.0,8.0,digital wallet,Unknown,2023-07-24
0,3.0,2.0,6.0,cash,In-store,2023-04-25
9,5.0,2.949984155487483,7.5,unknown,Takeaway,2023-12-12
1,1.0,3.0,3.0,error,In-store,2023-03-14
6,5.0,4.0,20.0,cash,In-store,2023-09-15
0,2.0,2.0,4.0,unknown,Unknown,2023-01-04
9,1.0,1.5,1.5,cash,In-store,2023-02-01
6,3.0,4.0,12.0,digital wallet,Takeaway,2023-04-09
1,1.0,3.0,3.0,digital wallet,In-store,2023-01-08
6,4.0,4.0,16.0,cash,Unknown,2023-08-29
4,1.0,4.0,4.0,unknown,In-store,2023-06-30
6,2.0,4.0,8.0,cash,Takeaway,2023-04-07
2,2.0,1.0,2.0,cash,Unknown,2023-11-22
0,3.0,2.0,6.0,cash,Takeaway,2023-10-16
2,2.0,1.0,2.0,digital wallet,Unknown,2023-11-25
0,4.0,2.0,8.0,credit card,Takeaway,2023-06-18
9,3.028463396702027,1.5,1.5,credit card,Unknown,2023-07-05
-1,2.0,4.0,8.924352495262161,digital wallet,Unknown,2023-07-29
3,4.0,5.0,20.0,credit card,UNKNOWN,2023-07-26
2,2.0,1.0,2.0,credit card,Unknown,2023-10-10
0,2.0,2.0,4.0,cash,Takeaway,2023-04-09
4,4.0,4.0,16.0,digital wallet,Unknown,2023-06-06
4,3.0,4.0,12.0,digital wallet,Unknown,2023-07-22
4,1.0,4.0,4.0,unknown,Takeaway,2023-09-14
5,1.0,4.0,4.0,cash,In-store,2023-12-02
6,1.0,4.0,4.0,cash,In-store,2023-05-18
8,3.0,3.0,9.0,cash,Takeaway,2023-07-25
8,1.0,3.0,3.0,unknown,Takeaway,2023-10-31
5,1.0,4.0,4.0,cash,Unknown,2023-07-11
9,1.0,1.5,1.5,unknown,In-store,2023-07-14
4,3.0,4.0,12.0,digital wallet,Takeaway,2023-11-26
3,3.028463396702027,5.0,20.0,unknown,In-store,2023-10-13
1,2.0,3.0,6.0,unknown,In-store,2023-01-21
6,5.0,4.0,20.0,digital wallet,Unknown,2023-07-26
9,1.0,1.5,1.5,credit card,Takeaway,2023-04-04
3,4.0,5.0,20.0,cash,Takeaway,2023-04-21
1,2.0,3.0,6.0,cash,UNKNOWN,2023-07-21
8,3.0,3.0,9.0,unknown,Unknown,2023-12-01
6,4.0,4.0,16.0,unknown,Unknown,2023-03-16
-1,4.0,4.0,16.0,credit card,Unknown,2023-03-15
2,3.0,1.0,3.0,cash,Unknown,2023-03-15
1,2.0,3.0,6.0,cash,In-store,2023-05-25
1,4.0,3.0,8.924352495262161,cash,In-store,2023-03-29
0,3.0,2.0,6.0,digital wallet,Unknown,2023-11-27
4,5.0,4.0,20.0,credit card,In-store,2023-08-15
2,3.0,1.0,3.0,credit card,Takeaway,2023-10-26
7,5.0,1.5,7.5,cash,In-store,2023-11-27
2,5.0,1.0,5.0,credit card,In-store,2023-02-14
0,1.0,2.949984155487483,2.0,unknown,Unknown,2023-10-16
6,3.0,4.0,12.0,credit card,Unknown,2023-04-08
5,4.0,5.0,20.0,unknown,Unknown,2023-05-24
0,4.0,2.0,8.0,cash,In-store,2023-07-21
2,4.0,1.0,4.0,digital wallet,Unknown,2023-04-18
4,4.0,4.0,16.0,unknown,Unknown,2023-12-25
6,1.0,4.0,4.0,unknown,In-store,2023-07-20
1,2.0,3.0,6.0,cash,Unknown,2023-07-01
9,3.028463396702027,1.5,6.0,digital wallet,Takeaway,2023-06-15
1,5.0,3.0,8.924352495262161,credit card,In-store,2023-11-24
7,3.0,3.0,9.0,unknown,In-store,2023-09-06
1,1.0,3.0,3.0,cash,Takeaway,2023-01-21
8,1.0,3.0,3.0,digital wallet,Unknown,2023-01-12
5,1.0,4.0,4.0,unknown,Unknown,2023-10-05
2,5.0,1.0,5.0,digital wallet,Takeaway,2023-03-26
8,1.0,3.0,3.0,credit card,Unknown,2023-12-13
6,1.0,4.0,4.0,credit card,Unknown,2023-01-21
1,4.0,3.0,12.0,cash,Takeaway,2023-07-02
2,3.0,1.0,3.0,cash,In-store,2023-11-07
2,1.0,1.0,1.0,unknown,Unknown,2023-06-24
8,2.0,3.0,6.0,cash,In-store,2023-03-21
0,3.028463396702027,2.0,8.0,cash,Takeaway,2023-08-08
3,1.0,5.0,5.0,digital wallet,Takeaway,2023-01-23
1,2.0,3.0,6.0,unknown,Unknown,2023-04-14
7,2.0,1.5,3.0,cash,Unknown,2023-10-18
9,5.0,1.5,7.5,cash,Unknown,2023-02-27
8,4.0,2.949984155487483,12.0,digital wallet,Unknown,2023-03-23
8,1.0,2.949984155487483,3.0,unknown,Unknown,2023-02-28
2,4.0,1.0,4.0,digital wallet,Unknown,2023-09-21
1,5.0,3.0,15.0,unknown,UNKNOWN,2023-05-27
8,5.0,2.949984155487483,15.0,unknown,In-store,2023-09-01
1,3.0,3.0,9.0,digital wallet,Takeaway,2023-07-26
4,2.0,4.0,8.0,cash,In-store,2023-07-08
3,4.0,5.0,20.0,cash,Unknown,2023-08-30
3,5.0,5.0,25.0,unknown,Unknown,2023-06-20
0,1.0,2.0,2.0,cash,In-store,2023-09-18
2,4.0,1.0,4.0,cash,Unknown,2023-03-26
8,3.0,3.0,9.0,unknown,ERROR,2023-02-26
4,4.0,4.0,16.0,unknown,In-store,2023-06-02
8,3.0,3.0,9.0,unknown,Unknown,2023-12-13
3,5.0,5.0,25.0,unknown,UNKNOWN,2023-10-31
2,3.0,2.949984155487483,3.0,unknown,UNKNOWN,2023-02-05
8,3.0,3.0,9.0,cash,Unknown,2023-06-30
6,3.0,4.0,12.0,unknown,In-store,2023-08-24
7,4.0,4.0,16.0,unknown,Takeaway,2023-02-06
1,3.0,3.0,9.0,digital wallet,In-store,2023-10-22
8,3.0,3.0,9.0,cash,In-store,2023-02-24
7,3.0,4.0,12.0,unknown,Takeaway,2023-12-24
0,4.0,2.0,8.0,credit card,In-store,2023-06-26
8,5.0,3.0,15.0,digital wallet,Takeaway,2023-12-12
3,5.0,5.0,25.0,cash,Takeaway,2023-08-26
0,1.0,2.0,2.0,credit card,Unknown,2023-08-06
6,3.0,4.0,12.0,unknown,Unknown,2023-10-20
-1,5.0,4.0,20.0,digital wallet,Takeaway,2023-02-06
8,5.0,3.0,15.0,credit card,Unknown,2023-02-06
9,5.0,1.5,7.5,credit card,UNKNOWN,2023-02-06
9,1.0,1.5,1.5,credit card,Takeaway,2023-04-26
4,3.0,4.0,12.0,credit card,In-store,2023-10-06
1,1.0,3.0,3.0,digital wallet,In-store,2023-12-29
0,5.0,2.0,10.0,credit card,In-store,2023-10-11
1,3.0,3.0,9.0,cash,Unknown,2023-10-14
8,3.0,3.0,9.0,unknown,In-store,2023-09-04
2,5.0,2.949984155487483,5.0,unknown,Takeaway,2023-02-14
4,4.0,4.0,16.0,credit card,Unknown,2023-02-06
9,4.0,1.5,6.0,credit card,Takeaway,2023-01-06
-1,5.0,4.0,20.0,cash,Unknown,2023-12-05
3,4.0,5.0,20.0,digital wallet,In-store,2023-01-10
0,4.0,2.0,8.0,credit card,In-store,2023-11-06
6,2.0,4.0,8.0,digital wallet,Takeaway,2023-08-22
2,1.0,1.0,8.924352495262161,credit card,Takeaway,2023-10-09
2,2.0,1.0,2.0,cash,Unknown,2023-11-08
8,2.0,3.0,6.0,cash,Takeaway,2023-02-13
2,4.0,1.0,4.0,unknown,In-store,2023-01-07
5,4.0,1.5,6.0,unknown,In-store,2023-04-23
4,2.0,4.0,8.0,cash,Takeaway,2023-12-10
2,1.0,1.0,1.0,unknown,Takeaway,2023-02-13
8,4.0,3.0,12.0,credit card,In-store,2023-04-06
5,1.0,3.0,3.0,credit card,Takeaway,2023-02-28
3,2.0,5.0,10.0,unknown,Takeaway,2023-04-07
8,1.0,3.0,3.0,unknown,Unknown,2023-06-16
2,2.0,1.0,2.0,digital wallet,Unknown,2023-11-25
1,2.0,3.0,6.0,cash,Unknown,2023-01-17
3,1.0,5.0,5.0,cash,Unknown,2023-10-19
2,3.0,1.0,3.0,digital wallet,Takeaway,2023-02-26
6,3.0,4.0,12.0,unknown,In-store,2023-12-06
-1,1.0,2.0,2.0,unknown,In-store,2023-02-16
0,1.0,2.0,2.0,cash,In-store,2023-08-09
4,5.0,4.0,20.0,cash,UNKNOWN,2023-02-22
4,2.0,4.0,8.0,unknown,In-store,2023-01-10
8,3.0,3.0,9.0,unknown,ERROR,2023-01-14
2,5.0,1.0,5.0,unknown,Unknown,2023-09-01
6,1.0,4.0,4.0,unknown,Unknown,2023-03-27
6,5.0,4.0,20.0,credit card,Unknown,2023-01-08
3,5.0,5.0,25.0,unknown,Takeaway,2023-07-03
3,1.0,5.0,5.0,credit card,Takeaway,2023-05-06
9,4.0,1.5,8.924352495262161,cash,UNKNOWN,2023-08-25
4,5.0,4.0,20.0,unknown,Takeaway,2023-03-31
1,4.0,3.0,12.0,digital wallet,In-store,2023-05-23
8,1.0,3.0,3.0,unknown,In-store,2023-03-10
4,5.0,2.949984155487483,20.0,credit card,Unknown,2023-07-31
0,1.0,2.0,2.0,cash,Takeaway,2023-11-15
6,5.0,4.0,8.924352495262161,unknown,Unknown,2023-12-15
3,2.0,5.0,10.0,digital wallet,Takeaway,2023-09-17
2,5.0,1.0,5.0,digital wallet,Takeaway,2023-06-14
9,2.0,1.5,3.0,error,Unknown,2023-11-23
6,4.0,4.0,16.0,digital wallet,In-store,2023-04-13
8,4.0,3.0,12.0,unknown,Takeaway,2023-10-30
9,2.0,1.5,3.0,cash,Takeaway,2023-01-27
9,3.0,1.5,4.5,unknown,Takeaway,2023-03-05
0,1.0,2.0,2.0,cash,UNKNOWN,2023-12-28
4,4.0,4.0,16.0,digital wallet,Takeaway,2023-09-30
3,1.0,5.0,5.0,credit card,Unknown,2023-05-25
2,3.0,1.0,3.0,credit card,In-store,2023-01-19
9,3.028463396702027,1.5,1.5,unknown,ERROR,2023-09-04
1,1.0,3.0,3.0,credit card,Unknown,2023-10-30
3,2.0,5.0,10.0,cash,In-store,2023-08-19
3,3.028463396702027,5.0,25.0,credit card,In-store,2023-04-13
2,1.0,1.0,1.0,cash,In-store,2023-11-01
4,2.0,2.949984155487483,8.0,unknown,Unknown,2023-08-28
6,2.0,4.0,8.0,digital wallet,Takeaway,2023-11-17
1,3.0,3.0,8.924352495262161,credit card,UNKNOWN,2023-01-17
8,2.0,3.0,6.0,unknown,In-store,2023-09-27
0,1.0,2.0,2.0,cash,Unknown,2023-11-07
5,1.0,4.0,4.0,credit card,Unknown,2023-12-13
4,5.0,4.0,20.0,credit card,In-store,2023-02-06
3,3.0,5.0,15.0,cash,Takeaway,2023-11-06
0,1.0,2.0,2.0,credit card,UNKNOWN,2023-04-21
4,5.0,4.0,20.0,cash,Unknown,2023-08-24
3,5.0,2.949984155487483,25.0,digital wallet,Unknown,2023-03-10
6,4.0,4.0,16.0,digital wallet,In-store,2023-06-21
3,2.0,5.0,10.0,credit card,ERROR,2023-11-13
4,3.0,4.0,12.0,unknown,ERROR,2023-02-20
2,3.028463396702027,1.0,4.0,credit card,Takeaway,2023-02-07
-1,3.0,4.0,12.0,cash,Takeaway,2023-08-31
6,1.0,4.0,4.0,digital wallet,Unknown,2023-01-04
3,2.0,5.0,10.0,cash,Takeaway,2023-07-17
7,3.0,2.0,6.0,credit card,Unknown,2023-09-20
4,5.0,2.949984155487483,20.0,unknown,Unknown,2023-05-17
4,3.0,4.0,12.0,credit card,Takeaway,2023-07-07
8,2.0,2.949984155487483,6.0,digital wallet,Takeaway,2023-02-15
0,2.0,2.0,4.0,unknown,Takeaway,2023-04-18
2,2.0,1.0,2.0,digital wallet,In-store,2023-02-06
0,1.0,2.0,2.0,unknown,In-store,2023-03-26
9,5.0,2.949984155487483,7.5,digital wallet,Unknown,2023-12-26
6,4.0,4.0,16.0,unknown,Takeaway,2023-09-09
2,4.0,1.0,4.0,cash,In-store,2023-10-16
1,5.0,3.0,15.0,digital wallet,In-store,2023-07-25
9,4.0,1.5,6.0,error,In-store,2023-09-25
8,4.0,3.0,12.0,unknown,In-store,2023-12-22
3,1.0,2.949984155487483,5.0,credit card,In-store,2023-01-20
8,1.0,3.0,3.0,cash,In-store,2023-12-24
7,3.028463396702027,2.0,2.0,credit card,Unknown,2023-07-07
-1,3.0,3.0,9.0,cash,Unknown,2023-09-23
3,1.0,5.0,5.0,credit card,Unknown,2023-03-21
2,5.0,1.0,5.0,cash,Unknown,2023-02-12
4,1.0,4.0,4.0,digital wallet,Unknown,2023-05-27
1,3.0,3.0,9.0,unknown,ERROR,2023-09-30
3,4.0,5.0,20.0,unknown,In-store,2023-03-30
8,2.0,3.0,6.0,cash,Unknown,2023-06-19
8,4.0,3.0,12.0,digital wallet,Takeaway,2023-09-06
6,2.0,4.0,8.924352495262161,credit card,Takeaway,2023-07-21
2,2.0,1.0,2.0,unknown,Unknown,2023-12-18
4,3.028463396702027,4.0,12.0,digital wallet,Unknown,2023-12-23
9,1.0,1.5,1.5,unknown,In-store,2023-06-29
6,1.0,4.0,4.0,unknown,In-store,2023-06-20
6,3.0,4.0,12.0,digital wallet,Unknown,2023-05-21
6,5.0,4.0,20.0,cash,In-store,2023-01-06
9,1.0,1.5,1.5,credit card,Takeaway,2023-07-08
6,1.0,4.0,4.0,unknown,In-store,2023-12-06
0,1.0,2.0,2.0,unknown,Unknown,2023-12-09
5,3.0,1.5,4.5,credit card,In-store,2023-11-18
1,2.0,3.0,6.0,error,Unknown,2023-04-08
4,4.0,4.0,16.0,cash,Takeaway,2023-08-09
8,2.0,3.0,6.0,cash,Takeaway,2023-03-26
2,2.0,1.0,2.0,unknown,Unknown,2023-03-02
8,2.0,3.0,6.0,digital wallet,Takeaway,2023-02-06
7,2.0,1.5,3.0,credit card,In-store,2023-08-09
7,5.0,2.949984155487483,10.0,credit card,Takeaway,2023-07-29
6,5.0,4.0,20.0,unknown,Unknown,2023-05-21
4,3.0,4.0,12.0,unknown,In-store,2023-10-28
9,1.0,1.5,1.5,unknown,Unknown,2023-01-21
8,4.0,3.0,12.0,digital wallet,UNKNOWN,2023-08-15
0,4.0,2.0,8.0,cash,In-store,2023-12-28
-1,4.0,4.0,16.0,digital wallet,Takeaway,2023-04-05
4,2.0,4.0,8.0,credit card,Unknown,2023-06-24
9,3.0,2.949984155487483,4.5,cash,Unknown,2023-08-19
3,1.0,5.0,5.0,unknown,Unknown,2023-08-07
3,3.0,5.0,15.0,digital wallet,In-store,2023-09-24
1,1.0,3.0,3.0,unknown,Unknown,2023-02-26
1,5.0,3.0,15.0,unknown,Takeaway,2023-04-06
2,4.0,1.0,4.0,cash,Unknown,2023-11-09
7,5.0,5.0,25.0,cash,In-store,2023-03-23
3,5.0,5.0,25.0,digital wallet,In-store,2023-05-16
0,3.0,2.0,6.0,unknown,Unknown,2023-04-05
0,2.0,2.0,4.0,unknown,Takeaway,2023-04-02
3,5.0,5.0,25.0,cash,In-store,2023-12-08
6,3.0,4.0,12.0,credit card,Unknown,2023-09-04
2,5.0,1.0,5.0,cash,Takeaway,2023-12-09
8,2.0,3.0,6.0,unknown,Takeaway,2023-12-31
6,2.0,4.0,8.0,credit card,Unknown,2023-10-23
8,5.0,3.0,15.0,error,Takeaway,2023-02-21
2,1.0,1.0,1.0,credit card,Unknown,2023-09-24
0,2.0,2.0,4.0,unknown,In-store,2023-10-31
8,5.0,3.0,15.0,unknown,In-store,2023-05-13
2,3.0,1.0,3.0,unknown,Unknown,2023-11-28
6,1.0,4.0,4.0,cash,In-store,2023-09-17
5,2.0,2.0,4.0,credit card,Unknown,2023-06-16
8,3.0,3.0,8.924352495262161,credit card,Unknown,2023-07-09
2,4.0,1.0,4.0,unknown,In-store,2023-07-04
1,5.0,3.0,15.0,credit card,Unknown,2023-02-06
3,5.0,5.0,25.0,credit card,Unknown,2023-08-16
4,2.0,4.0,8.0,digital wallet,Unknown,2023-04-02
8,5.0,3.0,15.0,digital wallet,In-store,2023-04-04
9,5.0,1.5,7.5,cash,Unknown,2023-10-03
6,5.0,4.0,20.0,cash,ERROR,2023-02-06
0,5.0,2.0,10.0,unknown,Takeaway,2023-06-07
2,3.0,1.0,3.0,unknown,Unknown,2023-02-06
1,2.0,3.0,6.0,digital wallet,Unknown,2023-09-16
3,2.0,2.949984155487483,10.0,credit card,In-store,2023-01-22
8,1.0,3.0,3.0,credit card,Unknown,2023-05-09
8,3.0,3.0,9.0,cash,Unknown,2023-12-10
0,5.0,2.0,10.0,unknown,Unknown,2023-07-08
3,3.0,5.0,15.0,cash,In-store,2023-02-07
5,2.0,1.0,2.0,credit card,In-store,2023-09-30
1,1.0,3.0,3.0,credit card,Unknown,2023-08-08
1,3.0,3.0,9.0,cash,In-store,2023-10-01
5,2.0,2.0,4.0,unknown,Unknown,2023-03-20
9,3.0,1.5,8.924352495262161,unknown,Takeaway,2023-05-15
2,3.0,1.0,3.0,digital wallet,In-store,2023-03-04
0,4.0,2.0,8.0,unknown,In-store,2023-08-23
3,4.0,5.0,20.0,cash,In-store,2023-11-29
4,3.028463396702027,4.0,16.0,credit card,Takeaway,2023-02-21
0,2.0,2.0,4.0,digital wallet,ERROR,2023-05-18
0,3.028463396702027,2.0,6.0,cash,In-store,2023-08-24
9,5.0,2.949984155487483,7.5,unknown,In-store,2023-05-06
4,3.0,4.0,12.0,cash,ERROR,2023-02-17
8,1.0,3.0,3.0,digital wallet,In-store,2023-03-15
2,5.0,2.949984155487483,5.0,credit card,In-store,2023-10-20
3,2.0,5.0,10.0,unknown,In-store,2023-04-28
9,4.0,1.5,6.0,credit card,Takeaway,2023-11-20
4,3.028463396702027,4.0,8.0,unknown,Unknown,2023-01-24
4,1.0,4.0,4.0,digital wallet,In-store,2023-04-30
6,5.0,4.0,20.0,cash,In-store,2023-09-27
0,5.0,2.949984155487483,10.0,digital wallet,In-store,2023-02-03
7,3.0,3.0,9.0,digital wallet,In-store,2023-11-16
4,3.0,4.0,12.0,digital wallet,Unknown,2023-03-22
2,1.0,1.0,1.0,credit card,In-store,2023-01-14
6,3.0,4.0,12.0,error,Takeaway,2023-11-06
2,2.0,1.0,2.0,digital wallet,Unknown,2023-06-06
3,3.0,5.0,15.0,unknown,In-store,2023-07-28
9,2.0,1.5,3.0,cash,In-store,2023-11-27
0,3.028463396702027,2.0,8.0,digital wallet,In-store,2023-06-10
7,1.0,3.0,8.924352495262161,credit card,In-store,2023-06-16
2,3.0,1.0,3.0,cash,In-store,2023-10-13
4,3.0,4.0,8.924352495262161,cash,In-store,2023-09-10
3,3.0,5.0,15.0,cash,Unknown,2023-11-28
1,2.0,3.0,6.0,cash,In-store,2023-02-11
7,4.0,3.0,12.0,credit card,In-store,2023-05-15
4,1.0,4.0,4.0,unknown,In-store,2023-01-24
0,3.0,2.0,8.924352495262161,cash,Unknown,2023-09-27
0,3.028463396702027,2.0,10.0,cash,Unknown,2023-02-06
4,4.0,4.0,16.0,credit card,Unknown,2023-06-23
2,2.0,1.0,2.0,digital wallet,Unknown,2023-11-05
-1,1.0,3.0,3.0,error,Unknown,2023-09-03
9,3.0,1.5,4.5,digital wallet,In-store,2023-09-13
3,3.0,5.0,15.0,cash,Unknown,2023-01-11
3,4.0,5.0,20.0,digital wallet,Unknown,2023-07-24
4,4.0,4.0,16.0,digital wallet,In-store,2023-12-01
0,3.0,2.0,6.0,unknown,In-store,2023-07-09
4,4.0,4.0,16.0,unknown,Takeaway,2023-03-23
4,1.0,4.0,4.0,unknown,In-store,2023-01-25
-1,2.0,1.5,3.0,cash,Unknown,2023-12-10
4,4.0,4.0,16.0,credit card,In-store,2023-08-11
-1,3.028463396702027,2.0,2.0,credit card,Unknown,2023-01-17
4,3.0,4.0,12.0,unknown,Unknown,2023-01-04
9,2.0,1.5,3.0,cash,Unknown,2023-12-29
1,2.0,3.0,6.0,credit card,In-store,2023-04-21
4,5.0,4.0,20.0,cash,Unknown,2023-10-30
8,3.028463396702027,3.0,9.0,digital wallet,Takeaway,2023-07-28
3,1.0,5.0,5.0,digital wallet,In-store,2023-09-03
8,5.0,3.0,15.0,error,In-store,2023-10-19
1,3.0,3.0,9.0,credit card,Takeaway,2023-10-02
0,1.0,2.0,2.0,credit card,Unknown,2023-10-14
9,4.0,1.5,6.0,cash,Unknown,2023-03-31
6,2.0,4.0,8.0,unknown,Unknown,2023-03-11
2,4.0,1.0,4.0,unknown,Unknown,2023-02-06
1,3.0,3.0,9.0,digital wallet,In-store,2023-11-04
2,3.0,1.0,3.0,unknown,Takeaway,2023-09-12
4,1.0,4.0,8.924352495262161,unknown,In-store,2023-03-08
9,3.0,1.5,4.5,digital wallet,Unknown,2023-12-23
8,2.0,3.0,6.0,credit card,UNKNOWN,2023-03-20
3,5.0,5.0,25.0,digital wallet,Unknown,2023-02-06
3,2.0,5.0,10.0,cash,Unknown,2023-10-03
8,3.0,3.0,9.0,digital wallet,UNKNOWN,2023-08-14
3,1.0,2.949984155487483,5.0,digital wallet,Takeaway,2023-08-16
8,4.0,3.0,12.0,credit card,ERROR,2023-07-30
0,2.0,2.0,4.0,cash,Takeaway,2023-03-02
0,1.0,2.0,2.0,digital wallet,In-store,2023-08-14
4,4.0,4.0,16.0,digital wallet,In-store,2023-11-30
1,3.0,3.0,9.0,digital wallet,Unknown,2023-04-06
4,2.0,4.0,8.0,credit card,Takeaway,2023-09-13
0,5.0,2.0,10.0,unknown,Unknown,2023-10-20
6,5.0,4.0,8.924352495262161,cash,Takeaway,2023-03-12
5,4.0,1.5,6.0,credit card,Unknown,2023-11-16
3,1.0,5.0,5.0,cash,In-store,2023-02-25
4,3.028463396702027,4.0,20.0,digital wallet,Unknown,2023-04-20
0,2.0,2.0,4.0,digital wallet,Unknown,2023-08-07
1,3.0,3.0,9.0,credit card,Unknown,2023-01-28
9,2.0,1.5,3.0,digital wallet,Unknown,2023-09-23
3,1.0,5.0,5.0,digital wallet,Takeaway,2023-07-10
4,2.0,2.949984155487483,8.0,credit card,Unknown,2023-06-06
1,4.0,2.949984155487483,12.0,unknown,Takeaway,2023-05-31
0,2.0,2.0,4.0,digital wallet,Unknown,2023-10-29
3,5.0,5.0,25.0,digital wallet,Takeaway,2023-05-06
2,4.0,1.0,4.0,cash,In-store,2023-08-07
8,3.0,3.0,9.0,digital wallet,Takeaway,2023-01-23
1,1.0,3.0,3.0,digital wallet,ERROR,2023-07-10
1,5.0,3.0,15.0,unknown,Takeaway,2023-02-06
3,4.0,5.0,8.924352495262161,digital wallet,In-store,2023-12-14
4,4.0,4.0,16.0,unknown,Unknown,2023-09-22
2,2.0,1.0,2.0,cash,Takeaway,2023-04-17
6,3.028463396702027,4.0,8.0,credit card,In-store,2023-06-25
6,1.0,4.0,4.0,cash,Takeaway,2023-07-15
0,1.0,2.0,2.0,unknown,Unknown,2023-02-28
3,1.0,5.0,5.0,unknown,Unknown,2023-12-04
0,1.0,2.0,2.0,cash,In-store,2023-04-06
6,3.0,4.0,12.0,digital wallet,Takeaway,2023-04-15
4,3.0,4.0,12.0,unknown,In-store,2023-04-04
2,2.0,1.0,2.0,credit card,Takeaway,2023-10-08
0,4.0,2.0,8.0,credit card,Unknown,2023-03-08
5,2.0,1.5,3.0,credit card,Takeaway,2023-01-02
-1,1.0,1.0,1.0,credit card,Unknown,2023-08-19
9,3.028463396702027,1.5,4.5,unknown,In-store,2023-02-06
9,4.0,1.5,8.924352495262161,unknown,In-store,2023-06-18
6,4.0,4.0,16.0,digital wallet,Unknown,2023-04-30
7,5.0,3.0,15.0,unknown,Takeaway,2023-02-06
8,3.0,3.0,9.0,digital wallet,Takeaway,2023-12-06
0,3.0,2.0,6.0,credit card,In-store,2023-02-22
9,3.0,1.5,4.5,unknown,In-store,2023-03-29
9,5.0,2.949984155487483,7.5,credit card,In-store,2023-02-19
-1,3.028463396702027,1.5,1.5,cash,Takeaway,2023-02-18
3,2.0,5.0,10.0,credit card,Takeaway,2023-06-29
4,1.0,4.0,4.0,cash,Unknown,2023-02-06
3,4.0,5.0,20.0,credit card,ERROR,2023-09-12
2,5.0,1.0,5.0,digital wallet,In-store,2023-04-08
4,1.0,4.0,4.0,cash,Unknown,2023-07-31
9,3.0,1.5,4.5,credit card,In-store,2023-10-21
6,5.0,4.0,20.0,cash,UNKNOWN,2023-09-29
0,4.0,2.0,8.0,unknown,In-store,2023-08-24
2,2.0,1.0,2.0,unknown,In-store,2023-08-16
8,3.028463396702027,3.0,12.0,digital wallet,Takeaway,2023-12-04
-1,5.0,4.0,20.0,cash,Takeaway,2023-06-05
4,4.0,2.949984155487483,16.0,digital wallet,In-store,2023-12-26
9,1.0,2.949984155487483,1.5,unknown,In-store,2023-11-13
7,5.0,4.0,20.0,unknown,Unknown,2023-02-14
2,5.0,1.0,5.0,cash,Takeaway,2023-12-22
8,2.0,3.0,6.0,digital wallet,Takeaway,2023-08-11
8,5.0,2.949984155487483,15.0,credit card,Unknown,2023-11-28
0,3.0,2.0,8.924352495262161,unknown,In-store,2023-07-04
1,1.0,3.0,3.0,unknown,In-store,2023-06-11
3,4.0,5.0,20.0,digital wallet,Unknown,2023-02-21
3,3.0,2.949984155487483,15.0,credit card,In-store,2023-03-30
4,1.0,4.0,8.924352495262161,cash,Unknown,2023-02-06
6,5.0,4.0,20.0,digital wallet,In-store,2023-08-11
6,5.0,4.0,20.0,credit card,In-store,2023-02-10
6,4.0,4.0,16.0,cash,In-store,2023-02-21
9,5.0,1.5,7.5,digital wallet,Takeaway,2023-03-31
4,3.028463396702027,4.0,16.0,digital wallet,Unknown,2023-06-22
8,5.0,3.0,15.0,error,Unknown,2023-02-15
0,5.0,2.0,10.0,digital wallet,Takeaway,2023-03-03
0,1.0,2.949984155487483,2.0,unknown,UNKNOWN,2023-04-23
2,2.0,1.0,2.0,cash,Takeaway,2023-12-14
2,3.0,1.0,3.0,digital wallet,In-store,2023-01-14
0,5.0,2.0,10.0,cash,In-store,2023-03-27
3,3.0,5.0,15.0,digital wallet,In-store,2023-02-06
8,1.0,3.0,3.0,unknown,Unknown,2023-09-11
3,5.0,5.0,25.0,cash,Unknown,2023-06-20
3,2.0,5.0,10.0,cash,In-store,2023-10-23
9,3.0,1.5,4.5,digital wallet,In-store,2023-08-27
9,3.028463396702027,1.5,1.5,digital wallet,Takeaway,2023-11-07
4,5.0,4.0,8.924352495262161,cash,Takeaway,2023-04-07
2,3.0,2.949984155487483,3.0,digital wallet,In-store,2023-09-27
0,5.0,2.0,10.0,unknown,Takeaway,2023-03-10
-1,3.0,3.0,9.0,credit card,Takeaway,2023-01-13
4,4.0,4.0,16.0,digital wallet,In-store,2023-10-17
8,3.0,3.0,9.0,digital wallet,Takeaway,2023-03-25
4,1.0,4.0,4.0,digital wallet,Unknown,2023-02-13
4,4.0,4.0,16.0,credit card,Unknown,2023-02-09
5,3.0,4.0,12.0,cash,Unknown,2023-02-12
1,2.0,3.0,6.0,cash,Unknown,2023-08-31
5,1.0,1.5,1.5,unknown,In-store,2023-02-25
6,4.0,4.0,16.0,credit card,In-store,2023-01-31
8,1.0,3.0,3.0,credit card,Unknown,2023-12-23
6,1.0,4.0,4.0,unknown,Unknown,2023-02-04
0,5.0,2.949984155487483,10.0,unknown,Unknown,2023-08-10
2,5.0,1.0,5.0,credit card,Unknown,2023-08-06
0,1.0,2.0,2.0,credit card,Takeaway,2023-09-19
8,4.0,3.0,12.0,unknown,Unknown,2023-06-11
8,5.0,3.0,15.0,unknown,Takeaway,2023-01-27
8,3.0,3.0,9.0,digital wallet,Unknown,2023-10-13
5,5.0,4.0,20.0,credit card,Takeaway,2023-04-17
3,3.028463396702027,5.0,25.0,unknown,Unknown,2023-08-24
4,1.0,4.0,4.0,credit card,In-store,2023-02-06
9,1.0,1.5,1.5,unknown,Unknown,2023-06-11
2,5.0,1.0,5.0,cash,Unknown,2023-09-16
6,5.0,4.0,8.924352495262161,unknown,Takeaway,2023-06-01
3,2.0,2.949984155487483,10.0,digital wallet,Unknown,2023-02-25
1,1.0,3.0,3.0,unknown,Unknown,2023-11-29
4,5.0,4.0,20.0,digital wallet,ERROR,2023-05-23
3,3.0,5.0,15.0,cash,Unknown,2023-12-03
4,5.0,4.0,20.0,unknown,Takeaway,2023-02-02
0,2.0,2.0,4.0,digital wallet,In-store,2023-04-01
6,3.0,4.0,12.0,credit card,In-store,2023-06-18
9,2.0,2.949984155487483,3.0,digital wallet,ERROR,2023-10-23
1,5.0,2.949984155487483,15.0,unknown,In-store,2023-08-07
8,2.0,3.0,6.0,cash,UNKNOWN,2023-05-31
1,4.0,3.0,12.0,digital wallet,Takeaway,2023-08-12
9,4.0,2.949984155487483,6.0,digital wallet,Unknown,2023-01-17
1,3.0,3.0,9.0,unknown,Unknown,2023-09-04
2,4.0,1.0,4.0,digital wallet,Takeaway,2023-09-22
2,4.0,1.0,4.0,digital wallet,In-store,2023-02-06
0,1.0,2.0,2.0,credit card,In-store,2023-11-24
3,5.0,5.0,25.0,error,Takeaway,2023-06-05
9,2.0,1.5,3.0,unknown,Unknown,2023-02-06
1,5.0,3.0,15.0,digital wallet,Takeaway,2023-05-16
3,5.0,5.0,25.0,unknown,UNKNOWN,2023-01-25
0,4.0,2.0,8.0,unknown,In-store,2023-07-05
6,1.0,4.0,4.0,digital wallet,Takeaway,2023-06-15
1,4.0,3.0,12.0,credit card,Takeaway,2023-04-17
8,5.0,2.949984155487483,15.0,error,Takeaway,2023-05-03
2,2.0,1.0,2.0,error,In-store,2023-02-06
1,2.0,3.0,6.0,unknown,Unknown,2023-06-23
6,3.0,4.0,12.0,unknown,Takeaway,2023-07-06
3,4.0,5.0,20.0,unknown,Takeaway,2023-09-11
9,2.0,1.5,3.0,digital wallet,In-store,2023-08-07
4,4.0,4.0,16.0,cash,In-store,2023-10-17
9,1.0,1.5,1.5,credit card,Takeaway,2023-03-13
1,4.0,3.0,12.0,unknown,In-store,2023-12-04
7,2.0,3.0,6.0,credit card,Takeaway,2023-08-14
4,4.0,4.0,16.0,cash,In-store,2023-08-20
8,1.0,3.0,3.0,digital wallet,In-store,2023-12-09
3,3.0,5.0,15.0,unknown,Takeaway,2023-10-02
0,5.0,2.0,10.0,credit card,In-store,2023-06-29
1,4.0,3.0,12.0,credit card,Unknown,2023-11-14
8,3.0,3.0,9.0,unknown,Takeaway,2023-02-26
6,3.0,4.0,12.0,unknown,Takeaway,2023-01-04
4,4.0,4.0,16.0,digital wallet,Unknown,2023-05-01
6,2.0,4.0,8.0,unknown,In-store,2023-06-11
0,3.0,2.0,6.0,digital wallet,In-store,2023-01-06
0,1.0,2.0,2.0,cash,ERROR,2023-11-19
0,4.0,2.0,8.0,unknown,Unknown,2023-12-02
0,5.0,2.0,10.0,unknown,In-store,2023-01-05
1,3.0,3.0,9.0,unknown,In-store,2023-03-03
0,4.0,2.0,8.0,credit card,Takeaway,2023-07-16
8,2.0,3.0,6.0,unknown,Unknown,2023-03-04
8,4.0,3.0,12.0,unknown,Takeaway,2023-01-10
6,4.0,4.0,16.0,credit card,Takeaway,2023-04-09
0,5.0,2.0,10.0,cash,Takeaway,2023-10-29
0,4.0,2.0,8.0,cash,Takeaway,2023-12-04
9,3.0,1.5,4.5,digital wallet,Unknown,2023-11-03
8,4.0,3.0,12.0,credit card,In-store,2023-01-05
9,5.0,1.5,7.5,cash,In-store,2023-02-17
7,2.0,1.5,8.924352495262161,cash,Unknown,2023-08-13
4,5.0,4.0,20.0,cash,In-store,2023-03-06
2,3.0,1.0,3.0,digital wallet,In-store,2023-07-10
3,2.0,5.0,10.0,unknown,Takeaway,2023-06-15
9,3.0,1.5,4.5,cash,ERROR,2023-06-20
2,5.0,1.0,8.924352495262161,unknown,In-store,2023-11-19
3,2.0,5.0,10.0,credit card,Unknown,2023-01-18
6,5.0,4.0,20.0,digital wallet,Takeaway,2023-10-02
9,3.0,1.5,4.5,cash,Takeaway,2023-03-22
2,2.0,1.0,2.0,unknown,Takeaway,2023-09-10
3,2.0,5.0,10.0,digital wallet,Unknown,2023-06-01
3,4.0,2.949984155487483,20.0,digital wallet,Unknown,2023-01-15
1,2.0,3.0,6.0,unknown,In-store,2023-09-15
1,1.0,3.0,3.0,unknown,ERROR,2023-10-31
6,2.0,4.0,8.0,digital wallet,Takeaway,2023-06-10
2,4.0,1.0,4.0,unknown,UNKNOWN,2023-01-25
6,1.0,4.0,4.0,unknown,Unknown,2023-07-10
1,1.0,3.0,3.0,cash,In-store,2023-01-12
2,5.0,1.0,5.0,error,In-store,2023-07-29
6,4.0,4.0,16.0,cash,Unknown,2023-05-17
4,3.0,4.0,12.0,digital wallet,Takeaway,2023-07-14
3,2.0,5.0,10.0,digital wallet,Unknown,2023-10-27
9,1.0,1.5,1.5,digital wallet,Takeaway,2023-02-06
3,5.0,5.0,25.0,credit card,Unknown,2023-06-29
2,4.0,1.0,4.0,unknown,In-store,2023-01-11
0,2.0,2.0,4.0,cash,In-store,2023-01-25
3,2.0,5.0,10.0,unknown,Takeaway,2023-11-20
3,4.0,5.0,20.0,cash,In-store,2023-02-06
4,4.0,4.0,16.0,digital wallet,In-store,2023-10-10
3,1.0,5.0,5.0,cash,Unknown,2023-12-07
8,4.0,3.0,12.0,digital wallet,In-store,2023-05-11
6,1.0,4.0,4.0,unknown,In-store,2023-09-28
9,5.0,1.5,8.924352495262161,unknown,In-store,2023-04-28
9,3.0,1.5,4.5,cash,Unknown,2023-02-06
0,5.0,2.0,10.0,digital wallet,In-store,2023-07-24
8,5.0,3.0,15.0,unknown,Unknown,2023-07-18
2,4.0,1.0,4.0,unknown,Takeaway,2023-04-12
6,3.0,4.0,12.0,digital wallet,In-store,2023-10-24
6,3.0,4.0,12.0,cash,Takeaway,2023-11-07
0,3.0,2.0,6.0,unknown,UNKNOWN,2023-06-21
0,1.0,2.0,2.0,credit card,Unknown,2023-02-02
0,5.0,2.949984155487483,10.0,unknown,In-store,2023-01-06
6,3.028463396702027,4.0,4.0,digital wallet,Unknown,2023-06-04
2,5.0,2.949984155487483,5.0,digital wallet,Takeaway,2023-11-05
9,4.0,1.5,6.0,unknown,In-store,2023-07-11
0,5.0,2.0,8.924352495262161,unknown,Unknown,2023-02-19
6,3.0,4.0,12.0,credit card,Unknown,2023-07-29
8,3.028463396702027,3.0,6.0,cash,UNKNOWN,2023-09-21
-1,2.0,5.0,10.0,credit card,Unknown,2023-08-06
4,4.0,4.0,16.0,credit card,Unknown,2023-12-10
8,1.0,3.0,3.0,credit card,In-store,2023-09-23
1,1.0,3.0,3.0,digital wallet,Takeaway,2023-10-19
6,3.0,4.0,12.0,unknown,In-store,2023-05-10
8,2.0,3.0,6.0,unknown,Takeaway,2023-05-12
8,5.0,3.0,15.0,cash,Takeaway,2023-12-16
0,4.0,2.0,8.0,cash,Takeaway,2023-03-06
2,1.0,1.0,1.0,cash,Takeaway,2023-08-24
2,3.0,1.0,8.924352495262161,digital wallet,In-store,2023-09-21
2,2.0,1.0,2.0,unknown,Unknown,2023-11-24
2,5.0,1.0,5.0,cash,Takeaway,2023-09-23
0,3.0,2.0,6.0,digital wallet,Takeaway,2023-02-20
0,5.0,2.0,10.0,digital wallet,In-store,2023-05-03
9,3.0,1.5,4.5,credit card,In-store,2023-03-16
0,4.0,2.0,8.0,unknown,Takeaway,2023-10-12
2,3.028463396702027,1.0,4.0,unknown,Takeaway,2023-01-02
8,2.0,3.0,6.0,unknown,Unknown,2023-08-13
2,1.0,1.0,1.0,cash,Unknown,2023-05-05
0,5.0,2.0,10.0,unknown,ERROR,2023-01-10
2,5.0,1.0,5.0,credit card,Takeaway,2023-05-30
9,3.0,1.5,4.5,digital wallet,In-store,2023-12-14
-1,2.0,1.0,2.0,digital wallet,Unknown,2023-12-12
0,5.0,2.0,10.0,digital wallet,Unknown,2023-09-19
9,2.0,1.5,3.0,unknown,Takeaway,2023-11-25
9,5.0,1.5,7.5,credit card,In-store,2023-12-28
6,5.0,4.0,20.0,cash,Takeaway,2023-12-11
4,1.0,4.0,4.0,digital wallet,Unknown,2023-10-22
3,4.0,5.0,20.0,unknown,In-store,2023-12-23
4,4.0,4.0,16.0,digital wallet,Takeaway,2023-02-23
1,2.0,3.0,6.0,unknown,Unknown,2023-08-25
6,2.0,4.0,8.0,credit card,Takeaway,2023-08-01
0,2.0,2.0,4.0,digital wallet,Takeaway,2023-11-13
9,5.0,1.5,7.5,credit card,Unknown,2023-08-07
5,1.0,4.0,4.0,credit card,In-store,2023-05-28
2,3.0,1.0,3.0,unknown,Takeaway,2023-07-20
3,2.0,5.0,10.0,cash,Takeaway,2023-12-21
3,5.0,5.0,25.0,digital wallet,Takeaway,2023-05-20
3,2.0,5.0,10.0,digital wallet,In-store,2023-06-24
0,3.0,2.0,6.0,digital wallet,UNKNOWN,2023-01-31
8,5.0,3.0,15.0,unknown,In-store,2023-04-07
3,2.0,5.0,10.0,digital wallet,ERROR,2023-05-30
8,3.0,3.0,9.0,cash,Takeaway,2023-01-30
0,5.0,2.0,10.0,credit card,In-store,2023-05-27
9,3.0,1.5,4.5,digital wallet,Takeaway,2023-03-27
3,5.0,5.0,25.0,cash,Unknown,2023-05-21
3,3.0,5.0,15.0,credit card,Takeaway,2023-10-26
8,1.0,3.0,3.0,unknown,In-store,2023-02-06
6,2.0,4.0,8.0,digital wallet,Takeaway,2023-10-06
0,5.0,2.949984155487483,10.0,credit card,In-store,2023-03-11
8,4.0,3.0,12.0,credit card,Unknown,2023-07-22
1,1.0,3.0,3.0,credit card,Takeaway,2023-03-13
2,4.0,1.0,4.0,credit card,Unknown,2023-12-25
9,3.0,1.5,4.5,unknown,Unknown,2023-12-29
4,3.028463396702027,4.0,20.0,cash,In-store,2023-03-13
6,1.0,4.0,4.0,digital wallet,In-store,2023-06-06
4,2.0,4.0,8.0,credit card,Takeaway,2023-01-09
9,5.0,1.5,7.5,credit card,In-store,2023-09-04
0,5.0,2.0,10.0,digital wallet,Takeaway,2023-12-18
9,2.0,1.5,3.0,unknown,Unknown,2023-03-30
9,2.0,1.5,3.0,digital wallet,Takeaway,2023-09-15
9,3.0,1.5,4.5,digital wallet,Takeaway,2023-06-14
2,3.0,1.0,3.0,credit card,In-store,2023-01-21
3,1.0,5.0,5.0,unknown,Takeaway,2023-10-26
2,1.0,1.0,1.0,credit card,In-store,2023-09-18
6,4.0,4.0,8.924352495262161,cash,Unknown,2023-08-17
2,5.0,1.0,5.0,error,Unknown,2023-07-10
1,3.0,3.0,9.0,cash,Unknown,2023-07-14
4,3.0,4.0,12.0,error,Takeaway,2023-06-25
6,5.0,4.0,20.0,unknown,Unknown,2023-04-24
3,3.0,5.0,15.0,unknown,Unknown,2023-03-05
4,2.0,4.0,8.924352495262161,cash,Unknown,2023-08-10
9,3.028463396702027,1.5,3.0,credit card,Takeaway,2023-07-16
4,2.0,4.0,8.0,digital wallet,Takeaway,2023-06-30
1,5.0,3.0,15.0,digital wallet,In-store,2023-02-06
3,2.0,5.0,10.0,digital wallet,Takeaway,2023-10-26
4,2.0,4.0,8.924352495262161,error,In-store,2023-11-08
9,1.0,1.5,1.5,digital wallet,Unknown,2023-10-13
5,4.0,3.0,12.0,cash,In-store,2023-08-20
4,2.0,4.0,8.0,unknown,Takeaway,2023-11-03
4,4.0,2.949984155487483,16.0,error,Takeaway,2023-08-31
6,1.0,4.0,4.0,digital wallet,In-store,2023-01-07
1,5.0,3.0,15.0,error,Unknown,2023-12-09
3,4.0,5.0,20.0,digital wallet,Takeaway,2023-09-12
6,5.0,2.949984155487483,20.0,cash,In-store,2023-12-24
1,1.0,3.0,3.0,digital wallet,Unknown,2023-06-26
1,1.0,3.0,3.0,unknown,ERROR,2023-08-27
2,4.0,1.0,4.0,cash,Takeaway,2023-02-10
-1,2.0,4.0,8.0,credit card,Unknown,2023-12-27
1,3.0,3.0,9.0,cash,Unknown,2023-03-08
4,2.0,4.0,8.0,unknown,Unknown,2023-10-28
8,3.028463396702027,3.0,6.0,credit card,In-store,2023-04-14
0,5.0,2.0,10.0,unknown,Takeaway,2023-08-10
2,2.0,1.0,2.0,unknown,Unknown,2023-05-21
6,5.0,4.0,20.0,cash,Unknown,2023-03-06
3,5.0,5.0,25.0,digital wallet,Takeaway,2023-11-07
2,2.0,1.0,2.0,cash,Unknown,2023-08-14
1,3.0,3.0,9.0,unknown,In-store,2023-11-25
6,5.0,4.0,20.0,unknown,Unknown,2023-02-06
1,5.0,3.0,15.0,unknown,Takeaway,2023-02-06
6,5.0,4.0,20.0,digital wallet,Takeaway,2023-04-30
2,1.0,1.0,1.0,cash,Unknown,2023-05-14
6,1.0,4.0,4.0,unknown,Takeaway,2023-02-25
4,5.0,4.0,20.0,digital wallet,Unknown,2023-03-05
1,2.0,3.0,6.0,unknown,In-store,2023-06-13
6,1.0,4.0,4.0,unknown,In-store,2023-07-02
9,2.0,1.5,3.0,unknown,Takeaway,2023-01-22
6,3.0,4.0,12.0,credit card,In-store,2023-01-16
3,4.0,5.0,20.0,unknown,Unknown,2023-09-22
1,2.0,3.0,6.0,credit card,Takeaway,2023-10-15
9,1.0,1.5,1.5,cash,Unknown,2023-09-02
8,2.0,3.0,6.0,digital wallet,Unknown,2023-03-23
0,3.028463396702027,2.0,8.0,cash,Unknown,2023-07-15
9,2.0,1.5,3.0,digital wallet,Unknown,2023-04-28
0,1.0,2.0,2.0,unknown,Unknown,2023-12-17
4,5.0,4.0,20.0,credit card,ERROR,2023-07-26
5,1.0,3.0,3.0,unknown,Unknown,2023-09-27
7,1.0,4.0,4.0,credit card,Unknown,2023-01-18
5,5.0,1.0,5.0,unknown,Unknown,2023-03-21
6,1.0,4.0,4.0,credit card,In-store,2023-04-21
1,4.0,3.0,12.0,credit card,Unknown,2023-12-31
1,2.0,3.0,6.0,unknown,Unknown,2023-09-29
6,1.0,4.0,4.0,digital wallet,Unknown,2023-04-18
6,5.0,4.0,20.0,unknown,In-store,2023-05-10
8,5.0,3.0,15.0,unknown,Takeaway,2023-02-06
2,5.0,1.0,5.0,cash,Unknown,2023-02-15
0,1.0,2.0,2.0,cash,Takeaway,2023-11-14
3,3.0,5.0,15.0,unknown,UNKNOWN,2023-02-06
4,3.0,4.0,12.0,unknown,Unknown,2023-12-21
0,4.0,2.0,8.0,unknown,Takeaway,2023-02-06
2,5.0,1.0,5.0,unknown,Unknown,2023-01-06
1,3.0,3.0,9.0,cash,In-store,2023-07-24
2,1.0,1.0,1.0,unknown,Unknown,2023-06-18
3,5.0,5.0,25.0,credit card,Unknown,2023-05-30
0,4.0,2.0,8.0,digital wallet,In-store,2023-04-29
6,4.0,4.0,16.0,credit card,In-store,2023-03-10
2,2.0,1.0,2.0,cash,Unknown,2023-04-12
1,4.0,3.0,12.0,credit card,Unknown,2023-12-06
8,5.0,3.0,15.0,cash,In-store,2023-11-19
3,2.0,5.0,10.0,credit card,In-store,2023-06-29
1,1.0,3.0,3.0,unknown,ERROR,2023-05-18
3,1.0,5.0,5.0,credit card,Takeaway,2023-08-28
6,3.0,4.0,12.0,cash,In-store,2023-02-06
2,2.0,1.0,2.0,unknown,In-store,2023-11-26
4,5.0,4.0,20.0,cash,In-store,2023-09-25
7,4.0,4.0,16.0,cash,In-store,2023-06-15
9,1.0,1.5,1.5,unknown,Takeaway,2023-06-20
1,2.0,3.0,6.0,unknown,Takeaway,2023-06-11
8,5.0,3.0,15.0,cash,In-store,2023-09-09
0,3.0,2.0,6.0,unknown,In-store,2023-03-30
1,2.0,3.0,6.0,cash,UNKNOWN,2023-08-28
6,2.0,4.0,8.0,credit card,Unknown,2023-02-11
9,4.0,1.5,6.0,unknown,In-store,2023-09-18
6,5.0,4.0,20.0,unknown,In-store,2023-11-01
8,4.0,3.0,12.0,unknown,Unknown,2023-01-13
8,3.0,3.0,9.0,digital wallet,Takeaway,2023-05-04
9,4.0,1.5,6.0,credit card,In-store,2023-07-30
3,3.028463396702027,5.0,20.0,cash,UNKNOWN,2023-12-02
8,1.0,3.0,3.0,digital wallet,In-store,2023-01-11
9,3.028463396702027,1.5,1.5,credit card,Takeaway,2023-08-26
2,5.0,1.0,8.924352495262161,cash,Takeaway,2023-07-02
4,3.028463396702027,4.0,12.0,cash,In-store,2023-02-06
6,1.0,4.0,4.0,digital wallet,Takeaway,2023-12-16
0,4.0,2.0,8.0,digital wallet,In-store,2023-04-29
0,5.0,2.0,10.0,digital wallet,Takeaway,2023-03-03
-1,4.0,1.0,4.0,digital wallet,In-store,2023-08-22
9,2.0,1.5,3.0,digital wallet,In-store,2023-06-24
6,4.0,2.949984155487483,16.0,digital wallet,Unknown,2023-06-13
1,2.0,3.0,6.0,credit card,Unknown,2023-08-27
9,4.0,1.5,6.0,unknown,Unknown,2023-09-22
4,1.0,4.0,4.0,error,Unknown,2023-02-26
1,1.0,3.0,3.0,cash,UNKNOWN,2023-12-12
2,3.0,1.0,3.0,cash,Takeaway,2023-08-15
9,3.0,1.5,4.5,unknown,Unknown,2023-04-06
4,4.0,4.0,16.0,cash,Unknown,2023-10-20
2,5.0,1.0,5.0,unknown,Unknown,2023-05-11
9,1.0,1.5,1.5,cash,Unknown,2023-10-08
3,5.0,5.0,25.0,cash,UNKNOWN,2023-08-09
5,4.0,4.0,16.0,credit card,Unknown,2023-06-09
-1,3.0,5.0,15.0,unknown,In-store,2023-01-12
6,5.0,4.0,20.0,digital wallet,Unknown,2023-06-21
0,2.0,2.949984155487483,4.0,credit card,In-store,2023-11-04
0,5.0,2.0,10.0,cash,Takeaway,2023-07-21
2,2.0,1.0,2.0,unknown,Unknown,2023-06-26
4,5.0,4.0,20.0,credit card,Takeaway,2023-11-18
2,4.0,1.0,4.0,cash,In-store,2023-06-12
1,3.0,3.0,9.0,unknown,In-store,2023-06-08
0,1.0,2.0,2.0,cash,Takeaway,2023-04-01
4,4.0,4.0,16.0,cash,Unknown,2023-09-19
1,5.0,3.0,15.0,unknown,Unknown,2023-11-14
6,2.0,4.0,8.0,cash,In-store,2023-07-16
8,5.0,3.0,15.0,credit card,Unknown,2023-11-12
6,3.0,4.0,12.0,unknown,In-store,2023-04-10
2,5.0,1.0,5.0,cash,ERROR,2023-09-28
2,4.0,1.0,4.0,credit card,Takeaway,2023-10-01
3,3.028463396702027,5.0,10.0,unknown,Takeaway,2023-04-08
8,3.028463396702027,3.0,9.0,credit card,Unknown,2023-10-05
2,5.0,1.0,5.0,credit card,Takeaway,2023-09-26
5,4.0,1.0,4.0,cash,Takeaway,2023-11-18
2,1.0,1.0,1.0,cash,In-store,2023-08-09
3,4.0,5.0,20.0,digital wallet,Takeaway,2023-10-07
3,3.0,5.0,15.0,digital wallet,In-store,2023-11-30
1,2.0,3.0,6.0,digital wallet,Takeaway,2023-09-08
1,3.028463396702027,3.0,9.0,unknown,Unknown,2023-06-29
5,2.0,4.0,8.0,credit card,In-store,2023-03-28
9,3.0,1.5,4.5,unknown,Takeaway,2023-05-30
8,3.0,3.0,9.0,cash,UNKNOWN,2023-06-28
9,1.0,1.5,1.5,cash,In-store,2023-12-04
7,5.0,4.0,20.0,digital wallet,Takeaway,2023-11-16
3,3.0,5.0,15.0,digital wallet,In-store,2023-01-24
4,4.0,2.949984155487483,16.0,digital wallet,Unknown,2023-02-13
2,3.0,1.0,3.0,digital wallet,Takeaway,2023-03-21
8,3.0,3.0,9.0,digital wallet,Takeaway,2023-05-01
0,3.0,2.0,6.0,unknown,Takeaway,2023-05-27
9,3.0,1.5,4.5,cash,Takeaway,2023-11-25
4,2.0,4.0,8.0,credit card,In-store,2023-01-08
2,1.0,1.0,1.0,unknown,Unknown,2023-01-07
8,1.0,3.0,3.0,unknown,Takeaway,2023-01-03
7,2.0,2.0,4.0,unknown,Unknown,2023-09-14
3,3.0,5.0,15.0,credit card,Takeaway,2023-01-21
0,4.0,2.0,8.0,credit card,Takeaway,2023-02-14
6,3.028463396702027,4.0,4.0,credit card,In-store,2023-02-12
0,1.0,2.0,2.0,digital wallet,Unknown,2023-08-19
1,3.028463396702027,3.0,6.0,digital wallet,Takeaway,2023-09-28
9,1.0,1.5,1.5,unknown,Takeaway,2023-08-22
3,3.028463396702027,5.0,15.0,unknown,Unknown,2023-10-22
0,2.0,2.0,4.0,unknown,Takeaway,2023-11-10
0,5.0,2.0,10.0,credit card,Unknown,2023-12-02
9,4.0,1.5,6.0,unknown,Unknown,2023-10-06
8,2.0,3.0,6.0,unknown,In-store,2023-07-23
2,4.0,1.0,4.0,digital wallet,Unknown,2023-07-28
1,4.0,3.0,12.0,unknown,Unknown,2023-02-11
2,3.0,1.0,3.0,cash,In-store,2023-08-29
9,2.0,1.5,3.0,cash,Unknown,2023-06-29
8,2.0,3.0,8.924352495262161,error,In-store,2023-06-25
4,3.0,4.0,12.0,unknown,Unknown,2023-11-30
4,3.0,4.0,12.0,cash,In-store,2023-06-01
3,3.028463396702027,5.0,10.0,digital wallet,Takeaway,2023-03-23
4,2.0,4.0,8.0,unknown,In-store,2023-08-25
4,4.0,2.949984155487483,16.0,credit card,Takeaway,2023-08-31
0,3.0,2.0,6.0,cash,Unknown,2023-11-14
4,4.0,4.0,16.0,credit card,Takeaway,2023-06-20
2,4.0,1.0,4.0,credit card,ERROR,2023-01-29
6,3.0,4.0,12.0,unknown,Unknown,2023-10-31
0,1.0,2.0,2.0,digital wallet,In-store,2023-04-11
6,2.0,4.0,8.0,unknown,ERROR,2023-01-18
9,2.0,1.5,3.0,digital wallet,Unknown,2023-02-06
7,3.028463396702027,2.0,10.0,unknown,In-store,2023-05-02
0,1.0,2.0,2.0,credit card,In-store,2023-01-23
2,4.0,1.0,4.0,error,UNKNOWN,2023-06-27
1,4.0,3.0,12.0,digital wallet,Unknown,2023-10-04
4,5.0,4.0,20.0,cash,Unknown,2023-01-12
4,4.0,2.949984155487483,16.0,credit card,In-store,2023-01-14
8,2.0,3.0,6.0,credit card,Takeaway,2023-09-19
9,4.0,1.5,6.0,unknown,Takeaway,2023-08-28
6,4.0,4.0,16.0,cash,In-store,2023-09-13
5,1.0,3.0,3.0,cash,Takeaway,2023-08-18
9,2.0,1.5,3.0,cash,Takeaway,2023-10-05
6,4.0,4.0,16.0,unknown,In-store,2023-03-09
3,3.0,5.0,15.0,credit card,Unknown,2023-03-02
4,3.0,4.0,12.0,unknown,In-store,2023-02-06
2,3.0,1.0,3.0,unknown,Unknown,2023-01-27
6,2.0,4.0,8.924352495262161,digital wallet,Takeaway,2023-11-08
6,3.028463396702027,4.0,8.0,cash,Unknown,2023-10-31
4,3.0,2.949984155487483,12.0,digital wallet,Unknown,2023-01-07
2,5.0,1.0,5.0,unknown,In-store,2023-09-05
3,5.0,5.0,25.0,unknown,Unknown,2023-11-14
9,3.028463396702027,2.949984155487483,6.0,credit card,Unknown,2023-10-13
9,5.0,1.5,7.5,digital wallet,In-store,2023-05-10
4,2.0,4.0,8.0,credit card,In-store,2023-10-21
-1,2.0,1.0,2.0,unknown,In-store,2023-04-05
9,2.0,1.5,3.0,unknown,Takeaway,2023-02-06
3,5.0,5.0,25.0,digital wallet,In-store,2023-09-08
1,1.0,3.0,3.0,unknown,Takeaway,2023-04-25
8,5.0,3.0,15.0,unknown,In-store,2023-09-11
0,3.0,2.949984155487483,6.0,credit card,Takeaway,2023-04-20
3,4.0,5.0,20.0,cash,Unknown,2023-03-11
0,4.0,2.0,8.0,unknown,Takeaway,2023-06-21
7,3.0,1.5,4.5,credit card,Unknown,2023-06-28
1,4.0,3.0,12.0,cash,Unknown,2023-01-08
4,5.0,4.0,20.0,unknown,Unknown,2023-12-27
1,2.0,3.0,6.0,digital wallet,Unknown,2023-12-12
3,4.0,5.0,20.0,digital wallet,Unknown,2023-02-22
6,3.0,4.0,12.0,unknown,Takeaway,2023-04-15
8,3.0,2.949984155487483,9.0,unknown,Takeaway,2023-12-05
-1,1.0,3.0,3.0,unknown,In-store,2023-05-13
6,3.0,4.0,12.0,digital wallet,Unknown,2023-05-09
2,4.0,1.0,4.0,unknown,In-store,2023-09-28
1,5.0,3.0,15.0,digital wallet,Unknown,2023-12-19
5,5.0,4.0,20.0,cash,In-store,2023-05-01
2,1.0,1.0,1.0,credit card,In-store,2023-12-06
4,4.0,2.949984155487483,16.0,cash,Unknown,2023-03-09
1,4.0,3.0,12.0,cash,In-store,2023-08-17
2,4.0,1.0,4.0,digital wallet,Takeaway,2023-10-27
1,3.028463396702027,3.0,15.0,unknown,Takeaway,2023-04-21
1,3.0,3.0,9.0,credit card,UNKNOWN,2023-08-21
2,3.028463396702027,1.0,4.0,credit card,In-store,2023-02-06
-1,2.0,4.0,8.0,unknown,In-store,2023-12-18
0,3.0,2.0,6.0,unknown,Unknown,2023-04-20
8,5.0,3.0,15.0,unknown,Unknown,2023-12-03
1,4.0,3.0,12.0,unknown,Unknown,2023-05-15
4,5.0,4.0,20.0,cash,Unknown,2023-11-18
9,4.0,1.5,6.0,unknown,Unknown,2023-01-30
8,5.0,3.0,15.0,unknown,Unknown,2023-12-23
-1,2.0,1.0,2.0,unknown,In-store,2023-07-19
3,3.0,5.0,15.0,unknown,Takeaway,2023-03-08
1,5.0,3.0,15.0,digital wallet,In-store,2023-04-07
6,5.0,4.0,20.0,cash,In-store,2023-01-10
6,1.0,4.0,4.0,unknown,In-store,2023-05-01
4,2.0,2.949984155487483,8.0,unknown,UNKNOWN,2023-03-03
2,5.0,1.0,5.0,unknown,Takeaway,2023-06-17
8,2.0,3.0,6.0,unknown,In-store,2023-01-06
0,5.0,2.0,10.0,credit card,Takeaway,2023-03-16
-1,2.0,5.0,10.0,unknown,Takeaway,2023-11-02
2,1.0,1.0,1.0,credit card,Takeaway,2023-03-30
8,5.0,3.0,15.0,unknown,In-store,2023-10-30
9,5.0,1.5,7.5,cash,In-store,2023-12-25
6,3.0,4.0,12.0,digital wallet,Unknown,2023-01-23
3,3.0,5.0,15.0,digital wallet,In-store,2023-09-10
6,5.0,4.0,20.0,unknown,Unknown,2023-07-06
8,1.0,3.0,3.0,cash,Takeaway,2023-08-26
7,1.0,5.0,5.0,credit card,Unknown,2023-01-25
8,3.0,3.0,9.0,credit card,In-store,2023-05-31
4,5.0,4.0,8.924352495262161,digital wallet,Unknown,2023-10-04
0,5.0,2.0,10.0,credit card,Unknown,2023-01-09
2,4.0,1.0,4.0,credit card,ERROR,2023-03-15
4,5.0,4.0,20.0,unknown,In-store,2023-11-23
6,2.0,4.0,8.0,cash,Takeaway,2023-03-26
5,5.0,5.0,25.0,credit card,Unknown,2023-07-15
6,1.0,4.0,4.0,unknown,Takeaway,2023-11-23
6,3.0,4.0,12.0,cash,Unknown,2023-02-11
0,1.0,2.0,2.0,cash,In-store,2023-03-14
6,3.0,4.0,12.0,error,Unknown,2023-08-19
9,2.0,1.5,3.0,unknown,Unknown,2023-01-26
1,4.0,3.0,12.0,cash,Unknown,2023-01-24
8,5.0,3.0,15.0,digital wallet,Unknown,2023-05-09
3,2.0,5.0,10.0,unknown,UNKNOWN,2023-03-16
1,5.0,3.0,15.0,credit card,Takeaway,2023-01-29
3,5.0,2.949984155487483,25.0,digital wallet,Unknown,2023-04-24
2,1.0,1.0,1.0,credit card,Takeaway,2023-05-17
1,2.0,3.0,6.0,unknown,Unknown,2023-01-20
0,3.0,2.0,6.0,unknown,ERROR,2023-11-13
-1,3.028463396702027,4.0,4.0,unknown,Unknown,2023-08-08
4,4.0,4.0,16.0,credit card,Unknown,2023-04-13
9,3.0,1.5,8.924352495262161,unknown,Unknown,2023-03-22
0,2.0,2.0,4.0,credit card,Takeaway,2023-06-28
8,3.0,3.0,9.0,digital wallet,Takeaway,2023-02-06
2,3.0,1.0,3.0,unknown,Takeaway,2023-05-16
8,4.0,3.0,12.0,unknown,In-store,2023-11-05
8,4.0,3.0,12.0,digital wallet,In-store,2023-02-06
0,4.0,2.0,8.0,unknown,Takeaway,2023-12-09
6,5.0,4.0,20.0,credit card,Takeaway,2023-05-25
9,1.0,1.5,1.5,credit card,Unknown,2023-07-27
6,3.0,4.0,12.0,cash,Takeaway,2023-12-10
6,3.0,4.0,12.0,cash,Takeaway,2023-08-30
2,5.0,1.0,5.0,digital wallet,In-store,2023-05-30
9,1.0,1.5,1.5,digital wallet,Takeaway,2023-07-14
3,4.0,5.0,20.0,digital wallet,Takeaway,2023-10-21
1,4.0,3.0,12.0,digital wallet,Unknown,2023-03-24
4,3.0,4.0,12.0,cash,In-store,2023-10-10
4,4.0,4.0,16.0,credit card,Unknown,2023-06-30
0,4.0,2.0,8.0,digital wallet,Unknown,2023-06-13
1,4.0,3.0,12.0,credit card,In-store,2023-12-03
1,3.0,3.0,9.0,error,Unknown,2023-01-29
6,5.0,4.0,20.0,cash,In-store,2023-03-06
1,3.0,3.0,9.0,credit card,In-store,2023-01-18
1,3.0,3.0,9.0,cash,In-store,2023-01-16
0,5.0,2.0,10.0,unknown,In-store,2023-05-02
8,2.0,3.0,6.0,credit card,In-store,2023-10-21
3,1.0,5.0,5.0,unknown,In-store,2023-11-23
3,3.0,5.0,15.0,digital wallet,Unknown,2023-01-23
5,5.0,4.0,8.924352495262161,unknown,Takeaway,2023-12-22
6,2.0,4.0,8.0,error,Unknown,2023-10-22
1,2.0,3.0,6.0,cash,In-store,2023-03-26
6,4.0,4.0,8.924352495262161,digital wallet,Takeaway,2023-10-17
2,1.0,1.0,1.0,unknown,Unknown,2023-01-03
1,1.0,2.949984155487483,3.0,cash,Unknown,2023-07-17
4,2.0,4.0,8.924352495262161,unknown,In-store,2023-04-02
2,2.0,1.0,2.0,unknown,Takeaway,2023-09-20
0,2.0,2.0,4.0,unknown,Unknown,2023-02-23
0,4.0,2.0,8.0,unknown,Unknown,2023-02-06
0,3.0,2.0,6.0,unknown,Unknown,2023-04-22
0,3.0,2.0,6.0,cash,In-store,2023-01-21
3,2.0,5.0,10.0,credit card,In-store,2023-08-03
2,2.0,1.0,8.924352495262161,cash,Takeaway,2023-03-18
3,5.0,5.0,25.0,credit card,In-store,2023-03-26
2,2.0,1.0,2.0,unknown,In-store,2023-11-19
1,3.0,3.0,9.0,digital wallet,UNKNOWN,2023-11-30
3,2.0,5.0,10.0,digital wallet,In-store,2023-10-11
1,5.0,3.0,15.0,digital wallet,In-store,2023-11-11
0,1.0,2.0,2.0,unknown,Takeaway,2023-12-18
6,1.0,4.0,4.0,digital wallet,In-store,2023-07-21
8,3.0,3.0,9.0,digital wallet,In-store,2023-08-27
-1,3.0,3.0,9.0,cash,In-store,2023-08-15
2,3.0,1.0,3.0,unknown,In-store,2023-11-29
6,4.0,4.0,16.0,credit card,In-store,2023-04-30
3,3.0,5.0,8.924352495262161,cash,ERROR,2023-01-03
9,4.0,1.5,6.0,unknown,Takeaway,2023-02-18
8,5.0,3.0,15.0,unknown,In-store,2023-06-02
9,5.0,1.5,7.5,cash,Takeaway,2023-08-19
3,3.0,5.0,15.0,unknown,Unknown,2023-04-08
9,4.0,1.5,6.0,unknown,Unknown,2023-12-01
4,4.0,4.0,16.0,cash,Unknown,2023-06-16
2,2.0,1.0,2.0,unknown,In-store,2023-02-06
8,3.0,3.0,9.0,credit card,Unknown,2023-06-17
4,1.0,4.0,4.0,unknown,In-store,2023-01-14
8,3.0,3.0,9.0,unknown,Unknown,2023-12-03
1,5.0,3.0,15.0,digital wallet,Unknown,2023-04-28
4,2.0,4.0,8.0,cash,Takeaway,2023-11-29
4,4.0,4.0,16.0,cash,In-store,2023-05-24
4,4.0,4.0,16.0,digital wallet,Unknown,2023-10-03
1,5.0,3.0,15.0,cash,In-store,2023-04-24
2,5.0,1.0,5.0,digital wallet,Takeaway,2023-05-17
8,2.0,3.0,6.0,cash,In-store,2023-11-06
0,3.0,2.0,6.0,cash,In-store,2023-02-06
2,4.0,1.0,4.0,credit card,Takeaway,2023-08-12
9,1.0,1.5,1.5,credit card,In-store,2023-03-14
2,4.0,1.0,4.0,digital wallet,Unknown,2023-07-25
3,4.0,5.0,20.0,unknown,Takeaway,2023-09-13
9,3.0,1.5,4.5,error,In-store,2023-10-21
3,5.0,5.0,25.0,cash,Takeaway,2023-03-18
9,4.0,1.5,6.0,unknown,Unknown,2023-10-14
6,2.0,4.0,8.0,unknown,Unknown,2023-02-16
3,2.0,5.0,10.0,cash,In-store,2023-02-06
4,2.0,4.0,8.0,cash,Unknown,2023-08-23
0,1.0,2.0,2.0,credit card,Takeaway,2023-11-17
8,4.0,3.0,12.0,unknown,In-store,2023-02-06
4,5.0,4.0,20.0,error,In-store,2023-05-08
0,4.0,2.0,8.0,digital wallet,Unknown,2023-01-18
4,3.0,4.0,12.0,credit card,Unknown,2023-12-01
1,1.0,3.0,3.0,cash,Takeaway,2023-05-05
4,1.0,4.0,4.0,unknown,Takeaway,2023-11-03
0,3.0,2.0,6.0,cash,Takeaway,2023-02-06
2,2.0,1.0,2.0,unknown,Takeaway,2023-09-21
9,3.0,1.5,8.924352495262161,unknown,In-store,2023-02-06
3,3.028463396702027,5.0,15.0,error,Takeaway,2023-06-06
8,3.028463396702027,3.0,6.0,credit card,Unknown,2023-12-30
8,5.0,3.0,15.0,digital wallet,In-store,2023-12-08
4,2.0,4.0,8.0,unknown,In-store,2023-07-25
0,1.0,2.0,2.0,digital wallet,Unknown,2023-01-10
3,3.0,5.0,15.0,digital wallet,In-store,2023-05-22
7,4.0,3.0,12.0,cash,Takeaway,2023-11-25
9,5.0,1.5,7.5,credit card,Takeaway,2023-04-29
2,5.0,1.0,5.0,digital wallet,In-store,2023-03-03
6,2.0,4.0,8.0,credit card,In-store,2023-03-26
7,5.0,3.0,15.0,credit card,In-store,2023-08-31
2,1.0,1.0,1.0,digital wallet,Unknown,2023-06-25
3,5.0,5.0,25.0,credit card,Unknown,2023-12-10
5,4.0,3.0,12.0,digital wallet,Unknown,2023-08-01
4,2.0,4.0,8.0,unknown,Takeaway,2023-05-08
-1,5.0,3.0,15.0,cash,Unknown,2023-10-03
8,5.0,3.0,15.0,credit card,In-store,2023-09-18
5,2.0,4.0,8.0,unknown,Unknown,2023-05-16
9,5.0,1.5,7.5,digital wallet,In-store,2023-04-17
2,5.0,1.0,5.0,cash,Takeaway,2023-03-08
9,3.0,1.5,4.5,cash,Takeaway,2023-07-30
1,5.0,3.0,15.0,unknown,Unknown,2023-12-22
0,2.0,2.0,4.0,unknown,Unknown,2023-03-08
8,3.028463396702027,3.0,12.0,credit card,Unknown,2023-12-22
3,5.0,5.0,25.0,unknown,Unknown,2023-09-07
2,2.0,1.0,2.0,digital wallet,ERROR,2023-07-31
8,3.0,3.0,8.924352495262161,unknown,In-store,2023-11-23
2,5.0,1.0,5.0,cash,Takeaway,2023-03-14
3,5.0,5.0,25.0,cash,In-store,2023-08-14
0,3.0,2.0,6.0,digital wallet,Takeaway,2023-08-14
4,1.0,4.0,4.0,credit card,Takeaway,2023-06-12
9,4.0,1.5,6.0,digital wallet,Takeaway,2023-07-11
0,1.0,2.0,2.0,cash,Unknown,2023-02-06
1,4.0,2.949984155487483,12.0,cash,Takeaway,2023-07-24
2,3.028463396702027,1.0,8.924352495262161,digital wallet,In-store,2023-07-05
3,1.0,5.0,5.0,unknown,Unknown,2023-02-06
2,2.0,1.0,2.0,digital wallet,Takeaway,2023-11-14
6,5.0,4.0,8.924352495262161,cash,In-store,2023-11-30
4,3.028463396702027,2.949984155487483,8.0,unknown,Takeaway,2023-08-19
8,1.0,3.0,3.0,cash,In-store,2023-03-14
8,3.0,3.0,9.0,cash,Takeaway,2023-10-02
6,4.0,4.0,16.0,unknown,Unknown,2023-08-28
7,5.0,1.5,7.5,digital wallet,UNKNOWN,2023-09-02
8,3.028463396702027,3.0,6.0,credit card,In-store,2023-11-15
-1,1.0,3.0,3.0,unknown,Unknown,2023-02-06
4,4.0,4.0,16.0,cash,Unknown,2023-03-31
8,1.0,3.0,3.0,digital wallet,Unknown,2023-03-26
8,5.0,3.0,15.0,unknown,In-store,2023-11-26
1,3.0,3.0,9.0,digital wallet,In-store,2023-01-20
2,4.0,1.0,4.0,credit card,In-store,2023-07-23
6,1.0,4.0,4.0,digital wallet,In-store,2023-09-28
5,2.0,5.0,10.0,unknown,In-store,2023-02-25
5,2.0,1.0,2.0,unknown,In-store,2023-06-11
8,1.0,3.0,3.0,cash,Unknown,2023-10-01
2,4.0,1.0,4.0,error,Unknown,2023-02-04
4,2.0,2.949984155487483,8.0,credit card,UNKNOWN,2023-12-22
1,2.0,3.0,6.0,digital wallet,Unknown,2023-06-08
6,3.0,4.0,12.0,credit card,Unknown,2023-03-29
7,5.0,1.5,7.5,digital wallet,Unknown,2023-01-23
1,1.0,3.0,8.924352495262161,unknown,Takeaway,2023-07-19
2,1.0,1.0,8.924352495262161,credit card,In-store,2023-04-02
6,1.0,4.0,4.0,cash,Unknown,2023-02-06
6,1.0,4.0,4.0,unknown,In-store,2023-04-23
8,3.0,3.0,9.0,credit card,Takeaway,2023-09-22
2,3.028463396702027,1.0,1.0,cash,Unknown,2023-05-12
7,5.0,3.0,15.0,digital wallet,Unknown,2023-09-11
2,2.0,1.0,2.0,unknown,In-store,2023-08-14
9,5.0,1.5,7.5,credit card,Takeaway,2023-04-24
0,4.0,2.0,8.0,unknown,Unknown,2023-03-19
9,2.0,1.5,3.0,digital wallet,Takeaway,2023-06-21
1,5.0,3.0,15.0,unknown,Takeaway,2023-06-15
2,1.0,1.0,1.0,unknown,In-store,2023-02-03
4,3.028463396702027,4.0,4.0,digital wallet,Takeaway,2023-04-29
8,3.0,3.0,9.0,cash,Unknown,2023-05-24
-1,4.0,5.0,20.0,credit card,Takeaway,2023-02-06
6,3.0,4.0,12.0,credit card,Takeaway,2023-12-16
8,1.0,3.0,3.0,digital wallet,Unknown,2023-10-30
8,2.0,3.0,6.0,error,Unknown,2023-10-08
1,1.0,2.949984155487483,3.0,credit card,Unknown,2023-10-13
8,2.0,2.949984155487483,6.0,credit card,Unknown,2023-03-10
8,5.0,3.0,15.0,unknown,In-store,2023-01-30
9,2.0,1.5,3.0,digital wallet,ERROR,2023-07-10
3,2.0,5.0,10.0,cash,Unknown,2023-10-12
4,2.0,4.0,8.0,cash,Unknown,2023-08-26
-1,3.0,2.949984155487483,6.0,credit card,Takeaway,2023-11-08
-1,5.0,4.0,20.0,digital wallet,In-store,2023-12-31
0,4.0,2.0,8.924352495262161,unknown,In-store,2023-04-30
1,2.0,3.0,6.0,error,Unknown,2023-05-23
5,3.0,3.0,9.0,digital wallet,Unknown,2023-12-22
2,3.028463396702027,1.0,2.0,credit card,Unknown,2023-11-05
9,3.0,1.5,4.5,digital wallet,ERROR,2023-09-14
0,5.0,2.0,10.0,unknown,Unknown,2023-10-17
-1,5.0,1.0,5.0,unknown,Unknown,2023-02-06
9,1.0,1.5,1.5,digital wallet,In-store,2023-12-26
2,5.0,1.0,5.0,unknown,Takeaway,2023-01-17
6,1.0,4.0,4.0,unknown,Unknown,2023-07-25
8,4.0,3.0,12.0,cash,Takeaway,2023-10-26
3,3.0,5.0,15.0,digital wallet,Takeaway,2023-11-20
8,4.0,3.0,12.0,digital wallet,Takeaway,2023-01-05
9,2.0,1.5,3.0,unknown,In-store,2023-06-16
0,5.0,2.0,10.0,cash,In-store,2023-04-18
0,3.0,2.0,6.0,digital wallet,Takeaway,2023-01-31
0,5.0,2.0,10.0,cash,Takeaway,2023-02-02
6,4.0,4.0,16.0,credit card,Unknown,2023-06-17
3,5.0,5.0,25.0,cash,ERROR,2023-02-06
6,1.0,4.0,4.0,digital wallet,Takeaway,2023-12-06
4,2.0,4.0,8.0,digital wallet,In-store,2023-12-11
3,4.0,5.0,20.0,unknown,In-store,2023-02-06
4,2.0,4.0,8.0,cash,In-store,2023-06-15
1,3.0,3.0,9.0,unknown,Takeaway,2023-05-20
0,4.0,2.0,8.0,unknown,Unknown,2023-07-20
6,5.0,4.0,20.0,unknown,Unknown,2023-05-22
6,1.0,4.0,4.0,unknown,Unknown,2023-08-11
8,1.0,3.0,3.0,cash,In-store,2023-12-18
-1,2.0,1.5,3.0,digital wallet,Takeaway,2023-03-12
7,2.0,1.0,2.0,unknown,Unknown,2023-09-25
6,2.0,4.0,8.0,unknown,Takeaway,2023-08-18
0,3.0,2.0,6.0,cash,Unknown,2023-07-18
4,1.0,4.0,4.0,unknown,Takeaway,2023-03-01
3,2.0,5.0,10.0,credit card,In-store,2023-03-18
8,3.0,2.949984155487483,9.0,cash,Unknown,2023-01-08
-1,3.028463396702027,4.0,8.0,digital wallet,In-store,2023-04-01
2,3.0,1.0,3.0,cash,Takeaway,2023-01-07
5,2.0,1.0,2.0,unknown,In-store,2023-09-05
1,3.0,3.0,9.0,error,ERROR,2023-01-27
4,2.0,4.0,8.0,digital wallet,Unknown,2023-07-02
-1,4.0,4.0,16.0,unknown,Unknown,2023-05-22
1,1.0,3.0,3.0,unknown,Unknown,2023-09-14
4,1.0,4.0,4.0,cash,In-store,2023-03-05
5,3.0,1.0,3.0,credit card,In-store,2023-08-13
3,4.0,5.0,20.0,credit card,In-store,2023-08-18
7,2.0,1.5,3.0,digital wallet,In-store,2023-12-23
2,3.0,1.0,3.0,credit card,Takeaway,2023-08-11
3,1.0,5.0,5.0,credit card,Takeaway,2023-05-21
1,3.0,3.0,9.0,digital wallet,Takeaway,2023-09-26
1,2.0,3.0,6.0,cash,ERROR,2023-04-08
6,4.0,4.0,16.0,credit card,Takeaway,2023-06-18
0,5.0,2.0,10.0,unknown,Unknown,2023-12-24
9,1.0,1.5,1.5,cash,In-store,2023-11-14
9,2.0,1.5,3.0,unknown,Takeaway,2023-10-27
3,1.0,5.0,5.0,cash,Unknown,2023-02-27
9,3.0,1.5,4.5,digital wallet,In-store,2023-10-29
2,4.0,1.0,4.0,error,In-store,2023-10-02
3,5.0,5.0,25.0,digital wallet,Takeaway,2023-08-05
3,2.0,5.0,10.0,unknown,In-store,2023-09-21
1,2.0,3.0,6.0,unknown,Unknown,2023-03-29
8,4.0,3.0,12.0,digital wallet,Takeaway,2023-02-28
0,3.0,2.0,6.0,unknown,Unknown,2023-11-05
8,4.0,3.0,12.0,cash,Takeaway,2023-06-02
6,3.028463396702027,4.0,20.0,digital wallet,In-store,2023-09-25
6,5.0,4.0,20.0,digital wallet,Unknown,2023-10-03
3,4.0,5.0,20.0,credit card,In-store,2023-03-16
8,5.0,3.0,15.0,credit card,Takeaway,2023-07-18
1,2.0,3.0,6.0,credit card,Takeaway,2023-08-12
5,1.0,4.0,4.0,credit card,Unknown,2023-09-19
2,4.0,1.0,4.0,unknown,Unknown,2023-05-29
4,1.0,4.0,8.924352495262161,digital wallet,Unknown,2023-11-21
9,3.0,1.5,4.5,unknown,In-store,2023-09-21
0,3.028463396702027,2.0,2.0,cash,Unknown,2023-04-11
9,3.028463396702027,1.5,1.5,digital wallet,Takeaway,2023-07-08
4,5.0,4.0,20.0,cash,Unknown,2023-09-19
6,1.0,4.0,4.0,credit card,Takeaway,2023-01-28
2,4.0,1.0,4.0,digital wallet,Unknown,2023-06-15
4,4.0,4.0,16.0,credit card,Unknown,2023-07-16
6,5.0,4.0,8.924352495262161,unknown,Unknown,2023-03-15
8,2.0,3.0,6.0,digital wallet,Unknown,2023-09-13
0,3.0,2.0,6.0,digital wallet,Takeaway,2023-06-15
1,3.0,3.0,9.0,cash,Takeaway,2023-02-12
3,5.0,5.0,25.0,cash,In-store,2023-03-25
3,1.0,5.0,5.0,error,In-store,2023-06-10
0,4.0,2.0,8.0,cash,Unknown,2023-07-26
4,2.0,4.0,8.0,digital wallet,Unknown,2023-11-07
9,1.0,1.5,1.5,unknown,Unknown,2023-06-23
4,5.0,4.0,20.0,credit card,Unknown,2023-12-12
0,4.0,2.0,8.0,digital wallet,In-store,2023-06-03
3,1.0,5.0,5.0,error,In-store,2023-09-21
9,2.0,1.5,3.0,unknown,Takeaway,2023-06-24
6,4.0,4.0,16.0,cash,Takeaway,2023-01-24
0,3.0,2.0,6.0,unknown,In-store,2023-08-12
8,1.0,2.949984155487483,3.0,credit card,Takeaway,2023-01-07
8,4.0,3.0,12.0,credit card,In-store,2023-04-25
1,4.0,3.0,12.0,credit card,Unknown,2023-09-25
9,5.0,1.5,7.5,unknown,Unknown,2023-12-22
3,4.0,5.0,20.0,cash,Unknown,2023-10-15
5,4.0,2.949984155487483,8.0,unknown,In-store,2023-05-20
1,2.0,3.0,6.0,cash,Takeaway,2023-08-26
7,4.0,1.0,4.0,credit card,In-store,2023-08-26
1,5.0,3.0,15.0,credit card,Takeaway,2023-04-09
2,2.0,2.949984155487483,2.0,digital wallet,Takeaway,2023-09-26
7,1.0,5.0,5.0,digital wallet,Unknown,2023-04-08
8,4.0,3.0,12.0,error,Unknown,2023-02-06
0,2.0,2.0,4.0,unknown,Unknown,2023-04-07
0,1.0,2.0,2.0,unknown,In-store,2023-10-24
0,3.0,2.0,8.924352495262161,unknown,Unknown,2023-03-02
1,1.0,3.0,3.0,cash,Unknown,2023-02-06
4,2.0,4.0,8.0,credit card,In-store,2023-11-12
2,5.0,2.949984155487483,5.0,cash,In-store,2023-09-17
1,2.0,3.0,6.0,cash,In-store,2023-02-27
4,3.0,4.0,12.0,digital wallet,Unknown,2023-03-10
2,3.0,1.0,3.0,digital wallet,Takeaway,2023-12-07
0,5.0,2.0,10.0,unknown,Unknown,2023-03-02
2,2.0,1.0,2.0,unknown,Takeaway,2023-01-19
0,5.0,2.0,10.0,digital wallet,Takeaway,2023-11-30
3,4.0,5.0,8.924352495262161,unknown,In-store,2023-09-28
4,1.0,4.0,4.0,unknown,In-store,2023-01-07
2,3.0,1.0,3.0,cash,In-store,2023-05-22
2,1.0,1.0,1.0,cash,Takeaway,2023-03-04
9,2.0,1.5,3.0,unknown,Unknown,2023-11-09
1,1.0,3.0,3.0,cash,In-store,2023-07-18
9,1.0,1.5,1.5,credit card,In-store,2023-09-10
3,3.0,5.0,15.0,unknown,Unknown,2023-01-06
6,5.0,4.0,20.0,unknown,In-store,2023-11-19
2,1.0,1.0,1.0,digital wallet,In-store,2023-07-12
2,2.0,1.0,2.0,credit card,In-store,2023-02-06
3,2.0,5.0,10.0,unknown,Unknown,2023-02-07
8,2.0,3.0,6.0,credit card,Unknown,2023-10-02
7,5.0,5.0,25.0,unknown,Unknown,2023-10-09
6,2.0,4.0,8.0,unknown,In-store,2023-02-24
6,2.0,4.0,8.0,cash,In-store,2023-05-30
3,2.0,5.0,10.0,credit card,Takeaway,2023-09-05
8,3.0,3.0,9.0,cash,In-store,2023-07-27
1,4.0,3.0,12.0,unknown,In-store,2023-04-14
6,3.0,4.0,12.0,unknown,Unknown,2023-11-15
6,3.0,4.0,12.0,unknown,In-store,2023-09-27
2,5.0,2.949984155487483,5.0,credit card,In-store,2023-09-21
6,2.0,4.0,8.0,cash,UNKNOWN,2023-03-16
8,4.0,3.0,12.0,digital wallet,Unknown,2023-03-21
6,1.0,4.0,4.0,unknown,In-store,2023-02-06
0,2.0,2.0,4.0,credit card,Unknown,2023-04-15
2,2.0,1.0,2.0,credit card,Takeaway,2023-07-09
5,1.0,1.5,1.5,digital wallet,ERROR,2023-06-04
4,3.0,4.0,8.924352495262161,unknown,Unknown,2023-01-03
9,5.0,1.5,7.5,cash,Takeaway,2023-02-16
9,5.0,1.5,7.5,unknown,In-store,2023-10-18
8,5.0,3.0,15.0,credit card,In-store,2023-11-15
-1,3.0,1.0,3.0,digital wallet,UNKNOWN,2023-01-09
3,4.0,5.0,20.0,unknown,Unknown,2023-02-06
0,5.0,2.0,8.924352495262161,cash,Unknown,2023-01-31
0,3.0,2.0,6.0,credit card,In-store,2023-04-24
9,5.0,1.5,7.5,cash,Unknown,2023-07-08
2,1.0,1.0,1.0,digital wallet,In-store,2023-05-28
4,1.0,4.0,4.0,unknown,Unknown,2023-08-28
9,1.0,1.5,1.5,unknown,UNKNOWN,2023-04-17
3,2.0,5.0,10.0,cash,Unknown,2023-04-19
8,2.0,3.0,6.0,unknown,Takeaway,2023-05-22
8,3.0,3.0,9.0,digital wallet,Unknown,2023-11-22
2,3.0,1.0,3.0,unknown,Takeaway,2023-05-09
2,4.0,1.0,4.0,cash,ERROR,2023-01-08
0,3.0,2.0,6.0,cash,In-store,2023-10-22
4,5.0,4.0,20.0,digital wallet,Unknown,2023-05-09
3,3.0,5.0,15.0,credit card,Takeaway,2023-02-06
8,5.0,3.0,15.0,credit card,Unknown,2023-06-08
4,5.0,2.949984155487483,20.0,digital wallet,In-store,2023-12-26
4,1.0,4.0,4.0,unknown,Takeaway,2023-04-20
3,5.0,5.0,25.0,cash,In-store,2023-11-22
8,2.0,3.0,6.0,credit card,Takeaway,2023-11-03
1,4.0,3.0,12.0,credit card,In-store,2023-05-09
9,5.0,1.5,7.5,cash,Unknown,2023-03-27
9,4.0,1.5,6.0,unknown,In-store,2023-07-12
6,3.028463396702027,4.0,12.0,credit card,Unknown,2023-01-16
0,4.0,2.0,8.0,cash,Unknown,2023-03-04
3,2.0,5.0,10.0,credit card,Unknown,2023-07-23
9,4.0,2.949984155487483,6.0,digital wallet,Unknown,2023-05-17
9,3.0,1.5,4.5,unknown,Takeaway,2023-04-19
3,2.0,5.0,10.0,credit card,In-store,2023-01-07
8,5.0,3.0,15.0,digital wallet,In-store,2023-03-09
1,4.0,3.0,12.0,cash,In-store,2023-11-17
4,3.0,4.0,12.0,cash,Unknown,2023-03-24
1,4.0,3.0,12.0,credit card,Takeaway,2023-04-02
1,3.0,3.0,9.0,digital wallet,Unknown,2023-02-18
4,3.0,4.0,8.924352495262161,unknown,In-store,2023-09-25
9,5.0,1.5,7.5,unknown,Takeaway,2023-08-24
1,4.0,2.949984155487483,12.0,credit card,Takeaway,2023-03-15
3,5.0,2.949984155487483,25.0,credit card,Takeaway,2023-08-30
9,4.0,1.5,6.0,cash,Unknown,2023-06-08
0,1.0,2.0,2.0,credit card,In-store,2023-07-11
2,4.0,1.0,4.0,cash,Unknown,2023-03-07
9,5.0,1.5,7.5,unknown,Takeaway,2023-06-25
2,4.0,2.949984155487483,4.0,credit card,In-store,2023-02-06
4,1.0,4.0,4.0,digital wallet,Takeaway,2023-04-10
-1,3.0,4.0,12.0,unknown,ERROR,2023-05-06
0,4.0,2.949984155487483,8.0,credit card,Takeaway,2023-03-07
9,4.0,1.5,6.0,digital wallet,Takeaway,2023-09-19
1,1.0,3.0,3.0,cash,In-store,2023-09-17
0,5.0,2.0,10.0,cash,Takeaway,2023-04-01
7,2.0,4.0,8.0,credit card,In-store,2023-11-04
2,4.0,1.0,4.0,digital wallet,Takeaway,2023-09-01
2,1.0,1.0,1.0,digital wallet,Takeaway,2023-12-07
1,4.0,3.0,12.0,digital wallet,In-store,2023-11-07
1,3.0,3.0,9.0,unknown,ERROR,2023-08-26
3,1.0,5.0,5.0,cash,Unknown,2023-07-09
3,2.0,5.0,10.0,credit card,In-store,2023-02-09
1,2.0,3.0,6.0,credit card,Unknown,2023-03-01
6,3.028463396702027,4.0,16.0,error,Unknown,2023-07-13
0,3.0,2.0,6.0,unknown,Unknown,2023-01-02
1,5.0,3.0,15.0,cash,Takeaway,2023-02-19
8,5.0,3.0,15.0,unknown,ERROR,2023-03-24
0,3.0,2.0,6.0,unknown,In-store,2023-03-29
3,4.0,5.0,20.0,digital wallet,Unknown,2023-05-19
3,5.0,5.0,25.0,cash,Unknown,2023-09-10
1,1.0,3.0,3.0,cash,Takeaway,2023-07-20
4,2.0,4.0,8.0,cash,Unknown,2023-11-05
1,3.0,3.0,9.0,credit card,In-store,2023-09-29
6,5.0,4.0,20.0,digital wallet,Takeaway,2023-01-30
3,5.0,5.0,8.924352495262161,cash,Takeaway,2023-02-25
2,2.0,1.0,2.0,credit card,In-store,2023-01-16
8,4.0,3.0,12.0,credit card,In-store,2023-12-24
9,3.0,1.5,4.5,credit card,ERROR,2023-03-17
2,2.0,1.0,2.0,unknown,In-store,2023-12-21
0,5.0,2.0,10.0,digital wallet,In-store,2023-01-21
8,3.0,3.0,9.0,unknown,In-store,2023-05-15
9,3.0,1.5,4.5,cash,Takeaway,2023-09-08
4,5.0,4.0,20.0,credit card,In-store,2023-06-21
7,1.0,3.0,3.0,unknown,ERROR,2023-03-27
9,4.0,1.5,6.0,unknown,In-store,2023-02-27
1,1.0,3.0,3.0,error,Unknown,2023-04-23
4,4.0,4.0,16.0,unknown,UNKNOWN,2023-12-28
6,2.0,4.0,8.0,unknown,Takeaway,2023-02-06
6,3.0,4.0,12.0,unknown,Takeaway,2023-09-21
3,2.0,5.0,10.0,credit card,Unknown,2023-11-01
6,1.0,2.949984155487483,4.0,unknown,In-store,2023-01-04
9,2.0,1.5,3.0,digital wallet,Takeaway,2023-03-01
3,5.0,5.0,25.0,cash,Unknown,2023-08-27
0,4.0,2.0,8.0,unknown,In-store,2023-02-16
8,2.0,2.949984155487483,6.0,digital wallet,In-store,2023-12-12
6,4.0,4.0,16.0,credit card,Takeaway,2023-11-27
6,1.0,4.0,4.0,unknown,Unknown,2023-11-16
3,4.0,5.0,20.0,unknown,In-store,2023-06-21
0,2.0,2.0,4.0,credit card,Takeaway,2023-06-03
-1,2.0,3.0,6.0,unknown,Takeaway,2023-02-06
5,2.0,5.0,10.0,digital wallet,Unknown,2023-03-18
1,5.0,3.0,15.0,credit card,Unknown,2023-05-28
2,2.0,1.0,2.0,unknown,Unknown,2023-10-03
8,3.0,3.0,9.0,cash,ERROR,2023-04-21
-1,4.0,1.0,4.0,unknown,Takeaway,2023-02-06
0,2.0,2.949984155487483,4.0,cash,Takeaway,2023-08-10
9,1.0,1.5,1.5,digital wallet,In-store,2023-10-07
1,4.0,2.949984155487483,12.0,unknown,Takeaway,2023-01-10
0,5.0,2.0,10.0,cash,In-store,2023-12-21
4,5.0,4.0,20.0,cash,Unknown,2023-01-29
4,4.0,4.0,16.0,cash,In-store,2023-06-18
1,3.0,3.0,9.0,digital wallet,Unknown,2023-03-05
1,5.0,3.0,15.0,unknown,Unknown,2023-05-19
1,2.0,3.0,6.0,digital wallet,Unknown,2023-04-10
8,4.0,3.0,12.0,cash,Unknown,2023-02-19
6,2.0,4.0,8.0,credit card,Takeaway,2023-07-25
1,4.0,3.0,12.0,cash,Unknown,2023-08-12
0,4.0,2.0,8.0,unknown,Takeaway,2023-12-20
3,2.0,5.0,10.0,digital wallet,Unknown,2023-03-17
8,1.0,3.0,3.0,unknown,In-store,2023-02-12
3,3.0,5.0,15.0,credit card,ERROR,2023-12-13
8,4.0,3.0,12.0,credit card,Unknown,2023-10-06
6,1.0,4.0,4.0,credit card,Takeaway,2023-12-17
2,1.0,1.0,1.0,digital wallet,Takeaway,2023-03-15
1,1.0,3.0,3.0,cash,Takeaway,2023-09-21
2,4.0,1.0,4.0,unknown,Takeaway,2023-10-04
2,1.0,1.0,1.0,digital wallet,Unknown,2023-07-06
3,2.0,5.0,10.0,cash,Takeaway,2023-12-26
6,2.0,4.0,8.0,credit card,Unknown,2023-07-10
5,2.0,3.0,6.0,digital wallet,Takeaway,2023-06-14
1,2.0,3.0,6.0,cash,Takeaway,2023-09-17
6,2.0,4.0,8.0,digital wallet,Unknown,2023-03-05
1,4.0,3.0,12.0,cash,Unknown,2023-05-29
8,2.0,3.0,6.0,digital wallet,In-store,2023-01-31
5,1.0,4.0,8.924352495262161,credit card,Takeaway,2023-10-07
2,4.0,1.0,4.0,credit card,In-store,2023-12-07
0,1.0,2.0,2.0,unknown,Unknown,2023-03-12
3,1.0,5.0,8.924352495262161,digital wallet,Unknown,2023-04-07
1,4.0,3.0,12.0,digital wallet,Unknown,2023-08-27
5,3.0,1.0,3.0,cash,Unknown,2023-07-07
5,4.0,2.949984155487483,16.0,unknown,Takeaway,2023-05-30
6,5.0,2.949984155487483,20.0,unknown,Takeaway,2023-03-16
1,4.0,3.0,12.0,digital wallet,ERROR,2023-11-18
0,2.0,2.0,4.0,unknown,UNKNOWN,2023-11-10
2,2.0,1.0,2.0,unknown,In-store,2023-10-30
0,1.0,2.0,2.0,digital wallet,Takeaway,2023-11-02
9,1.0,1.5,1.5,unknown,Takeaway,2023-09-18
2,4.0,1.0,4.0,digital wallet,Takeaway,2023-03-24
9,2.0,1.5,3.0,cash,Unknown,2023-04-09
3,4.0,5.0,20.0,digital wallet,Unknown,2023-01-08
1,3.028463396702027,3.0,12.0,unknown,In-store,2023-04-19
9,5.0,1.5,8.924352495262161,cash,Unknown,2023-02-05
3,2.0,5.0,10.0,credit card,UNKNOWN,2023-12-11
1,5.0,3.0,15.0,credit card,In-store,2023-08-04
6,2.0,4.0,8.0,error,ERROR,2023-03-25
5,3.028463396702027,4.0,12.0,unknown,Unknown,2023-10-11
3,2.0,5.0,10.0,credit card,Unknown,2023-02-15
9,5.0,1.5,7.5,unknown,In-store,2023-03-16
6,4.0,4.0,16.0,digital wallet,In-store,2023-02-06
9,1.0,1.5,8.924352495262161,credit card,Takeaway,2023-09-12
8,2.0,3.0,8.924352495262161,cash,Unknown,2023-06-12
8,1.0,3.0,3.0,unknown,Unknown,2023-10-31
9,3.0,1.5,4.5,unknown,Unknown,2023-07-31
2,4.0,1.0,4.0,unknown,Unknown,2023-06-29
9,3.0,1.5,4.5,credit card,Unknown,2023-03-06
1,3.0,3.0,9.0,cash,In-store,2023-01-26
6,1.0,4.0,4.0,unknown,Unknown,2023-01-26
6,1.0,4.0,4.0,error,Unknown,2023-07-24
5,2.0,3.0,6.0,cash,Unknown,2023-08-29
3,4.0,5.0,20.0,digital wallet,In-store,2023-06-03
6,3.0,4.0,12.0,unknown,Takeaway,2023-05-07
8,3.0,3.0,9.0,credit card,In-store,2023-11-03
9,4.0,1.5,6.0,digital wallet,Unknown,2023-08-01
0,5.0,2.0,10.0,cash,Takeaway,2023-08-26
4,2.0,4.0,8.0,cash,Takeaway,2023-03-20
8,5.0,3.0,15.0,digital wallet,Takeaway,2023-12-22
2,2.0,1.0,2.0,cash,Takeaway,2023-03-11
9,2.0,1.5,3.0,unknown,Unknown,2023-10-16
6,4.0,4.0,16.0,unknown,UNKNOWN,2023-04-30
8,3.0,3.0,9.0,cash,In-store,2023-05-11
9,3.0,1.5,8.924352495262161,digital wallet,Takeaway,2023-11-19
-1,4.0,5.0,20.0,credit card,Unknown,2023-07-14
8,1.0,3.0,3.0,cash,In-store,2023-05-03
2,4.0,1.0,4.0,unknown,Unknown,2023-05-03
0,4.0,2.0,8.0,cash,Unknown,2023-09-20
6,1.0,4.0,4.0,unknown,In-store,2023-03-24
4,2.0,4.0,8.0,unknown,UNKNOWN,2023-06-06
-1,3.0,3.0,9.0,unknown,Takeaway,2023-05-01
2,3.028463396702027,2.949984155487483,2.0,unknown,UNKNOWN,2023-02-06
8,4.0,3.0,12.0,digital wallet,In-store,2023-04-11
6,4.0,4.0,16.0,credit card,ERROR,2023-06-28
2,5.0,1.0,5.0,digital wallet,Takeaway,2023-09-27
1,5.0,3.0,15.0,credit card,Takeaway,2023-11-09
6,5.0,4.0,20.0,unknown,Unknown,2023-01-08
9,5.0,1.5,7.5,credit card,Unknown,2023-07-13
8,4.0,3.0,12.0,unknown,In-store,2023-06-22
7,5.0,1.0,5.0,unknown,In-store,2023-07-12
6,2.0,4.0,8.0,credit card,In-store,2023-03-15
8,4.0,3.0,12.0,unknown,Unknown,2023-10-29
4,3.0,4.0,12.0,unknown,Unknown,2023-12-28
4,2.0,4.0,8.0,unknown,Unknown,2023-10-06
8,4.0,3.0,12.0,cash,Unknown,2023-02-06
6,4.0,4.0,16.0,cash,In-store,2023-08-10
4,1.0,2.949984155487483,4.0,unknown,Takeaway,2023-10-02
2,4.0,1.0,4.0,credit card,Takeaway,2023-04-14
4,3.0,4.0,12.0,unknown,In-store,2023-11-18
9,1.0,1.5,1.5,cash,Unknown,2023-07-01
2,3.0,1.0,3.0,digital wallet,Takeaway,2023-10-12
4,4.0,4.0,16.0,unknown,Unknown,2023-02-25
1,3.0,3.0,9.0,cash,Unknown,2023-04-18
6,1.0,4.0,4.0,digital wallet,Unknown,2023-02-06
0,4.0,2.0,8.0,digital wallet,Takeaway,2023-07-01
2,2.0,1.0,2.0,cash,Unknown,2023-03-18
3,3.0,5.0,15.0,credit card,ERROR,2023-03-17
0,1.0,2.0,2.0,digital wallet,In-store,2023-10-30
8,3.028463396702027,3.0,15.0,digital wallet,In-store,2023-02-17
8,2.0,3.0,6.0,digital wallet,Takeaway,2023-03-03
0,2.0,2.0,4.0,unknown,ERROR,2023-05-01
4,4.0,4.0,16.0,cash,In-store,2023-06-29
2,3.0,1.0,3.0,digital wallet,In-store,2023-03-01
9,1.0,1.5,1.5,unknown,In-store,2023-05-01
3,2.0,5.0,10.0,credit card,Unknown,2023-09-30
9,3.0,1.5,8.924352495262161,credit card,Takeaway,2023-09-12
6,3.0,4.0,12.0,credit card,Takeaway,2023-05-04
1,5.0,3.0,15.0,digital wallet,In-store,2023-08-01
5,1.0,3.0,3.0,credit card,Unknown,2023-08-21
-1,1.0,2.0,2.0,unknown,Unknown,2023-09-14
5,4.0,4.0,16.0,credit card,Unknown,2023-05-05
7,3.028463396702027,4.0,12.0,credit card,ERROR,2023-06-13
8,4.0,3.0,12.0,digital wallet,In-store,2023-11-26
1,5.0,2.949984155487483,15.0,cash,Takeaway,2023-04-21
4,3.0,4.0,12.0,digital wallet,Unknown,2023-11-08
0,1.0,2.949984155487483,2.0,unknown,Unknown,2023-04-21
8,4.0,3.0,12.0,digital wallet,In-store,2023-02-24
8,5.0,3.0,15.0,cash,Unknown,2023-11-10
1,5.0,3.0,15.0,digital wallet,In-store,2023-03-18
3,3.0,5.0,15.0,credit card,In-store,2023-04-13
1,1.0,3.0,3.0,digital wallet,Takeaway,2023-07-12
3,3.0,5.0,15.0,cash,In-store,2023-02-06
6,2.0,4.0,8.0,credit card,In-store,2023-11-03
0,5.0,2.0,8.924352495262161,credit card,In-store,2023-04-17
9,4.0,1.5,6.0,digital wallet,Takeaway,2023-09-20
2,3.0,1.0,3.0,credit card,Unknown,2023-05-25
8,1.0,3.0,3.0,digital wallet,In-store,2023-11-21
9,2.0,1.5,3.0,credit card,In-store,2023-01-04
2,5.0,1.0,5.0,digital wallet,In-store,2023-08-17
1,4.0,3.0,12.0,unknown,In-store,2023-07-09
9,4.0,1.5,6.0,digital wallet,Takeaway,2023-02-27
7,4.0,5.0,20.0,error,Unknown,2023-03-31
3,2.0,5.0,10.0,credit card,UNKNOWN,2023-09-25
2,2.0,1.0,2.0,cash,Takeaway,2023-04-29
2,2.0,1.0,2.0,cash,Unknown,2023-09-30
3,5.0,5.0,25.0,cash,Unknown,2023-04-25
2,2.0,1.0,2.0,credit card,Unknown,2023-08-12
3,2.0,5.0,10.0,unknown,Takeaway,2023-06-05
-1,1.0,3.0,8.924352495262161,cash,In-store,2023-08-14
2,2.0,1.0,2.0,credit card,Takeaway,2023-06-18
9,4.0,1.5,6.0,cash,Unknown,2023-11-26
2,4.0,1.0,8.924352495262161,cash,ERROR,2023-07-24
9,3.0,1.5,4.5,unknown,Takeaway,2023-11-09
8,1.0,3.0,3.0,cash,In-store,2023-05-28
4,4.0,4.0,16.0,credit card,Unknown,2023-02-06
0,4.0,2.0,8.0,cash,Takeaway,2023-06-29
9,2.0,1.5,3.0,unknown,Unknown,2023-12-30
8,5.0,3.0,15.0,credit card,Unknown,2023-12-25
-1,3.0,4.0,12.0,digital wallet,Takeaway,2023-08-03
9,3.0,2.949984155487483,4.5,cash,In-store,2023-03-16
4,1.0,4.0,4.0,digital wallet,In-store,2023-04-30
2,4.0,1.0,4.0,unknown,Takeaway,2023-06-18
8,3.0,3.0,9.0,credit card,Takeaway,2023-02-25
4,3.0,4.0,12.0,credit card,In-store,2023-06-07
3,1.0,5.0,5.0,unknown,Takeaway,2023-04-10
9,1.0,1.5,1.5,credit card,Unknown,2023-02-15
1,4.0,3.0,12.0,cash,Takeaway,2023-11-17
1,1.0,3.0,3.0,cash,Unknown,2023-08-05
1,4.0,3.0,12.0,cash,Takeaway,2023-12-03
0,2.0,2.0,4.0,cash,Takeaway,2023-05-21
4,1.0,4.0,4.0,cash,Unknown,2023-12-30
0,4.0,2.0,8.0,credit card,In-store,2023-01-31
9,1.0,1.5,1.5,cash,In-store,2023-09-20
0,5.0,2.0,10.0,digital wallet,In-store,2023-02-25
2,5.0,1.0,5.0,error,In-store,2023-05-20
0,3.0,2.0,6.0,credit card,In-store,2023-03-26
0,5.0,2.0,10.0,unknown,Unknown,2023-11-25
4,1.0,4.0,4.0,digital wallet,In-store,2023-12-24
4,2.0,2.949984155487483,8.0,cash,In-store,2023-09-02
8,3.0,3.0,9.0,unknown,Takeaway,2023-08-03
1,4.0,3.0,12.0,unknown,Unknown,2023-07-24
9,5.0,1.5,7.5,unknown,Unknown,2023-07-07
3,3.0,5.0,15.0,credit card,In-store,2023-01-28
8,3.0,3.0,9.0,unknown,Unknown,2023-05-06
0,3.0,2.0,6.0,unknown,In-store,2023-11-11
1,5.0,3.0,15.0,credit card,Unknown,2023-11-26
7,5.0,5.0,25.0,credit card,UNKNOWN,2023-07-12
1,2.0,3.0,6.0,unknown,Takeaway,2023-03-09
2,1.0,1.0,1.0,error,Unknown,2023-02-26
8,5.0,3.0,15.0,unknown,Unknown,2023-04-20
3,4.0,5.0,20.0,credit card,In-store,2023-07-19
9,5.0,1.5,7.5,unknown,Unknown,2023-08-17
3,3.0,5.0,15.0,error,Takeaway,2023-05-09
1,5.0,3.0,15.0,credit card,Unknown,2023-02-06
2,5.0,1.0,5.0,digital wallet,Unknown,2023-12-27
4,1.0,4.0,4.0,digital wallet,In-store,2023-03-22
0,2.0,2.0,4.0,unknown,In-store,2023-10-03
0,2.0,2.0,4.0,cash,Unknown,2023-04-01
2,2.0,1.0,2.0,unknown,Takeaway,2023-12-09
9,1.0,1.5,1.5,unknown,Unknown,2023-07-01
2,2.0,1.0,2.0,digital wallet,Unknown,2023-11-30
-1,3.0,2.949984155487483,12.0,unknown,Takeaway,2023-05-30
4,1.0,2.949984155487483,4.0,cash,In-store,2023-02-12
3,4.0,5.0,20.0,digital wallet,Takeaway,2023-03-02
4,5.0,4.0,20.0,unknown,Unknown,2023-02-15
-1,1.0,1.0,1.0,unknown,In-store,2023-02-06
1,5.0,3.0,15.0,credit card,UNKNOWN,2023-12-05
1,4.0,3.0,12.0,cash,ERROR,2023-01-02
4,1.0,4.0,4.0,unknown,Unknown,2023-11-30
8,2.0,3.0,8.924352495262161,cash,Unknown,2023-05-30
1,3.0,3.0,9.0,credit card,Takeaway,2023-05-30
2,1.0,1.0,1.0,credit card,In-store,2023-01-23
2,2.0,1.0,2.0,cash,Takeaway,2023-12-21
0,1.0,2.0,2.0,digital wallet,In-store,2023-08-13
-1,4.0,3.0,12.0,digital wallet,Unknown,2023-06-01
6,3.0,4.0,12.0,credit card,In-store,2023-08-26
8,4.0,3.0,12.0,cash,In-store,2023-04-06
3,1.0,5.0,5.0,unknown,Takeaway,2023-02-27
0,1.0,2.0,2.0,credit card,Unknown,2023-06-30
0,1.0,2.0,2.0,unknown,In-store,2023-12-18
4,5.0,4.0,20.0,credit card,Takeaway,2023-09-06
4,1.0,4.0,4.0,unknown,Takeaway,2023-01-06
1,3.0,3.0,9.0,digital wallet,Unknown,2023-09-08
4,5.0,4.0,20.0,cash,Unknown,2023-10-20
-1,4.0,3.0,12.0,digital wallet,Takeaway,2023-08-06
1,3.0,3.0,9.0,credit card,Unknown,2023-11-09
6,3.0,4.0,12.0,unknown,Takeaway,2023-07-11
3,1.0,5.0,5.0,credit card,Unknown,2023-02-12
8,1.0,3.0,3.0,cash,In-store,2023-07-04
3,5.0,5.0,25.0,unknown,Takeaway,2023-05-25
0,1.0,2.0,2.0,cash,Unknown,2023-06-28
2,1.0,1.0,8.924352495262161,cash,In-store,2023-08-19
0,2.0,2.0,4.0,unknown,Takeaway,2023-11-28
2,4.0,1.0,4.0,unknown,In-store,2023-03-06
8,5.0,3.0,15.0,digital wallet,Takeaway,2023-09-20
4,3.0,4.0,12.0,unknown,In-store,2023-09-15
4,3.0,4.0,12.0,credit card,Unknown,2023-08-01
5,3.0,5.0,15.0,digital wallet,Unknown,2023-05-05
9,3.0,2.949984155487483,4.5,credit card,In-store,2023-02-06
6,5.0,4.0,20.0,digital wallet,In-store,2023-02-13
3,3.0,5.0,15.0,unknown,Unknown,2023-06-19
2,3.0,1.0,3.0,digital wallet,Unknown,2023-07-17
1,1.0,3.0,3.0,credit card,Unknown,2023-02-11
9,3.0,1.5,4.5,digital wallet,Takeaway,2023-04-25
2,4.0,1.0,4.0,unknown,Unknown,2023-06-02
5,1.0,5.0,5.0,digital wallet,Takeaway,2023-07-23
6,4.0,4.0,16.0,cash,Unknown,2023-03-17
9,4.0,1.5,6.0,digital wallet,Takeaway,2023-12-23
2,5.0,1.0,5.0,cash,Unknown,2023-04-24
4,5.0,4.0,20.0,cash,Takeaway,2023-02-24
4,1.0,4.0,4.0,cash,UNKNOWN,2023-05-22
1,1.0,3.0,3.0,digital wallet,In-store,2023-11-04
3,1.0,5.0,5.0,unknown,In-store,2023-10-23
6,1.0,4.0,4.0,unknown,In-store,2023-10-29
1,5.0,3.0,15.0,credit card,Unknown,2023-10-24
3,3.028463396702027,5.0,5.0,unknown,UNKNOWN,2023-02-06
9,1.0,2.949984155487483,1.5,digital wallet,In-store,2023-07-30
1,5.0,3.0,15.0,credit card,Unknown,2023-11-07
1,4.0,3.0,12.0,unknown,Takeaway,2023-07-21
4,3.0,4.0,12.0,credit card,Takeaway,2023-06-08
2,5.0,1.0,5.0,cash,Takeaway,2023-06-11
6,3.0,4.0,12.0,cash,Takeaway,2023-06-09
6,3.0,4.0,12.0,credit card,Takeaway,2023-04-23
8,2.0,3.0,6.0,unknown,In-store,2023-10-12
9,5.0,1.5,7.5,digital wallet,ERROR,2023-11-14
9,3.0,1.5,4.5,digital wallet,Takeaway,2023-08-06
-1,1.0,2.0,2.0,cash,Unknown,2023-03-08
6,2.0,4.0,8.0,unknown,Unknown,2023-11-01
8,4.0,3.0,12.0,credit card,Takeaway,2023-06-26
3,4.0,2.949984155487483,20.0,cash,Takeaway,2023-11-02
6,4.0,4.0,16.0,unknown,In-store,2023-11-17
2,5.0,1.0,5.0,cash,Unknown,2023-12-19
9,2.0,1.5,3.0,cash,In-store,2023-02-01
6,3.0,4.0,12.0,unknown,Unknown,2023-02-06
7,2.0,3.0,6.0,unknown,Unknown,2023-07-03
3,5.0,5.0,25.0,error,In-store,2023-08-11
6,1.0,4.0,4.0,digital wallet,Takeaway,2023-09-10
9,3.0,1.5,4.5,credit card,Takeaway,2023-01-07
-1,4.0,2.0,8.0,cash,Unknown,2023-02-06
1,1.0,3.0,3.0,cash,Takeaway,2023-10-14
0,3.0,2.0,6.0,unknown,Unknown,2023-01-15
-1,1.0,1.0,1.0,cash,In-store,2023-12-10
6,4.0,4.0,16.0,digital wallet,Takeaway,2023-05-18
3,3.028463396702027,5.0,15.0,digital wallet,In-store,2023-02-05
6,3.0,4.0,12.0,credit card,Unknown,2023-06-25
-1,2.0,2.949984155487483,8.0,cash,In-store,2023-06-24
-1,2.0,1.5,3.0,unknown,In-store,2023-04-14
2,5.0,1.0,5.0,digital wallet,ERROR,2023-04-06
8,1.0,3.0,3.0,credit card,Takeaway,2023-10-19
4,4.0,4.0,8.924352495262161,unknown,In-store,2023-12-17
7,4.0,3.0,12.0,credit card,Unknown,2023-03-14
9,5.0,1.5,7.5,digital wallet,In-store,2023-10-08
1,2.0,3.0,6.0,unknown,Unknown,2023-02-22
0,5.0,2.0,10.0,unknown,Takeaway,2023-12-19
2,2.0,1.0,2.0,cash,In-store,2023-01-31
2,4.0,1.0,4.0,digital wallet,Takeaway,2023-05-16
8,1.0,3.0,3.0,unknown,Unknown,2023-11-02
0,3.0,2.0,6.0,unknown,Unknown,2023-02-06
6,2.0,4.0,8.0,credit card,Unknown,2023-08-17
5,5.0,3.0,15.0,unknown,In-store,2023-02-23
2,3.0,1.0,3.0,cash,Unknown,2023-03-08
4,3.0,4.0,12.0,unknown,In-store,2023-11-06
1,5.0,3.0,15.0,credit card,In-store,2023-05-30
-1,3.0,4.0,12.0,unknown,Takeaway,2023-03-30
3,4.0,5.0,20.0,digital wallet,Takeaway,2023-04-11
1,2.0,3.0,6.0,unknown,In-store,2023-07-18
2,4.0,1.0,4.0,digital wallet,Takeaway,2023-08-06
3,5.0,5.0,25.0,cash,Unknown,2023-01-27
4,5.0,4.0,20.0,unknown,Takeaway,2023-12-01
0,1.0,2.0,2.0,digital wallet,Takeaway,2023-10-01
2,3.0,1.0,3.0,credit card,Unknown,2023-06-20
8,5.0,3.0,15.0,unknown,ERROR,2023-02-06
4,5.0,4.0,20.0,cash,Takeaway,2023-11-27
2,4.0,1.0,4.0,credit card,In-store,2023-02-06
9,1.0,1.5,1.5,error,Unknown,2023-09-30
6,2.0,4.0,8.0,digital wallet,Takeaway,2023-06-17
3,5.0,5.0,25.0,digital wallet,In-store,2023-11-19
6,1.0,4.0,4.0,digital wallet,Takeaway,2023-02-06
8,4.0,3.0,12.0,digital wallet,In-store,2023-06-03
2,1.0,1.0,1.0,digital wallet,In-store,2023-04-21
4,5.0,4.0,20.0,credit card,Unknown,2023-03-07
1,2.0,3.0,6.0,unknown,In-store,2023-06-06
0,4.0,2.0,8.0,unknown,In-store,2023-01-21
6,4.0,4.0,16.0,digital wallet,Unknown,2023-05-05
4,2.0,4.0,8.0,unknown,Unknown,2023-09-02
3,2.0,5.0,10.0,cash,Unknown,2023-11-13
9,4.0,1.5,6.0,unknown,Unknown,2023-02-28
2,3.0,1.0,3.0,credit card,In-store,2023-01-10
6,2.0,4.0,8.0,cash,Unknown,2023-11-15
7,4.0,5.0,20.0,cash,Unknown,2023-01-12
4,5.0,4.0,20.0,credit card,Takeaway,2023-09-24
3,3.0,5.0,15.0,unknown,Takeaway,2023-02-19
6,1.0,4.0,8.924352495262161,unknown,In-store,2023-08-16
6,2.0,4.0,8.0,cash,Unknown,2023-11-01
9,4.0,1.5,6.0,unknown,Unknown,2023-06-30
4,4.0,4.0,16.0,cash,UNKNOWN,2023-03-20
5,5.0,1.0,5.0,cash,ERROR,2023-04-14
2,5.0,1.0,5.0,credit card,Unknown,2023-09-19
7,1.0,3.0,3.0,unknown,In-store,2023-05-04
3,2.0,5.0,10.0,cash,Unknown,2023-06-15
9,2.0,1.5,3.0,cash,UNKNOWN,2023-04-08
6,1.0,4.0,4.0,digital wallet,In-store,2023-11-23
9,3.0,1.5,4.5,cash,In-store,2023-07-14
4,3.0,4.0,12.0,unknown,Takeaway,2023-04-06
5,4.0,3.0,12.0,digital wallet,In-store,2023-08-18
-1,5.0,1.5,7.5,unknown,Takeaway,2023-01-05
-1,2.0,1.5,3.0,digital wallet,Unknown,2023-10-13
9,3.0,1.5,4.5,cash,Takeaway,2023-04-09
1,3.028463396702027,3.0,3.0,digital wallet,Unknown,2023-08-17
5,4.0,1.5,6.0,credit card,Unknown,2023-12-25
9,5.0,1.5,7.5,unknown,Takeaway,2023-02-10
0,2.0,2.0,4.0,credit card,In-store,2023-01-09
4,1.0,4.0,4.0,credit card,In-store,2023-07-10
4,3.0,4.0,12.0,unknown,In-store,2023-02-01
0,4.0,2.0,8.0,unknown,Unknown,2023-08-26
4,4.0,4.0,16.0,cash,Takeaway,2023-06-01
5,4.0,3.0,12.0,cash,Takeaway,2023-12-21
0,2.0,2.0,4.0,digital wallet,UNKNOWN,2023-11-29
8,3.0,3.0,9.0,digital wallet,In-store,2023-08-11
3,4.0,5.0,20.0,unknown,Takeaway,2023-01-12
4,2.0,4.0,8.0,unknown,Unknown,2023-09-15
2,2.0,1.0,2.0,cash,ERROR,2023-07-19
3,3.0,5.0,15.0,digital wallet,In-store,2023-06-26
7,4.0,4.0,16.0,credit card,Takeaway,2023-08-29
-1,3.0,4.0,12.0,cash,Takeaway,2023-02-14
6,3.0,4.0,12.0,digital wallet,In-store,2023-10-17
5,3.0,4.0,12.0,unknown,In-store,2023-09-01
0,3.0,2.0,6.0,cash,Takeaway,2023-04-02
0,2.0,2.0,4.0,unknown,In-store,2023-02-13
4,3.0,4.0,12.0,cash,Unknown,2023-10-13
8,3.0,3.0,8.924352495262161,credit card,ERROR,2023-08-29
9,1.0,1.5,1.5,digital wallet,Takeaway,2023-12-31
3,3.0,5.0,15.0,credit card,In-store,2023-09-06
1,3.0,3.0,9.0,unknown,In-store,2023-05-16
9,2.0,1.5,3.0,cash,Takeaway,2023-08-13
4,2.0,4.0,8.0,cash,UNKNOWN,2023-11-20
0,1.0,2.0,8.924352495262161,cash,Takeaway,2023-12-06
2,4.0,1.0,4.0,credit card,Unknown,2023-08-22
0,4.0,2.0,8.0,unknown,Unknown,2023-08-29
0,4.0,2.0,8.0,digital wallet,Takeaway,2023-06-30
1,5.0,3.0,15.0,credit card,In-store,2023-01-12
3,2.0,5.0,10.0,credit card,In-store,2023-01-05
8,1.0,3.0,3.0,unknown,ERROR,2023-11-18
3,1.0,5.0,5.0,digital wallet,In-store,2023-09-28
8,5.0,3.0,15.0,unknown,Unknown,2023-02-25
2,3.0,1.0,3.0,cash,Takeaway,2023-10-02
0,1.0,2.0,2.0,unknown,Takeaway,2023-07-23
1,2.0,3.0,6.0,credit card,In-store,2023-04-13
5,1.0,5.0,5.0,cash,In-store,2023-06-16
4,1.0,4.0,4.0,cash,In-store,2023-07-11
7,5.0,3.0,15.0,cash,In-store,2023-07-01
9,3.028463396702027,1.5,4.5,unknown,UNKNOWN,2023-02-06
8,1.0,3.0,3.0,digital wallet,Unknown,2023-12-25
4,2.0,4.0,8.0,credit card,In-store,2023-10-29
6,5.0,4.0,20.0,cash,Unknown,2023-02-03
6,4.0,4.0,16.0,credit card,In-store,2023-05-09
8,1.0,3.0,3.0,unknown,Takeaway,2023-12-09
6,5.0,4.0,20.0,unknown,In-store,2023-05-02
6,3.0,4.0,12.0,unknown,In-store,2023-03-16
6,2.0,4.0,8.924352495262161,cash,ERROR,2023-06-22
0,4.0,2.0,8.0,unknown,Takeaway,2023-05-16
6,5.0,4.0,20.0,cash,Unknown,2023-10-01
6,3.0,4.0,12.0,unknown,In-store,2023-06-01
6,2.0,4.0,8.0,digital wallet,In-store,2023-12-27
0,3.0,2.0,6.0,unknown,Takeaway,2023-02-06
6,5.0,4.0,20.0,unknown,In-store,2023-02-17
6,2.0,2.949984155487483,8.0,credit card,In-store,2023-08-23
4,1.0,4.0,4.0,credit card,Unknown,2023-10-26
2,3.0,1.0,3.0,digital wallet,Unknown,2023-02-04
9,2.0,1.5,3.0,digital wallet,Unknown,2023-10-14
9,1.0,1.5,1.5,credit card,Unknown,2023-11-14
0,1.0,2.0,2.0,digital wallet,Takeaway,2023-05-02
6,3.0,4.0,12.0,credit card,In-store,2023-01-31
9,2.0,1.5,3.0,unknown,In-store,2023-07-05
3,4.0,5.0,20.0,unknown,In-store,2023-06-18
2,2.0,1.0,2.0,digital wallet,Takeaway,2023-03-28
6,4.0,2.949984155487483,16.0,digital wallet,Unknown,2023-10-08
0,1.0,2.0,2.0,credit card,In-store,2023-12-12
4,2.0,4.0,8.0,error,Unknown,2023-09-07
9,3.028463396702027,1.5,4.5,unknown,Takeaway,2023-08-11
3,5.0,5.0,25.0,unknown,Takeaway,2023-10-10
6,3.028463396702027,4.0,20.0,credit card,Takeaway,2023-02-26
4,1.0,4.0,4.0,unknown,In-store,2023-11-22
0,1.0,2.0,2.0,credit card,Takeaway,2023-02-24
4,1.0,4.0,4.0,cash,In-store,2023-08-09
2,2.0,2.949984155487483,2.0,digital wallet,In-store,2023-08-23
9,1.0,1.5,1.5,digital wallet,Takeaway,2023-05-16
2,2.0,1.0,2.0,credit card,Takeaway,2023-11-09
2,2.0,1.0,2.0,unknown,Takeaway,2023-05-19
0,4.0,2.0,8.0,unknown,Takeaway,2023-05-05
-1,2.0,1.0,2.0,unknown,ERROR,2023-07-14
8,3.0,2.949984155487483,9.0,digital wallet,UNKNOWN,2023-04-14
3,2.0,5.0,10.0,digital wallet,In-store,2023-01-05
3,3.0,2.949984155487483,15.0,unknown,Unknown,2023-06-01
9,4.0,1.5,6.0,digital wallet,ERROR,2023-12-18
7,3.0,2.0,6.0,digital wallet,In-store,2023-02-11
5,3.0,5.0,15.0,credit card,In-store,2023-10-15
6,1.0,4.0,4.0,digital wallet,In-store,2023-02-23
3,2.0,5.0,10.0,cash,Unknown,2023-02-27
0,4.0,2.0,8.0,digital wallet,In-store,2023-01-01
4,4.0,4.0,16.0,unknown,In-store,2023-09-16
8,5.0,3.0,15.0,credit card,In-store,2023-10-21
0,1.0,2.0,2.0,credit card,In-store,2023-12-07
8,5.0,3.0,15.0,cash,Takeaway,2023-07-29
8,3.028463396702027,3.0,15.0,unknown,Takeaway,2023-02-01
1,2.0,3.0,6.0,digital wallet,Takeaway,2023-01-05
-1,4.0,5.0,20.0,unknown,Takeaway,2023-05-20
8,1.0,3.0,3.0,cash,In-store,2023-11-30
7,4.0,4.0,16.0,unknown,Unknown,2023-08-27
4,5.0,4.0,20.0,unknown,Takeaway,2023-11-19
6,3.0,4.0,12.0,unknown,Unknown,2023-09-09
5,3.028463396702027,4.0,16.0,cash,Takeaway,2023-09-25
8,2.0,3.0,6.0,digital wallet,Unknown,2023-04-02
9,1.0,1.5,1.5,unknown,Takeaway,2023-11-21
6,3.028463396702027,4.0,8.0,cash,In-store,2023-03-10
0,1.0,2.0,2.0,credit card,Unknown,2023-06-30
3,3.0,5.0,15.0,credit card,Takeaway,2023-07-07
6,5.0,4.0,20.0,digital wallet,Takeaway,2023-12-17
9,4.0,1.5,6.0,credit card,In-store,2023-09-26
2,1.0,1.0,1.0,cash,UNKNOWN,2023-01-23
8,1.0,3.0,3.0,digital wallet,Unknown,2023-03-27
-1,2.0,3.0,6.0,unknown,Unknown,2023-04-23
2,2.0,1.0,2.0,digital wallet,Unknown,2023-12-02
9,3.0,2.949984155487483,4.5,unknown,Takeaway,2023-08-02
3,4.0,5.0,20.0,digital wallet,Unknown,2023-02-18
1,2.0,3.0,6.0,digital wallet,Takeaway,2023-03-05
9,1.0,1.5,1.5,cash,ERROR,2023-07-06
3,5.0,5.0,25.0,digital wallet,Unknown,2023-02-06
0,3.0,2.0,6.0,unknown,Unknown,2023-12-21
0,4.0,2.0,8.0,unknown,ERROR,2023-04-16
0,1.0,2.949984155487483,2.0,error,UNKNOWN,2023-09-30
9,5.0,1.5,7.5,cash,Unknown,2023-02-28
4,3.0,4.0,12.0,cash,ERROR,2023-10-19
1,2.0,3.0,6.0,digital wallet,Takeaway,2023-06-02
9,5.0,1.5,7.5,credit card,Unknown,2023-05-07
8,2.0,3.0,6.0,digital wallet,In-store,2023-03-07
9,5.0,1.5,7.5,digital wallet,In-store,2023-04-25
6,4.0,4.0,16.0,credit card,Takeaway,2023-01-16
-1,4.0,5.0,20.0,cash,In-store,2023-08-03
2,1.0,1.0,1.0,credit card,Unknown,2023-06-07
1,5.0,3.0,15.0,digital wallet,Unknown,2023-05-28
3,4.0,5.0,20.0,cash,In-store,2023-07-21
1,5.0,3.0,15.0,digital wallet,In-store,2023-07-04
3,4.0,5.0,20.0,cash,Unknown,2023-07-16
6,5.0,4.0,20.0,credit card,Takeaway,2023-02-06
0,1.0,2.949984155487483,2.0,cash,Takeaway,2023-09-19
7,1.0,5.0,5.0,unknown,Unknown,2023-02-18
1,4.0,3.0,12.0,cash,Takeaway,2023-01-21
0,3.0,2.0,6.0,unknown,ERROR,2023-09-11
4,1.0,4.0,4.0,credit card,In-store,2023-09-03
8,5.0,3.0,15.0,unknown,Takeaway,2023-06-01
5,2.0,1.5,3.0,digital wallet,Unknown,2023-12-17
9,5.0,1.5,7.5,cash,Takeaway,2023-06-29
1,2.0,3.0,6.0,unknown,Takeaway,2023-03-13
6,1.0,4.0,4.0,unknown,In-store,2023-11-21
0,3.0,2.0,6.0,credit card,Takeaway,2023-12-24
5,3.0,3.0,8.924352495262161,digital wallet,Unknown,2023-08-02
5,4.0,4.0,16.0,credit card,Takeaway,2023-06-19
9,5.0,1.5,7.5,digital wallet,In-store,2023-12-14
8,4.0,3.0,12.0,digital wallet,In-store,2023-08-29
9,4.0,1.5,6.0,unknown,In-store,2023-02-06
0,2.0,2.0,4.0,digital wallet,Unknown,2023-11-15
0,1.0,2.0,2.0,unknown,ERROR,2023-11-29
1,4.0,3.0,12.0,cash,Takeaway,2023-07-14
0,1.0,2.0,8.924352495262161,digital wallet,In-store,2023-07-03
6,5.0,4.0,20.0,credit card,In-store,2023-01-21
6,3.028463396702027,4.0,4.0,cash,Unknown,2023-11-08
0,5.0,2.0,10.0,unknown,Unknown,2023-06-14
3,2.0,5.0,10.0,cash,Takeaway,2023-03-04
9,2.0,1.5,3.0,credit card,Takeaway,2023-12-08
4,4.0,4.0,16.0,unknown,Unknown,2023-07-14
4,4.0,4.0,16.0,digital wallet,In-store,2023-07-24
6,5.0,4.0,20.0,digital wallet,Takeaway,2023-10-07
7,4.0,1.0,4.0,unknown,Takeaway,2023-01-31
-1,5.0,2.0,10.0,error,Unknown,2023-10-25
7,4.0,1.0,4.0,cash,In-store,2023-12-30
2,4.0,2.949984155487483,4.0,digital wallet,In-store,2023-12-22
2,3.028463396702027,2.949984155487483,1.0,credit card,Unknown,2023-10-28
6,1.0,4.0,4.0,credit card,In-store,2023-05-12
9,2.0,1.5,3.0,credit card,Unknown,2023-11-28
9,2.0,1.5,3.0,unknown,Unknown,2023-05-10
8,2.0,3.0,6.0,credit card,Unknown,2023-03-11
8,5.0,3.0,15.0,credit card,Unknown,2023-09-01
2,3.028463396702027,1.0,1.0,digital wallet,Takeaway,2023-01-07
1,1.0,3.0,3.0,unknown,Takeaway,2023-03-30
4,3.0,4.0,12.0,cash,Unknown,2023-02-02
2,3.0,2.949984155487483,3.0,unknown,Unknown,2023-08-05
3,4.0,5.0,20.0,cash,Unknown,2023-08-12
1,4.0,3.0,12.0,digital wallet,In-store,2023-02-13
6,2.0,4.0,8.0,digital wallet,Unknown,2023-12-21
0,3.028463396702027,2.949984155487483,4.0,error,Unknown,2023-09-08
1,5.0,3.0,15.0,digital wallet,Unknown,2023-04-09
4,5.0,4.0,20.0,credit card,Unknown,2023-05-03
3,4.0,5.0,20.0,unknown,In-store,2023-04-01
9,1.0,1.5,1.5,cash,In-store,2023-11-28
9,3.0,1.5,4.5,credit card,Unknown,2023-07-16
1,3.0,3.0,9.0,digital wallet,Takeaway,2023-11-06
8,1.0,3.0,3.0,cash,In-store,2023-07-19
4,2.0,2.949984155487483,8.0,unknown,Unknown,2023-03-13
0,5.0,2.0,10.0,credit card,Unknown,2023-03-15
8,2.0,3.0,6.0,digital wallet,In-store,2023-11-20
0,1.0,2.0,2.0,credit card,Takeaway,2023-04-15
3,1.0,2.949984155487483,5.0,unknown,Takeaway,2023-12-05
3,5.0,5.0,25.0,unknown,Unknown,2023-08-26
4,1.0,4.0,4.0,unknown,Unknown,2023-02-04
8,1.0,3.0,3.0,cash,In-store,2023-10-08
0,5.0,2.0,10.0,error,In-store,2023-10-25
8,3.0,3.0,9.0,credit card,Takeaway,2023-11-17
-1,5.0,4.0,20.0,credit card,Unknown,2023-07-04
7,3.0,4.0,12.0,cash,ERROR,2023-04-18
0,2.0,2.0,4.0,unknown,In-store,2023-08-17
8,1.0,3.0,3.0,cash,UNKNOWN,2023-09-09
4,3.0,4.0,12.0,cash,Unknown,2023-01-13
4,2.0,4.0,8.0,credit card,Takeaway,2023-09-08
2,3.0,1.0,3.0,digital wallet,Takeaway,2023-08-17
9,2.0,1.5,3.0,credit card,Takeaway,2023-08-11
1,2.0,3.0,6.0,credit card,Unknown,2023-05-05
4,3.028463396702027,4.0,4.0,cash,Unknown,2023-05-02
3,4.0,5.0,20.0,unknown,Takeaway,2023-09-14
9,2.0,1.5,3.0,digital wallet,UNKNOWN,2023-03-23
8,1.0,3.0,3.0,unknown,Takeaway,2023-02-27
0,2.0,2.0,4.0,credit card,Unknown,2023-07-19
0,4.0,2.0,8.0,cash,Takeaway,2023-10-27
6,1.0,4.0,4.0,cash,In-store,2023-03-26
8,2.0,3.0,6.0,cash,Unknown,2023-09-30
3,1.0,5.0,5.0,credit card,In-store,2023-08-18
8,3.0,3.0,9.0,unknown,Takeaway,2023-03-20
-1,4.0,1.0,4.0,digital wallet,Takeaway,2023-06-25
9,4.0,1.5,6.0,credit card,Takeaway,2023-02-06
3,3.0,5.0,15.0,unknown,In-store,2023-03-03
0,5.0,2.0,10.0,cash,Takeaway,2023-02-06
9,4.0,1.5,6.0,credit card,Takeaway,2023-03-22
3,1.0,5.0,5.0,unknown,Unknown,2023-05-19
0,4.0,2.949984155487483,8.0,credit card,In-store,2023-03-13
4,5.0,4.0,20.0,credit card,Takeaway,2023-02-15
8,2.0,3.0,6.0,cash,In-store,2023-12-07
4,4.0,4.0,16.0,unknown,Unknown,2023-07-29
1,1.0,3.0,8.924352495262161,credit card,Unknown,2023-10-06
9,4.0,1.5,8.924352495262161,digital wallet,In-store,2023-12-19
3,1.0,5.0,5.0,cash,In-store,2023-10-12
1,1.0,3.0,3.0,cash,In-store,2023-02-20
5,3.0,1.0,3.0,unknown,Takeaway,2023-01-22
0,1.0,2.0,2.0,unknown,Unknown,2023-11-08
3,3.0,5.0,15.0,cash,Unknown,2023-12-22
1,3.0,3.0,9.0,cash,ERROR,2023-12-31
1,3.0,3.0,9.0,credit card,Unknown,2023-10-06
3,4.0,5.0,20.0,credit card,UNKNOWN,2023-02-26
0,4.0,2.0,8.0,credit card,Takeaway,2023-07-04
4,1.0,4.0,4.0,cash,Takeaway,2023-07-10
6,5.0,4.0,20.0,unknown,Takeaway,2023-12-23
2,5.0,1.0,5.0,digital wallet,In-store,2023-06-05
2,1.0,1.0,1.0,unknown,Unknown,2023-03-13
0,3.0,2.0,6.0,unknown,Takeaway,2023-06-04
0,5.0,2.0,10.0,digital wallet,Takeaway,2023-09-18
8,4.0,3.0,12.0,credit card,Unknown,2023-02-06
0,5.0,2.0,10.0,unknown,In-store,2023-09-03
2,2.0,1.0,2.0,credit card,Takeaway,2023-02-26
4,1.0,4.0,4.0,digital wallet,Unknown,2023-10-26
8,3.0,3.0,9.0,digital wallet,Unknown,2023-01-22
2,1.0,1.0,1.0,unknown,Unknown,2023-02-06
4,4.0,4.0,16.0,cash,Takeaway,2023-09-05
2,3.0,2.949984155487483,3.0,digital wallet,Takeaway,2023-06-18
2,5.0,1.0,5.0,unknown,ERROR,2023-04-20
4,2.0,4.0,8.0,digital wallet,Takeaway,2023-03-02
0,4.0,2.0,8.0,digital wallet,Unknown,2023-04-16
0,4.0,2.0,8.0,unknown,Unknown,2023-08-21
1,3.0,3.0,9.0,cash,ERROR,2023-04-01
6,2.0,4.0,8.0,digital wallet,In-store,2023-01-15
3,2.0,5.0,10.0,digital wallet,Unknown,2023-12-26
9,3.0,1.5,4.5,digital wallet,Unknown,2023-08-26
0,3.0,2.0,6.0,digital wallet,Takeaway,2023-07-18
6,2.0,4.0,8.0,unknown,ERROR,2023-05-28
6,4.0,4.0,16.0,credit card,Takeaway,2023-10-22
2,5.0,1.0,5.0,unknown,In-store,2023-05-25
0,2.0,2.0,4.0,digital wallet,In-store,2023-09-08
3,2.0,5.0,10.0,cash,In-store,2023-09-02
4,4.0,4.0,8.924352495262161,unknown,Unknown,2023-03-01
6,3.0,4.0,12.0,credit card,Takeaway,2023-09-29
2,3.0,1.0,3.0,credit card,Takeaway,2023-09-08
3,4.0,5.0,20.0,cash,Unknown,2023-12-15
1,2.0,3.0,6.0,digital wallet,Takeaway,2023-04-01
4,5.0,4.0,20.0,cash,Unknown,2023-04-26
6,4.0,4.0,16.0,credit card,Unknown,2023-10-04
8,4.0,3.0,12.0,unknown,In-store,2023-12-30
-1,2.0,4.0,8.0,credit card,In-store,2023-02-06
4,4.0,4.0,16.0,unknown,In-store,2023-08-31
8,1.0,3.0,3.0,credit card,Unknown,2023-07-05
1,5.0,3.0,15.0,error,Unknown,2023-07-05
6,2.0,4.0,8.0,credit card,Takeaway,2023-07-09
1,3.0,3.0,9.0,credit card,In-store,2023-10-22
2,3.0,1.0,3.0,cash,In-store,2023-12-23
9,3.0,1.5,4.5,credit card,Unknown,2023-02-06
0,2.0,2.0,4.0,error,In-store,2023-10-09
6,3.0,4.0,12.0,unknown,Takeaway,2023-03-14
6,3.0,4.0,12.0,unknown,Unknown,2023-02-18
4,3.028463396702027,4.0,20.0,unknown,Unknown,2023-05-27
4,1.0,4.0,8.924352495262161,credit card,In-store,2023-01-30
0,2.0,2.0,4.0,cash,Unknown,2023-06-30
5,2.0,1.0,2.0,cash,Takeaway,2023-10-08
1,1.0,3.0,3.0,cash,Unknown,2023-06-15
1,3.0,3.0,9.0,error,Unknown,2023-11-12
8,3.028463396702027,3.0,6.0,credit card,In-store,2023-09-06
5,1.0,1.5,1.5,digital wallet,Takeaway,2023-05-13
8,2.0,3.0,6.0,cash,Takeaway,2023-03-01
0,2.0,2.0,4.0,credit card,ERROR,2023-09-23
2,3.028463396702027,1.0,3.0,digital wallet,Takeaway,2023-01-29
4,3.028463396702027,4.0,12.0,digital wallet,In-store,2023-07-02
1,4.0,3.0,8.924352495262161,credit card,Takeaway,2023-04-01
2,3.0,1.0,3.0,credit card,In-store,2023-06-27
0,1.0,2.0,2.0,credit card,In-store,2023-02-10
3,3.0,5.0,15.0,cash,Takeaway,2023-04-08
1,2.0,3.0,6.0,digital wallet,Unknown,2023-02-06
1,4.0,3.0,12.0,credit card,In-store,2023-08-27
8,2.0,3.0,6.0,unknown,ERROR,2023-12-13
8,2.0,3.0,6.0,cash,Takeaway,2023-02-27
3,2.0,5.0,10.0,unknown,Unknown,2023-02-16
8,1.0,3.0,3.0,credit card,In-store,2023-05-02
6,5.0,4.0,20.0,error,Takeaway,2023-11-11
1,1.0,3.0,3.0,unknown,Unknown,2023-10-26
3,4.0,5.0,20.0,cash,Takeaway,2023-06-21
1,5.0,3.0,15.0,unknown,Takeaway,2023-02-19
8,3.0,3.0,9.0,unknown,Unknown,2023-02-17
6,3.0,4.0,12.0,unknown,Takeaway,2023-08-11
1,3.0,3.0,9.0,error,Unknown,2023-02-19
2,2.0,1.0,2.0,digital wallet,Takeaway,2023-11-06
8,3.028463396702027,3.0,15.0,digital wallet,In-store,2023-10-26
1,2.0,3.0,6.0,unknown,Takeaway,2023-04-15
4,4.0,4.0,16.0,cash,Takeaway,2023-12-04
1,3.028463396702027,3.0,12.0,digital wallet,ERROR,2023-03-18
9,2.0,1.5,3.0,digital wallet,In-store,2023-06-14
3,2.0,5.0,8.924352495262161,digital wallet,Takeaway,2023-06-01
9,3.0,1.5,4.5,unknown,Unknown,2023-09-18
6,3.028463396702027,4.0,20.0,cash,In-store,2023-04-06
9,4.0,1.5,6.0,cash,ERROR,2023-08-21
6,5.0,4.0,20.0,unknown,Takeaway,2023-02-16
4,4.0,2.949984155487483,16.0,unknown,In-store,2023-09-06
6,1.0,4.0,8.924352495262161,unknown,Takeaway,2023-02-06
-1,2.0,1.5,3.0,unknown,In-store,2023-12-16
-1,5.0,3.0,15.0,credit card,Unknown,2023-08-04
9,2.0,1.5,3.0,unknown,In-store,2023-07-09
6,1.0,4.0,4.0,credit card,Unknown,2023-01-10
3,1.0,5.0,5.0,cash,Takeaway,2023-03-08
1,1.0,3.0,3.0,digital wallet,UNKNOWN,2023-05-03
9,1.0,1.5,1.5,credit card,Unknown,2023-08-08
9,3.0,1.5,8.924352495262161,credit card,In-store,2023-02-09
1,3.0,3.0,8.924352495262161,cash,Unknown,2023-02-06
2,4.0,1.0,4.0,unknown,Takeaway,2023-03-30
8,2.0,3.0,6.0,credit card,In-store,2023-05-29
0,1.0,2.0,2.0,credit card,Takeaway,2023-09-29
3,1.0,5.0,5.0,credit card,Takeaway,2023-08-17
4,5.0,4.0,8.924352495262161,cash,Unknown,2023-02-04
4,3.0,4.0,12.0,credit card,In-store,2023-09-07
8,3.0,3.0,9.0,credit card,In-store,2023-01-25
6,4.0,4.0,16.0,unknown,Unknown,2023-04-26
6,1.0,4.0,8.924352495262161,unknown,In-store,2023-07-23
2,4.0,1.0,4.0,credit card,Takeaway,2023-11-14
0,3.0,2.0,6.0,cash,Takeaway,2023-08-26
9,3.028463396702027,1.5,6.0,unknown,In-store,2023-02-06
3,4.0,5.0,20.0,digital wallet,Takeaway,2023-09-26
3,4.0,5.0,20.0,unknown,Unknown,2023-04-03
3,5.0,5.0,25.0,unknown,Unknown,2023-08-23
2,3.0,1.0,3.0,unknown,Takeaway,2023-01-18
6,4.0,4.0,8.924352495262161,credit card,Takeaway,2023-01-17
6,1.0,4.0,4.0,cash,Unknown,2023-12-19
3,3.0,5.0,15.0,unknown,Unknown,2023-03-29
-1,3.0,2.949984155487483,12.0,cash,Unknown,2023-07-04
4,4.0,4.0,16.0,unknown,UNKNOWN,2023-07-17
4,3.0,4.0,12.0,digital wallet,In-store,2023-05-16
6,1.0,4.0,4.0,digital wallet,Takeaway,2023-04-19
5,2.0,5.0,10.0,digital wallet,In-store,2023-06-19
4,5.0,4.0,20.0,digital wallet,In-store,2023-08-23
4,1.0,4.0,4.0,credit card,ERROR,2023-01-29
0,4.0,2.0,8.0,unknown,Takeaway,2023-11-14
7,4.0,2.0,8.0,digital wallet,In-store,2023-05-18
6,3.0,4.0,12.0,cash,Takeaway,2023-07-12
4,4.0,4.0,16.0,digital wallet,Takeaway,2023-12-28
8,2.0,3.0,6.0,cash,Takeaway,2023-09-28
8,5.0,3.0,15.0,credit card,In-store,2023-06-02
3,4.0,5.0,20.0,cash,Unknown,2023-03-19
6,2.0,4.0,8.0,error,Takeaway,2023-07-31
2,3.0,1.0,3.0,unknown,In-store,2023-12-30
1,4.0,3.0,12.0,digital wallet,In-store,2023-10-31
2,5.0,1.0,5.0,credit card,In-store,2023-07-09
7,2.0,4.0,8.0,digital wallet,In-store,2023-03-04
9,3.0,1.5,4.5,credit card,Takeaway,2023-05-01
0,5.0,2.0,10.0,digital wallet,Unknown,2023-06-03
4,3.0,4.0,8.924352495262161,error,In-store,2023-04-12
2,3.0,1.0,8.924352495262161,unknown,In-store,2023-02-06
5,2.0,2.0,4.0,credit card,Takeaway,2023-11-09
-1,3.0,3.0,9.0,digital wallet,Unknown,2023-05-31
0,4.0,2.0,8.0,digital wallet,Unknown,2023-05-11
8,3.0,3.0,9.0,credit card,Takeaway,2023-09-20
0,4.0,2.0,8.0,unknown,Takeaway,2023-03-17
0,2.0,2.0,4.0,unknown,Unknown,2023-08-16
9,1.0,1.5,1.5,unknown,Takeaway,2023-08-27
9,2.0,1.5,3.0,digital wallet,In-store,2023-02-06
8,5.0,3.0,15.0,unknown,Takeaway,2023-01-10
1,5.0,3.0,8.924352495262161,cash,Unknown,2023-01-14
2,4.0,1.0,4.0,credit card,Takeaway,2023-01-29
1,4.0,3.0,12.0,unknown,UNKNOWN,2023-12-14
6,1.0,4.0,4.0,cash,Takeaway,2023-09-12
4,3.0,4.0,12.0,unknown,Takeaway,2023-06-16
3,1.0,5.0,5.0,credit card,Takeaway,2023-05-01
3,4.0,5.0,20.0,digital wallet,In-store,2023-09-13
6,2.0,4.0,8.0,unknown,In-store,2023-05-10
8,4.0,3.0,12.0,credit card,Unknown,2023-08-16
1,5.0,3.0,15.0,credit card,Takeaway,2023-08-10
2,4.0,1.0,8.924352495262161,error,Unknown,2023-07-27
4,1.0,4.0,8.924352495262161,unknown,Takeaway,2023-02-22
1,4.0,3.0,12.0,credit card,Unknown,2023-08-07
6,3.0,4.0,12.0,digital wallet,In-store,2023-03-14
0,1.0,2.0,2.0,credit card,Takeaway,2023-04-15
8,2.0,3.0,6.0,cash,In-store,2023-01-08
8,4.0,3.0,12.0,cash,Takeaway,2023-07-24
6,4.0,4.0,16.0,credit card,Takeaway,2023-01-27
-1,4.0,4.0,16.0,cash,Unknown,2023-12-14
0,3.0,2.0,6.0,unknown,In-store,2023-06-18
1,2.0,3.0,6.0,unknown,In-store,2023-09-09
0,3.0,2.0,6.0,unknown,Unknown,2023-10-18
0,3.0,2.0,6.0,unknown,Unknown,2023-08-13
1,2.0,3.0,6.0,credit card,Takeaway,2023-12-26
9,2.0,1.5,3.0,unknown,Takeaway,2023-12-04
6,2.0,4.0,8.0,credit card,In-store,2023-04-26
5,1.0,5.0,5.0,unknown,Unknown,2023-02-06
8,5.0,3.0,15.0,digital wallet,Unknown,2023-01-21
6,1.0,4.0,4.0,digital wallet,Takeaway,2023-01-18
-1,1.0,3.0,3.0,credit card,Unknown,2023-06-03
1,1.0,3.0,3.0,credit card,Unknown,2023-11-27
2,5.0,1.0,5.0,unknown,In-store,2023-03-02
0,5.0,2.0,10.0,credit card,ERROR,2023-04-04
6,2.0,4.0,8.0,unknown,In-store,2023-03-28
4,3.0,4.0,12.0,unknown,Takeaway,2023-11-17
2,2.0,1.0,2.0,unknown,Takeaway,2023-07-15
7,2.0,1.0,2.0,credit card,In-store,2023-02-17
8,5.0,3.0,15.0,digital wallet,Takeaway,2023-12-16
8,2.0,3.0,6.0,cash,Unknown,2023-09-03
9,3.0,1.5,4.5,cash,Takeaway,2023-04-14
8,2.0,3.0,6.0,credit card,Takeaway,2023-02-02
8,5.0,2.949984155487483,15.0,error,Unknown,2023-02-12
8,4.0,3.0,12.0,cash,Unknown,2023-06-14
6,3.0,4.0,12.0,cash,Unknown,2023-03-24
0,5.0,2.0,10.0,unknown,In-store,2023-06-24
9,5.0,2.949984155487483,7.5,cash,In-store,2023-08-03
0,1.0,2.0,2.0,digital wallet,Unknown,2023-02-06
8,4.0,3.0,12.0,unknown,Takeaway,2023-01-05
2,3.0,1.0,3.0,unknown,Unknown,2023-04-06
3,5.0,5.0,25.0,unknown,In-store,2023-07-05
8,4.0,3.0,8.924352495262161,cash,Takeaway,2023-04-17
-1,4.0,4.0,16.0,credit card,Unknown,2023-12-14
9,5.0,1.5,7.5,digital wallet,Takeaway,2023-03-04
9,3.0,1.5,4.5,cash,Unknown,2023-03-07
6,4.0,4.0,16.0,credit card,In-store,2023-01-21
9,2.0,1.5,3.0,digital wallet,Takeaway,2023-05-31
6,1.0,4.0,4.0,digital wallet,Takeaway,2023-07-05
3,2.0,5.0,10.0,digital wallet,Takeaway,2023-08-05
6,3.0,4.0,12.0,unknown,Unknown,2023-12-08
0,5.0,2.0,10.0,digital wallet,Unknown,2023-02-28
9,3.028463396702027,1.5,4.5,digital wallet,Unknown,2023-07-18
2,2.0,1.0,2.0,cash,Takeaway,2023-01-07
1,5.0,3.0,15.0,cash,Takeaway,2023-10-30
9,4.0,1.5,6.0,cash,Takeaway,2023-03-01
3,5.0,5.0,25.0,unknown,Unknown,2023-10-15
4,5.0,4.0,20.0,cash,Unknown,2023-01-28
2,4.0,1.0,4.0,unknown,Takeaway,2023-11-09
8,1.0,3.0,3.0,credit card,In-store,2023-10-16
4,3.0,4.0,12.0,credit card,In-store,2023-02-06
2,4.0,1.0,4.0,cash,Takeaway,2023-09-21
8,2.0,3.0,6.0,unknown,In-store,2023-01-11
4,2.0,4.0,8.0,digital wallet,Unknown,2023-11-19
0,5.0,2.0,10.0,credit card,In-store,2023-10-22
5,5.0,2.0,10.0,unknown,In-store,2023-07-05
4,3.028463396702027,4.0,12.0,credit card,Unknown,2023-12-23
4,5.0,4.0,20.0,unknown,Unknown,2023-08-06
3,1.0,5.0,5.0,digital wallet,Takeaway,2023-05-17
1,4.0,3.0,8.924352495262161,credit card,Unknown,2023-03-18
1,3.0,3.0,9.0,cash,UNKNOWN,2023-02-05
4,2.0,4.0,8.0,credit card,In-store,2023-03-27
6,3.0,4.0,8.924352495262161,credit card,Unknown,2023-05-09
3,2.0,5.0,10.0,unknown,Takeaway,2023-01-06
1,2.0,2.949984155487483,6.0,credit card,ERROR,2023-08-04
3,1.0,5.0,5.0,unknown,Takeaway,2023-04-03
7,1.0,5.0,5.0,digital wallet,In-store,2023-02-24
2,2.0,1.0,2.0,digital wallet,Unknown,2023-03-21
4,1.0,4.0,4.0,digital wallet,Takeaway,2023-08-30
9,5.0,1.5,7.5,digital wallet,Unknown,2023-03-02
4,5.0,4.0,20.0,unknown,Unknown,2023-08-16
7,1.0,5.0,5.0,unknown,Takeaway,2023-04-07
8,5.0,3.0,15.0,credit card,In-store,2023-11-22
8,2.0,3.0,6.0,cash,Takeaway,2023-11-02
8,2.0,3.0,6.0,digital wallet,In-store,2023-12-09
6,1.0,4.0,4.0,cash,Takeaway,2023-02-06
6,1.0,4.0,4.0,cash,Takeaway,2023-04-12
2,3.0,1.0,3.0,credit card,UNKNOWN,2023-02-06
0,5.0,2.0,10.0,unknown,In-store,2023-07-02
6,4.0,4.0,16.0,cash,Takeaway,2023-01-02
0,3.0,2.0,6.0,unknown,Takeaway,2023-05-31
8,3.0,3.0,9.0,unknown,Unknown,2023-08-30
6,4.0,4.0,16.0,unknown,Unknown,2023-04-19
4,2.0,4.0,8.0,digital wallet,Takeaway,2023-01-22
3,4.0,5.0,20.0,credit card,Takeaway,2023-08-26
8,2.0,3.0,6.0,digital wallet,In-store,2023-05-24
9,2.0,1.5,3.0,digital wallet,Unknown,2023-07-10
0,4.0,2.0,8.0,cash,In-store,2023-07-05
9,3.0,1.5,4.5,unknown,Takeaway,2023-07-27
7,3.0,3.0,9.0,unknown,Unknown,2023-11-23
1,3.0,3.0,9.0,unknown,In-store,2023-03-17
6,1.0,4.0,4.0,digital wallet,In-store,2023-04-16
0,1.0,2.0,2.0,unknown,In-store,2023-06-16
9,3.0,2.949984155487483,4.5,unknown,Takeaway,2023-10-17
8,2.0,3.0,6.0,credit card,Unknown,2023-06-07
1,1.0,3.0,3.0,digital wallet,In-store,2023-10-06
2,4.0,1.0,4.0,unknown,In-store,2023-07-19
0,1.0,2.0,2.0,cash,Takeaway,2023-03-10
8,1.0,3.0,3.0,unknown,Takeaway,2023-08-21
8,3.0,3.0,9.0,cash,In-store,2023-02-06
3,3.0,5.0,15.0,cash,Unknown,2023-10-23
0,3.0,2.0,8.924352495262161,cash,In-store,2023-10-25
8,4.0,3.0,12.0,digital wallet,Takeaway,2023-05-22
3,2.0,5.0,10.0,cash,Takeaway,2023-03-07
1,5.0,3.0,15.0,credit card,Takeaway,2023-06-19
-1,3.0,4.0,12.0,digital wallet,Takeaway,2023-08-28
2,2.0,1.0,2.0,credit card,Takeaway,2023-12-16
8,3.0,3.0,9.0,digital wallet,Unknown,2023-09-27
2,1.0,1.0,1.0,digital wallet,Takeaway,2023-03-04
0,2.0,2.0,4.0,cash,Takeaway,2023-08-07
5,3.0,5.0,15.0,credit card,In-store,2023-02-06
8,5.0,2.949984155487483,15.0,cash,In-store,2023-03-31
6,3.0,4.0,12.0,credit card,Takeaway,2023-01-10
1,3.0,3.0,9.0,digital wallet,Takeaway,2023-01-19
9,2.0,1.5,3.0,error,In-store,2023-06-28
1,2.0,3.0,6.0,digital wallet,Unknown,2023-03-10
2,1.0,1.0,1.0,credit card,In-store,2023-09-17
2,2.0,1.0,2.0,credit card,In-store,2023-07-31
8,3.0,3.0,9.0,digital wallet,Takeaway,2023-07-16
2,1.0,1.0,1.0,cash,Unknown,2023-12-09
6,3.0,4.0,12.0,digital wallet,Takeaway,2023-08-29
4,5.0,2.949984155487483,20.0,unknown,In-store,2023-11-25
6,1.0,4.0,4.0,unknown,Takeaway,2023-09-25
8,3.0,2.949984155487483,9.0,credit card,In-store,2023-12-29
4,4.0,4.0,16.0,unknown,In-store,2023-11-26
6,4.0,4.0,16.0,cash,Takeaway,2023-11-07
4,2.0,4.0,8.0,unknown,In-store,2023-11-03
4,4.0,4.0,16.0,cash,Takeaway,2023-05-04
6,1.0,4.0,4.0,credit card,Unknown,2023-01-16
5,5.0,4.0,20.0,credit card,In-store,2023-04-14
0,3.028463396702027,2.0,8.924352495262161,cash,Unknown,2023-12-25
0,3.028463396702027,2.0,10.0,credit card,Unknown,2023-01-10
8,5.0,3.0,15.0,error,Unknown,2023-03-30
2,2.0,1.0,2.0,digital wallet,UNKNOWN,2023-03-24
9,1.0,1.5,1.5,cash,Unknown,2023-04-18
9,4.0,1.5,6.0,cash,UNKNOWN,2023-09-10
3,5.0,2.949984155487483,8.924352495262161,credit card,In-store,2023-08-23
0,4.0,2.0,8.0,cash,Unknown,2023-01-06
8,2.0,3.0,6.0,digital wallet,Takeaway,2023-05-07
6,5.0,2.949984155487483,20.0,cash,In-store,2023-03-28
2,5.0,1.0,5.0,unknown,Unknown,2023-12-12
4,5.0,4.0,20.0,digital wallet,In-store,2023-04-09
9,3.0,1.5,4.5,credit card,In-store,2023-08-07
6,2.0,4.0,8.0,unknown,In-store,2023-04-06
2,4.0,1.0,4.0,digital wallet,Unknown,2023-03-08
3,4.0,5.0,20.0,cash,Unknown,2023-09-02
0,5.0,2.0,10.0,cash,In-store,2023-08-07
3,3.0,5.0,15.0,credit card,In-store,2023-07-22
1,3.0,3.0,9.0,credit card,Takeaway,2023-02-06
5,3.028463396702027,1.0,5.0,cash,Unknown,2023-10-06
3,1.0,5.0,5.0,digital wallet,Unknown,2023-06-12
8,2.0,3.0,6.0,credit card,In-store,2023-11-29
3,2.0,5.0,10.0,unknown,In-store,2023-11-19
3,5.0,5.0,25.0,cash,In-store,2023-11-27
0,3.0,2.0,6.0,credit card,Unknown,2023-09-15
0,1.0,2.0,2.0,credit card,UNKNOWN,2023-09-10
2,4.0,1.0,4.0,cash,Takeaway,2023-03-13
4,1.0,4.0,4.0,credit card,Unknown,2023-04-04
7,2.0,1.5,3.0,unknown,In-store,2023-02-01
4,4.0,4.0,16.0,digital wallet,Unknown,2023-06-14
4,4.0,4.0,16.0,credit card,Unknown,2023-06-28
3,1.0,5.0,5.0,credit card,Takeaway,2023-07-24
9,4.0,1.5,6.0,cash,Takeaway,2023-08-22
2,3.0,1.0,3.0,credit card,Unknown,2023-11-23
3,4.0,5.0,20.0,digital wallet,In-store,2023-03-30
2,5.0,1.0,5.0,cash,In-store,2023-04-03
1,5.0,3.0,15.0,digital wallet,Unknown,2023-12-02
1,3.0,3.0,9.0,cash,In-store,2023-08-14
-1,5.0,3.0,15.0,digital wallet,In-store,2023-02-06
8,2.0,3.0,6.0,digital wallet,Unknown,2023-04-30
1,1.0,3.0,3.0,unknown,Takeaway,2023-09-04
4,4.0,4.0,16.0,digital wallet,In-store,2023-06-22
0,3.0,2.0,6.0,unknown,In-store,2023-10-30
2,1.0,2.949984155487483,1.0,unknown,Takeaway,2023-12-01
0,5.0,2.0,8.924352495262161,unknown,Unknown,2023-07-16
6,2.0,4.0,8.0,cash,Unknown,2023-08-19
-1,3.0,5.0,15.0,unknown,In-store,2023-02-07
2,1.0,1.0,1.0,credit card,In-store,2023-10-05
9,4.0,1.5,8.924352495262161,unknown,Unknown,2023-01-15
0,3.0,2.0,6.0,error,Takeaway,2023-03-02
3,1.0,5.0,5.0,unknown,In-store,2023-07-26
9,2.0,2.949984155487483,3.0,credit card,Takeaway,2023-01-05
6,5.0,4.0,20.0,cash,Unknown,2023-10-01
8,3.0,3.0,9.0,cash,Takeaway,2023-06-24
8,5.0,3.0,15.0,error,In-store,2023-10-21
0,1.0,2.0,2.0,cash,Unknown,2023-10-05
1,4.0,3.0,12.0,credit card,Takeaway,2023-10-17
0,3.028463396702027,2.0,6.0,unknown,In-store,2023-03-18
9,5.0,1.5,7.5,credit card,In-store,2023-07-21
0,2.0,2.0,4.0,digital wallet,In-store,2023-06-02
9,2.0,1.5,3.0,unknown,Takeaway,2023-06-07
2,2.0,1.0,2.0,unknown,UNKNOWN,2023-04-27
-1,3.0,3.0,9.0,digital wallet,Takeaway,2023-07-07
1,5.0,3.0,15.0,digital wallet,Takeaway,2023-07-02
5,3.0,3.0,9.0,unknown,Takeaway,2023-05-24
3,5.0,5.0,25.0,cash,Unknown,2023-07-29
4,5.0,4.0,20.0,unknown,Unknown,2023-07-23
0,5.0,2.0,10.0,digital wallet,Takeaway,2023-05-05
9,3.028463396702027,1.5,7.5,credit card,In-store,2023-09-06
1,2.0,3.0,6.0,unknown,Takeaway,2023-05-16
9,2.0,1.5,3.0,cash,Takeaway,2023-02-06
3,4.0,5.0,20.0,credit card,In-store,2023-02-06
9,2.0,1.5,3.0,credit card,Unknown,2023-09-21
6,1.0,4.0,4.0,unknown,In-store,2023-03-18
8,5.0,3.0,15.0,digital wallet,Unknown,2023-09-21
6,3.028463396702027,4.0,8.0,digital wallet,Takeaway,2023-05-03
9,5.0,1.5,7.5,unknown,In-store,2023-11-26
6,1.0,4.0,4.0,digital wallet,Unknown,2023-11-04
1,1.0,3.0,3.0,credit card,Takeaway,2023-06-21
3,1.0,5.0,5.0,unknown,Unknown,2023-08-20
8,5.0,3.0,15.0,unknown,In-store,2023-02-18
1,1.0,3.0,3.0,unknown,Takeaway,2023-11-17
2,4.0,1.0,4.0,cash,Takeaway,2023-03-28
8,1.0,3.0,3.0,error,In-store,2023-06-29
2,5.0,1.0,5.0,cash,Unknown,2023-11-09
8,3.0,3.0,9.0,digital wallet,Takeaway,2023-10-03
0,4.0,2.949984155487483,8.0,cash,Unknown,2023-03-09
0,5.0,2.0,10.0,cash,Takeaway,2023-06-01
8,1.0,3.0,3.0,cash,ERROR,2023-05-01
8,2.0,3.0,6.0,unknown,Unknown,2023-12-16
2,4.0,1.0,8.924352495262161,digital wallet,Unknown,2023-03-25
3,5.0,5.0,25.0,credit card,In-store,2023-08-06
3,1.0,5.0,5.0,cash,Unknown,2023-04-26
8,4.0,3.0,12.0,credit card,Unknown,2023-11-12
2,4.0,1.0,4.0,cash,Unknown,2023-02-06
2,4.0,1.0,4.0,credit card,Unknown,2023-11-09
6,1.0,4.0,4.0,unknown,Unknown,2023-04-30
3,3.0,5.0,15.0,cash,In-store,2023-05-31
4,2.0,4.0,8.0,digital wallet,Takeaway,2023-03-26
1,4.0,3.0,12.0,credit card,Takeaway,2023-01-25
9,1.0,1.5,1.5,digital wallet,Unknown,2023-08-04
2,3.0,1.0,3.0,cash,Unknown,2023-12-26
9,2.0,1.5,8.924352495262161,digital wallet,In-store,2023-10-16
8,3.028463396702027,3.0,9.0,unknown,Takeaway,2023-10-31
1,5.0,3.0,15.0,credit card,In-store,2023-02-06
9,4.0,1.5,6.0,unknown,Takeaway,2023-04-26
-1,4.0,3.0,12.0,unknown,In-store,2023-08-23
-1,1.0,5.0,5.0,credit card,Unknown,2023-06-12
1,1.0,3.0,3.0,unknown,Unknown,2023-04-11
1,1.0,3.0,3.0,unknown,In-store,2023-11-06
4,3.0,4.0,8.924352495262161,digital wallet,In-store,2023-05-17
9,3.0,1.5,4.5,digital wallet,Takeaway,2023-07-06
4,1.0,4.0,4.0,credit card,Takeaway,2023-09-05
3,1.0,5.0,5.0,cash,Unknown,2023-10-06
3,3.028463396702027,5.0,15.0,unknown,Takeaway,2023-12-03
1,3.0,3.0,9.0,digital wallet,In-store,2023-07-24
4,5.0,4.0,20.0,credit card,Takeaway,2023-05-08
8,5.0,3.0,15.0,cash,In-store,2023-04-30
4,5.0,4.0,8.924352495262161,cash,Unknown,2023-09-21
0,4.0,2.0,8.0,cash,Takeaway,2023-10-15
3,2.0,5.0,10.0,cash,Unknown,2023-04-21
4,4.0,4.0,16.0,credit card,Unknown,2023-07-06
0,3.0,2.0,6.0,digital wallet,Unknown,2023-07-26
0,3.028463396702027,2.0,2.0,credit card,Unknown,2023-01-01
2,4.0,1.0,4.0,cash,Takeaway,2023-10-16
4,4.0,4.0,16.0,digital wallet,In-store,2023-09-05
6,4.0,4.0,16.0,credit card,Unknown,2023-05-11
6,2.0,4.0,8.0,credit card,UNKNOWN,2023-04-17
9,2.0,1.5,3.0,cash,ERROR,2023-08-26
5,2.0,1.5,3.0,unknown,Takeaway,2023-03-06
7,5.0,5.0,25.0,cash,Unknown,2023-07-12
8,3.0,3.0,9.0,credit card,Takeaway,2023-04-09
4,2.0,4.0,8.0,digital wallet,Takeaway,2023-04-18
2,4.0,1.0,4.0,cash,In-store,2023-05-12
0,3.0,2.0,6.0,digital wallet,Unknown,2023-10-11
0,2.0,2.0,4.0,digital wallet,In-store,2023-07-20
1,2.0,3.0,6.0,cash,In-store,2023-02-01
1,1.0,3.0,3.0,digital wallet,Takeaway,2023-04-11
9,5.0,2.949984155487483,7.5,digital wallet,Takeaway,2023-08-25
5,3.0,5.0,15.0,digital wallet,ERROR,2023-01-12
8,2.0,3.0,6.0,digital wallet,In-store,2023-10-16
3,5.0,5.0,25.0,cash,Takeaway,2023-01-29
3,4.0,5.0,20.0,credit card,Unknown,2023-03-26
8,4.0,3.0,12.0,digital wallet,In-store,2023-01-25
3,1.0,5.0,5.0,cash,In-store,2023-02-06
9,2.0,1.5,3.0,unknown,Unknown,2023-05-06
1,4.0,3.0,12.0,cash,Unknown,2023-06-22
4,5.0,4.0,20.0,unknown,In-store,2023-09-15
1,1.0,3.0,3.0,credit card,In-store,2023-05-24
9,3.0,1.5,4.5,credit card,Takeaway,2023-04-01
3,4.0,5.0,20.0,digital wallet,In-store,2023-07-24
4,5.0,4.0,20.0,unknown,Unknown,2023-09-23
1,5.0,3.0,15.0,cash,Unknown,2023-10-27
8,3.0,3.0,9.0,digital wallet,Unknown,2023-03-28
4,4.0,4.0,8.924352495262161,cash,Takeaway,2023-05-28
6,4.0,4.0,16.0,digital wallet,In-store,2023-03-12
6,4.0,4.0,16.0,unknown,Takeaway,2023-10-15
2,4.0,1.0,4.0,error,Takeaway,2023-11-07
7,3.0,3.0,9.0,error,ERROR,2023-09-13
7,5.0,4.0,20.0,credit card,In-store,2023-02-10
0,4.0,2.0,8.0,digital wallet,In-store,2023-12-15
1,2.0,3.0,6.0,unknown,ERROR,2023-05-20
8,2.0,3.0,6.0,digital wallet,Takeaway,2023-11-12
8,3.0,3.0,9.0,unknown,Unknown,2023-06-08
8,3.0,3.0,9.0,error,Unknown,2023-03-26
1,1.0,3.0,8.924352495262161,unknown,In-store,2023-01-04
4,3.0,4.0,12.0,unknown,Unknown,2023-02-15
8,3.0,3.0,9.0,unknown,Takeaway,2023-05-03
8,5.0,3.0,8.924352495262161,digital wallet,UNKNOWN,2023-10-13
9,4.0,1.5,6.0,credit card,In-store,2023-02-07
2,1.0,2.949984155487483,1.0,unknown,Takeaway,2023-06-12
2,2.0,1.0,2.0,unknown,In-store,2023-10-16
8,5.0,3.0,15.0,unknown,In-store,2023-02-06
3,5.0,5.0,25.0,cash,In-store,2023-01-05
6,2.0,4.0,8.0,unknown,Unknown,2023-06-08
9,4.0,1.5,6.0,digital wallet,Unknown,2023-01-11
6,5.0,4.0,20.0,digital wallet,In-store,2023-07-20
4,2.0,4.0,8.0,error,Unknown,2023-02-11
3,5.0,5.0,25.0,digital wallet,Unknown,2023-12-02
8,2.0,3.0,6.0,cash,In-store,2023-04-17
0,4.0,2.0,8.924352495262161,digital wallet,In-store,2023-02-20
4,2.0,4.0,8.0,unknown,In-store,2023-05-21
8,5.0,3.0,15.0,digital wallet,Takeaway,2023-08-13
6,3.0,4.0,12.0,credit card,In-store,2023-12-15
8,2.0,3.0,6.0,cash,Unknown,2023-08-20
2,4.0,1.0,4.0,cash,In-store,2023-06-13
2,3.0,1.0,3.0,digital wallet,In-store,2023-11-05
8,4.0,3.0,12.0,cash,Unknown,2023-11-15
6,1.0,4.0,4.0,cash,Unknown,2023-04-21
8,1.0,3.0,3.0,digital wallet,In-store,2023-05-08
6,3.028463396702027,4.0,12.0,cash,Takeaway,2023-05-01
0,2.0,2.0,4.0,digital wallet,Takeaway,2023-07-21
0,4.0,2.0,8.0,credit card,Takeaway,2023-10-29
8,4.0,3.0,12.0,credit card,In-store,2023-06-28
3,3.028463396702027,5.0,25.0,cash,Unknown,2023-06-29
9,3.0,1.5,4.5,cash,ERROR,2023-06-16
9,2.0,1.5,3.0,unknown,Unknown,2023-07-02
7,3.0,4.0,12.0,digital wallet,Unknown,2023-09-26
5,2.0,4.0,8.0,error,Unknown,2023-10-21
1,3.0,3.0,9.0,unknown,In-store,2023-07-21
8,5.0,3.0,15.0,cash,Unknown,2023-09-14
2,2.0,2.949984155487483,8.924352495262161,cash,Takeaway,2023-04-23
7,1.0,5.0,5.0,cash,In-store,2023-08-29
3,5.0,5.0,25.0,unknown,In-store,2023-11-20
-1,1.0,2.0,2.0,credit card,Unknown,2023-12-02
4,5.0,4.0,20.0,digital wallet,Takeaway,2023-03-20
4,4.0,4.0,16.0,cash,Unknown,2023-09-06
8,4.0,3.0,12.0,digital wallet,In-store,2023-09-25
3,3.0,5.0,15.0,digital wallet,In-store,2023-10-19
3,5.0,5.0,25.0,credit card,Takeaway,2023-03-19
6,2.0,4.0,8.0,digital wallet,In-store,2023-09-06
9,1.0,1.5,1.5,credit card,Unknown,2023-06-03
6,1.0,4.0,4.0,digital wallet,Takeaway,2023-07-17
4,2.0,4.0,8.0,credit card,Takeaway,2023-07-07
6,1.0,4.0,4.0,cash,In-store,2023-05-25
6,5.0,2.949984155487483,8.924352495262161,digital wallet,Takeaway,2023-09-30
8,1.0,3.0,3.0,credit card,In-store,2023-10-20
1,5.0,3.0,15.0,unknown,In-store,2023-03-17
6,5.0,4.0,20.0,unknown,Unknown,2023-04-12
2,1.0,1.0,1.0,cash,UNKNOWN,2023-02-12
1,2.0,3.0,6.0,unknown,ERROR,2023-08-11
1,1.0,3.0,3.0,cash,Unknown,2023-03-19
7,2.0,5.0,10.0,unknown,Takeaway,2023-03-09
0,5.0,2.0,10.0,digital wallet,UNKNOWN,2023-05-15
8,4.0,3.0,12.0,credit card,Takeaway,2023-03-05
0,4.0,2.0,8.0,credit card,Unknown,2023-08-23
8,4.0,3.0,12.0,unknown,Unknown,2023-07-10
4,5.0,2.949984155487483,20.0,credit card,Unknown,2023-09-12
6,5.0,4.0,20.0,credit card,In-store,2023-07-22
2,3.028463396702027,1.0,5.0,unknown,In-store,2023-01-26
1,1.0,3.0,3.0,credit card,In-store,2023-10-02
9,1.0,1.5,1.5,error,Takeaway,2023-02-22
9,3.0,1.5,4.5,digital wallet,Takeaway,2023-06-28
3,3.0,5.0,15.0,unknown,Takeaway,2023-08-16
9,3.0,1.5,4.5,digital wallet,In-store,2023-05-03
6,5.0,2.949984155487483,20.0,digital wallet,In-store,2023-12-21
9,3.028463396702027,1.5,6.0,digital wallet,Unknown,2023-02-06
1,2.0,3.0,6.0,cash,In-store,2023-07-24
7,5.0,1.5,8.924352495262161,digital wallet,In-store,2023-01-21
3,5.0,5.0,25.0,cash,Takeaway,2023-01-29
9,3.0,1.5,4.5,cash,In-store,2023-06-23
0,2.0,2.0,4.0,unknown,Unknown,2023-10-24
3,5.0,5.0,25.0,credit card,In-store,2023-01-08
3,5.0,5.0,25.0,unknown,Takeaway,2023-12-01
2,5.0,1.0,8.924352495262161,unknown,In-store,2023-12-01
6,1.0,4.0,4.0,unknown,Unknown,2023-05-19
-1,3.0,5.0,15.0,unknown,In-store,2023-08-09
0,5.0,2.0,10.0,unknown,ERROR,2023-02-03
0,3.028463396702027,2.0,6.0,digital wallet,Takeaway,2023-11-19
3,5.0,5.0,25.0,unknown,Takeaway,2023-10-07
0,2.0,2.0,4.0,digital wallet,Unknown,2023-06-03
2,1.0,1.0,1.0,credit card,In-store,2023-03-05
2,1.0,1.0,1.0,unknown,Unknown,2023-09-24
7,2.0,3.0,6.0,digital wallet,Unknown,2023-06-15
2,3.028463396702027,1.0,5.0,unknown,Takeaway,2023-10-15
3,5.0,5.0,25.0,cash,Unknown,2023-03-11
0,2.0,2.0,4.0,unknown,Unknown,2023-01-01
5,2.0,5.0,10.0,credit card,Takeaway,2023-04-24
2,3.0,1.0,3.0,digital wallet,Takeaway,2023-11-02
1,1.0,3.0,3.0,unknown,In-store,2023-06-01
9,1.0,1.5,1.5,cash,In-store,2023-03-26
2,4.0,1.0,4.0,unknown,Takeaway,2023-07-26
1,2.0,3.0,6.0,unknown,Takeaway,2023-01-21
3,1.0,5.0,5.0,unknown,Takeaway,2023-08-15
9,1.0,1.5,1.5,credit card,Takeaway,2023-09-02
0,3.0,2.0,6.0,digital wallet,Unknown,2023-10-24
1,2.0,3.0,6.0,digital wallet,Unknown,2023-02-06
6,3.0,4.0,12.0,digital wallet,In-store,2023-09-03
4,3.028463396702027,4.0,8.924352495262161,cash,In-store,2023-01-03
9,5.0,1.5,7.5,unknown,Takeaway,2023-01-14
8,5.0,3.0,15.0,credit card,In-store,2023-09-20
9,2.0,1.5,3.0,cash,Takeaway,2023-05-09
3,5.0,5.0,25.0,error,Takeaway,2023-07-23
2,1.0,1.0,1.0,cash,Takeaway,2023-12-01
6,1.0,4.0,4.0,digital wallet,Takeaway,2023-02-19
0,5.0,2.0,10.0,unknown,Unknown,2023-08-08
1,1.0,3.0,3.0,credit card,Unknown,2023-11-13
2,4.0,1.0,4.0,credit card,ERROR,2023-01-01
5,5.0,4.0,20.0,digital wallet,Takeaway,2023-12-30
5,2.0,2.0,4.0,credit card,In-store,2023-05-04
9,5.0,1.5,8.924352495262161,unknown,Takeaway,2023-01-01
-1,3.0,4.0,12.0,digital wallet,In-store,2023-05-30
4,4.0,4.0,16.0,credit card,In-store,2023-01-09
6,3.0,4.0,12.0,digital wallet,ERROR,2023-09-11
3,4.0,5.0,20.0,digital wallet,In-store,2023-10-08
8,2.0,3.0,6.0,digital wallet,In-store,2023-08-24
9,3.0,1.5,4.5,digital wallet,In-store,2023-05-10
2,4.0,1.0,4.0,credit card,In-store,2023-12-29
3,1.0,2.949984155487483,5.0,unknown,Takeaway,2023-08-15
8,3.0,3.0,8.924352495262161,unknown,In-store,2023-07-19
4,5.0,2.949984155487483,20.0,cash,Unknown,2023-10-21
2,5.0,1.0,5.0,digital wallet,Unknown,2023-11-06
6,3.0,4.0,12.0,digital wallet,Takeaway,2023-02-06
8,1.0,3.0,3.0,cash,In-store,2023-10-01
1,4.0,3.0,12.0,unknown,Unknown,2023-11-10
6,3.0,4.0,12.0,cash,In-store,2023-01-23
-1,2.0,1.0,2.0,credit card,In-store,2023-01-20
9,3.0,1.5,4.5,cash,In-store,2023-08-17
1,5.0,3.0,15.0,digital wallet,Takeaway,2023-12-09
6,5.0,4.0,20.0,credit card,ERROR,2023-06-13
4,1.0,4.0,4.0,credit card,Takeaway,2023-09-02
3,2.0,5.0,10.0,credit card,Unknown,2023-02-25
8,2.0,3.0,6.0,error,In-store,2023-08-05
1,4.0,3.0,12.0,unknown,Unknown,2023-03-17
2,1.0,1.0,1.0,unknown,In-store,2023-08-04
9,1.0,1.5,1.5,digital wallet,In-store,2023-01-25
3,4.0,5.0,20.0,cash,Unknown,2023-05-02
0,3.0,2.0,6.0,cash,Takeaway,2023-01-25
3,4.0,5.0,20.0,digital wallet,Takeaway,2023-09-27
8,5.0,3.0,15.0,unknown,Unknown,2023-05-14
1,3.0,3.0,9.0,cash,In-store,2023-03-08
5,2.0,3.0,6.0,unknown,Unknown,2023-07-27
0,4.0,2.0,8.0,digital wallet,Takeaway,2023-12-16
1,5.0,3.0,15.0,digital wallet,Unknown,2023-05-30
6,5.0,4.0,20.0,cash,Takeaway,2023-11-04
6,5.0,4.0,20.0,credit card,Unknown,2023-02-18
1,3.0,3.0,9.0,credit card,Unknown,2023-01-30
9,3.028463396702027,1.5,4.5,credit card,Takeaway,2023-07-13
8,3.0,3.0,9.0,cash,In-store,2023-01-27
1,3.028463396702027,3.0,15.0,unknown,In-store,2023-09-29
8,1.0,3.0,3.0,credit card,In-store,2023-02-15
2,1.0,1.0,1.0,digital wallet,Unknown,2023-07-13
9,3.0,1.5,4.5,unknown,Unknown,2023-11-26
8,4.0,3.0,12.0,digital wallet,Takeaway,2023-05-20
6,5.0,4.0,20.0,credit card,Unknown,2023-06-05
1,4.0,3.0,12.0,credit card,Takeaway,2023-10-02
0,1.0,2.0,2.0,digital wallet,In-store,2023-06-21
9,3.0,1.5,4.5,cash,Unknown,2023-10-18
7,3.0,1.5,4.5,credit card,In-store,2023-11-12
0,3.028463396702027,2.0,2.0,digital wallet,Unknown,2023-07-27
8,5.0,3.0,15.0,unknown,Unknown,2023-01-31
1,1.0,3.0,3.0,unknown,UNKNOWN,2023-04-23
0,3.028463396702027,2.0,4.0,unknown,In-store,2023-02-06
8,3.0,3.0,9.0,unknown,Takeaway,2023-12-09
4,4.0,4.0,16.0,cash,Unknown,2023-04-24
2,4.0,2.949984155487483,4.0,digital wallet,UNKNOWN,2023-08-27
2,2.0,1.0,2.0,credit card,Takeaway,2023-01-12
1,4.0,3.0,12.0,credit card,Takeaway,2023-01-30
3,3.0,5.0,15.0,credit card,Unknown,2023-12-08
1,2.0,3.0,6.0,error,In-store,2023-04-19
9,3.0,1.5,4.5,unknown,Unknown,2023-09-16
2,4.0,1.0,4.0,unknown,In-store,2023-12-05
1,1.0,3.0,3.0,digital wallet,In-store,2023-09-23
0,5.0,2.0,10.0,cash,In-store,2023-02-14
5,2.0,4.0,8.0,digital wallet,In-store,2023-07-09
3,2.0,5.0,10.0,credit card,UNKNOWN,2023-05-01
6,3.0,4.0,8.924352495262161,cash,Unknown,2023-03-12
3,5.0,5.0,25.0,digital wallet,Unknown,2023-07-07
-1,3.0,3.0,9.0,credit card,In-store,2023-05-10
0,2.0,2.0,4.0,unknown,In-store,2023-01-28
8,4.0,3.0,12.0,digital wallet,Takeaway,2023-12-15
8,4.0,3.0,12.0,credit card,Takeaway,2023-05-13
6,4.0,2.949984155487483,16.0,digital wallet,UNKNOWN,2023-04-08
9,4.0,1.5,6.0,cash,Takeaway,2023-07-24
6,4.0,4.0,8.924352495262161,unknown,Unknown,2023-01-15
4,3.0,4.0,12.0,cash,Unknown,2023-12-02
0,2.0,2.0,4.0,digital wallet,Takeaway,2023-12-20
2,5.0,1.0,5.0,credit card,In-store,2023-02-14
6,1.0,4.0,4.0,digital wallet,Unknown,2023-06-18
5,4.0,3.0,12.0,unknown,Takeaway,2023-08-07
0,5.0,2.0,10.0,cash,Unknown,2023-03-20
6,2.0,4.0,8.0,digital wallet,In-store,2023-06-24
1,2.0,3.0,6.0,cash,Unknown,2023-05-04
9,2.0,1.5,3.0,cash,In-store,2023-01-31
3,4.0,5.0,20.0,credit card,Unknown,2023-12-05
8,1.0,3.0,3.0,unknown,Takeaway,2023-08-27
9,5.0,1.5,7.5,unknown,Unknown,2023-06-29
2,3.0,1.0,3.0,digital wallet,Takeaway,2023-11-08
0,1.0,2.0,2.0,credit card,Unknown,2023-02-04
6,2.0,4.0,8.0,digital wallet,In-store,2023-06-01
9,2.0,1.5,3.0,credit card,Takeaway,2023-04-09
1,4.0,3.0,12.0,digital wallet,In-store,2023-09-21
9,1.0,1.5,1.5,digital wallet,Unknown,2023-07-08
6,1.0,4.0,4.0,credit card,In-store,2023-04-29
7,5.0,3.0,15.0,cash,In-store,2023-06-20
1,1.0,3.0,3.0,unknown,In-store,2023-03-06
6,3.0,4.0,12.0,credit card,Unknown,2023-07-15
5,1.0,5.0,5.0,unknown,Takeaway,2023-05-23
1,2.0,3.0,6.0,digital wallet,UNKNOWN,2023-09-07
8,3.0,3.0,9.0,credit card,Unknown,2023-05-08
2,5.0,1.0,5.0,unknown,Takeaway,2023-12-09
7,2.0,3.0,6.0,cash,Takeaway,2023-10-27
8,2.0,3.0,6.0,cash,Takeaway,2023-12-18
6,4.0,4.0,16.0,unknown,In-store,2023-03-24
0,5.0,2.0,10.0,credit card,In-store,2023-11-23
8,4.0,3.0,12.0,digital wallet,Takeaway,2023-04-16
9,3.0,1.5,4.5,cash,In-store,2023-05-02
4,5.0,4.0,20.0,cash,Takeaway,2023-09-06
9,2.0,1.5,3.0,unknown,In-store,2023-04-30
5,2.0,3.0,6.0,cash,In-store,2023-08-27
8,5.0,3.0,15.0,credit card,Unknown,2023-02-11
8,5.0,3.0,15.0,unknown,Takeaway,2023-10-29
6,2.0,4.0,8.0,credit card,Takeaway,2023-09-16
0,5.0,2.0,10.0,error,Unknown,2023-03-17
1,2.0,3.0,6.0,digital wallet,Takeaway,2023-11-06
4,3.0,4.0,12.0,digital wallet,Unknown,2023-11-05
7,5.0,1.5,7.5,cash,Takeaway,2023-05-16
3,4.0,5.0,20.0,unknown,Unknown,2023-02-01
2,2.0,1.0,2.0,error,Unknown,2023-07-25
6,4.0,4.0,8.924352495262161,unknown,In-store,2023-04-12
9,4.0,1.5,6.0,error,Unknown,2023-12-22
6,3.028463396702027,4.0,8.0,digital wallet,Unknown,2023-12-30
6,3.0,4.0,12.0,unknown,In-store,2023-06-22
2,1.0,1.0,8.924352495262161,cash,Unknown,2023-02-27
0,3.0,2.949984155487483,6.0,cash,Takeaway,2023-05-04
9,3.0,1.5,4.5,unknown,Unknown,2023-10-26
-1,1.0,1.0,1.0,unknown,Takeaway,2023-01-20
3,5.0,5.0,25.0,credit card,Unknown,2023-06-30
8,2.0,3.0,6.0,digital wallet,Takeaway,2023-10-12
8,1.0,3.0,3.0,digital wallet,Unknown,2023-05-08
1,5.0,3.0,15.0,credit card,In-store,2023-11-10
9,2.0,1.5,3.0,credit card,In-store,2023-07-18
6,2.0,4.0,8.0,cash,Takeaway,2023-12-31
4,1.0,4.0,4.0,cash,In-store,2023-04-23
3,2.0,2.949984155487483,10.0,cash,Unknown,2023-09-29
0,2.0,2.0,4.0,credit card,In-store,2023-06-18
6,5.0,4.0,20.0,credit card,Takeaway,2023-02-11
4,5.0,4.0,20.0,unknown,Unknown,2023-05-02
8,4.0,3.0,12.0,unknown,In-store,2023-12-21
9,2.0,1.5,3.0,unknown,UNKNOWN,2023-04-10
2,4.0,1.0,4.0,digital wallet,Takeaway,2023-07-02
3,1.0,5.0,5.0,unknown,Takeaway,2023-10-09
4,3.0,4.0,12.0,digital wallet,Takeaway,2023-10-27
-1,4.0,3.0,12.0,credit card,In-store,2023-06-20
2,2.0,1.0,2.0,unknown,Unknown,2023-11-03
1,1.0,3.0,3.0,unknown,Takeaway,2023-03-30
2,4.0,1.0,4.0,digital wallet,Unknown,2023-02-26
6,3.028463396702027,4.0,12.0,credit card,Takeaway,2023-11-12
7,4.0,5.0,20.0,digital wallet,In-store,2023-12-10
9,3.028463396702027,1.5,6.0,unknown,Takeaway,2023-04-29
6,3.0,4.0,12.0,digital wallet,Takeaway,2023-01-26
6,4.0,4.0,16.0,digital wallet,In-store,2023-09-28
1,3.0,3.0,9.0,unknown,In-store,2023-05-14
6,1.0,4.0,4.0,credit card,Unknown,2023-01-29
5,3.028463396702027,4.0,16.0,credit card,Takeaway,2023-11-17
7,1.0,2.0,2.0,unknown,Unknown,2023-12-19
0,3.0,2.0,6.0,cash,Unknown,2023-09-10
9,5.0,1.5,7.5,unknown,Takeaway,2023-07-01
8,5.0,2.949984155487483,15.0,digital wallet,Unknown,2023-11-13
1,3.0,3.0,9.0,credit card,Unknown,2023-02-21
3,2.0,5.0,10.0,unknown,Unknown,2023-11-25
6,5.0,4.0,20.0,cash,Takeaway,2023-07-03
4,5.0,2.949984155487483,20.0,unknown,In-store,2023-07-28
0,2.0,2.0,4.0,cash,Unknown,2023-10-24
3,5.0,5.0,25.0,credit card,Unknown,2023-10-25
3,4.0,5.0,20.0,unknown,In-store,2023-02-06
8,2.0,3.0,6.0,digital wallet,Unknown,2023-10-22
1,3.0,3.0,9.0,credit card,Takeaway,2023-01-28
0,2.0,2.0,8.924352495262161,cash,Takeaway,2023-04-07
5,4.0,2.949984155487483,16.0,unknown,Unknown,2023-03-03
4,2.0,4.0,8.0,cash,Unknown,2023-03-06
2,1.0,1.0,1.0,cash,In-store,2023-01-10
9,1.0,1.5,1.5,digital wallet,Takeaway,2023-03-10
4,2.0,4.0,8.924352495262161,unknown,ERROR,2023-09-14
1,2.0,3.0,6.0,unknown,Unknown,2023-08-22
0,5.0,2.0,10.0,digital wallet,Takeaway,2023-12-04
1,5.0,3.0,15.0,cash,In-store,2023-01-20
9,1.0,1.5,1.5,unknown,ERROR,2023-01-16
4,3.028463396702027,4.0,4.0,unknown,Takeaway,2023-02-19
3,1.0,5.0,5.0,cash,Unknown,2023-01-05
6,1.0,4.0,4.0,cash,Takeaway,2023-08-02
3,5.0,5.0,25.0,cash,Takeaway,2023-03-20
0,5.0,2.0,10.0,credit card,Unknown,2023-04-09
7,2.0,2.0,4.0,digital wallet,Takeaway,2023-02-27
3,5.0,5.0,25.0,unknown,In-store,2023-02-03
8,3.0,3.0,8.924352495262161,unknown,Unknown,2023-08-09
9,1.0,1.5,1.5,cash,Unknown,2023-02-20
1,1.0,3.0,3.0,digital wallet,Takeaway,2023-01-15
1,5.0,3.0,15.0,digital wallet,Unknown,2023-06-09
4,3.0,4.0,12.0,digital wallet,In-store,2023-02-28
9,4.0,1.5,6.0,credit card,In-store,2023-05-03
6,2.0,4.0,8.0,credit card,Takeaway,2023-02-06
6,5.0,4.0,20.0,cash,In-store,2023-05-21
3,1.0,5.0,5.0,cash,Unknown,2023-05-05
4,3.0,4.0,12.0,digital wallet,Takeaway,2023-09-24
8,5.0,3.0,15.0,credit card,Unknown,2023-02-06
3,2.0,5.0,10.0,digital wallet,Takeaway,2023-07-10
0,2.0,2.0,4.0,digital wallet,UNKNOWN,2023-04-05
3,4.0,5.0,20.0,cash,Unknown,2023-12-26
4,2.0,4.0,8.0,credit card,Unknown,2023-12-03
9,5.0,1.5,7.5,credit card,In-store,2023-02-12
3,3.0,5.0,15.0,digital wallet,Takeaway,2023-12-06
3,1.0,5.0,5.0,credit card,UNKNOWN,2023-01-18
8,4.0,3.0,12.0,credit card,In-store,2023-12-21
3,2.0,5.0,10.0,cash,In-store,2023-01-05
6,4.0,4.0,16.0,cash,In-store,2023-03-29
8,5.0,3.0,8.924352495262161,unknown,In-store,2023-02-06
6,2.0,4.0,8.0,credit card,In-store,2023-08-18
4,2.0,4.0,8.924352495262161,digital wallet,In-store,2023-10-15
6,3.028463396702027,4.0,20.0,unknown,In-store,2023-05-16
2,2.0,1.0,2.0,cash,Takeaway,2023-03-11
4,2.0,4.0,8.0,digital wallet,Takeaway,2023-08-18
2,4.0,1.0,4.0,error,In-store,2023-02-08
6,4.0,4.0,16.0,cash,Unknown,2023-11-20
6,4.0,4.0,16.0,unknown,ERROR,2023-08-06
1,4.0,3.0,12.0,unknown,ERROR,2023-02-18
2,5.0,1.0,5.0,credit card,Takeaway,2023-11-15
4,5.0,4.0,20.0,credit card,In-store,2023-01-04
4,4.0,4.0,16.0,credit card,Takeaway,2023-08-17
2,3.0,1.0,3.0,digital wallet,In-store,2023-10-15
3,1.0,5.0,5.0,credit card,Unknown,2023-07-28
2,4.0,1.0,4.0,unknown,Unknown,2023-09-23
4,4.0,4.0,16.0,unknown,Takeaway,2023-04-17
4,3.0,4.0,12.0,unknown,Unknown,2023-01-17
3,5.0,5.0,25.0,credit card,Takeaway,2023-02-07
4,5.0,2.949984155487483,20.0,digital wallet,ERROR,2023-12-09
6,1.0,4.0,4.0,credit card,In-store,2023-07-29
1,5.0,3.0,15.0,error,In-store,2023-04-15
8,1.0,3.0,3.0,digital wallet,Unknown,2023-01-05
8,1.0,3.0,3.0,cash,In-store,2023-02-05
8,4.0,3.0,12.0,credit card,Unknown,2023-05-12
8,3.0,3.0,9.0,digital wallet,Unknown,2023-10-29
3,3.0,5.0,15.0,digital wallet,In-store,2023-12-18
6,3.0,4.0,12.0,unknown,Unknown,2023-01-13
9,1.0,1.5,8.924352495262161,cash,Unknown,2023-10-10
4,5.0,4.0,20.0,unknown,In-store,2023-03-08
1,5.0,3.0,15.0,cash,Takeaway,2023-02-06
0,1.0,2.0,2.0,unknown,Takeaway,2023-03-05
6,5.0,4.0,8.924352495262161,digital wallet,Unknown,2023-02-28
9,5.0,1.5,7.5,cash,Unknown,2023-09-26
4,2.0,4.0,8.0,digital wallet,In-store,2023-01-28
8,3.0,3.0,9.0,credit card,Unknown,2023-06-29
-1,5.0,4.0,20.0,credit card,Unknown,2023-08-22
4,3.0,4.0,12.0,credit card,Takeaway,2023-07-10
0,5.0,2.0,10.0,cash,Unknown,2023-11-12
1,4.0,3.0,12.0,unknown,In-store,2023-02-06
4,5.0,4.0,20.0,cash,In-store,2023-09-03
8,1.0,3.0,3.0,digital wallet,Unknown,2023-11-04
6,1.0,4.0,4.0,unknown,Unknown,2023-10-31
2,5.0,1.0,5.0,digital wallet,Takeaway,2023-08-15
6,4.0,4.0,16.0,unknown,Unknown,2023-11-26
0,5.0,2.0,10.0,unknown,Unknown,2023-06-03
9,1.0,1.5,1.5,cash,In-store,2023-09-21
5,4.0,2.0,8.0,unknown,Takeaway,2023-01-24
0,2.0,2.0,4.0,cash,Unknown,2023-12-15
8,3.0,3.0,9.0,unknown,Takeaway,2023-02-06
2,2.0,1.0,2.0,unknown,Takeaway,2023-07-19
4,3.0,4.0,12.0,cash,In-store,2023-07-11
4,2.0,4.0,8.924352495262161,digital wallet,Takeaway,2023-06-06
2,5.0,2.949984155487483,8.924352495262161,cash,In-store,2023-09-13
3,1.0,5.0,5.0,unknown,Takeaway,2023-11-11
3,5.0,5.0,25.0,unknown,In-store,2023-09-20
8,2.0,3.0,6.0,digital wallet,Takeaway,2023-07-21
0,4.0,2.0,8.0,digital wallet,Takeaway,2023-02-06
1,4.0,3.0,8.924352495262161,cash,Unknown,2023-11-20
3,1.0,5.0,5.0,error,Takeaway,2023-09-13
1,5.0,3.0,15.0,unknown,Takeaway,2023-03-05
4,3.0,4.0,12.0,digital wallet,Takeaway,2023-12-25
1,4.0,3.0,12.0,credit card,In-store,2023-01-25
0,3.028463396702027,2.0,2.0,digital wallet,Unknown,2023-04-23
1,4.0,3.0,12.0,cash,Takeaway,2023-05-23
6,5.0,4.0,20.0,unknown,Takeaway,2023-02-16
3,4.0,5.0,20.0,unknown,Unknown,2023-01-18
8,4.0,3.0,12.0,credit card,Unknown,2023-01-12
1,3.0,3.0,9.0,unknown,In-store,2023-02-27
2,3.0,1.0,3.0,unknown,In-store,2023-08-15
9,3.028463396702027,1.5,7.5,unknown,Takeaway,2023-03-22
4,4.0,4.0,16.0,unknown,Takeaway,2023-05-14
0,1.0,2.0,2.0,unknown,Unknown,2023-01-09
0,4.0,2.0,8.924352495262161,digital wallet,Unknown,2023-04-03
4,2.0,4.0,8.0,credit card,Takeaway,2023-08-21
7,1.0,1.0,1.0,unknown,Takeaway,2023-10-17
1,3.028463396702027,3.0,3.0,cash,Takeaway,2023-03-17
4,2.0,2.949984155487483,8.0,cash,Unknown,2023-12-29
4,5.0,4.0,20.0,cash,Takeaway,2023-04-14
0,3.028463396702027,2.0,4.0,cash,Unknown,2023-07-08
2,4.0,1.0,4.0,credit card,In-store,2023-09-12
6,1.0,4.0,4.0,unknown,ERROR,2023-11-01
7,3.028463396702027,2.949984155487483,9.0,digital wallet,In-store,2023-12-13
6,5.0,4.0,20.0,unknown,In-store,2023-05-06
3,2.0,5.0,10.0,cash,In-store,2023-02-06
6,2.0,4.0,8.0,credit card,Takeaway,2023-09-08
8,3.028463396702027,3.0,6.0,cash,Unknown,2023-05-09
3,4.0,5.0,20.0,digital wallet,UNKNOWN,2023-07-16
3,3.028463396702027,5.0,25.0,digital wallet,In-store,2023-12-27
-1,4.0,3.0,12.0,unknown,Unknown,2023-01-04
8,5.0,3.0,15.0,cash,In-store,2023-08-21
0,2.0,2.0,4.0,credit card,Takeaway,2023-06-25
0,3.0,2.0,6.0,unknown,In-store,2023-11-21
4,5.0,4.0,20.0,cash,Takeaway,2023-09-18
8,5.0,3.0,15.0,cash,Takeaway,2023-09-19
3,1.0,5.0,5.0,credit card,In-store,2023-04-14
6,4.0,4.0,16.0,digital wallet,Takeaway,2023-11-18
4,2.0,4.0,8.0,digital wallet,Unknown,2023-02-06
3,4.0,5.0,20.0,cash,Unknown,2023-02-19
1,3.028463396702027,3.0,6.0,digital wallet,In-store,2023-12-06
5,2.0,3.0,6.0,cash,In-store,2023-05-16
1,5.0,3.0,15.0,unknown,In-store,2023-11-13
4,2.0,4.0,8.0,digital wallet,Takeaway,2023-04-24
9,2.0,1.5,3.0,unknown,Takeaway,2023-08-31
2,2.0,1.0,2.0,cash,Unknown,2023-04-28
9,2.0,1.5,3.0,unknown,Unknown,2023-04-08
2,2.0,1.0,2.0,digital wallet,Takeaway,2023-01-27
2,5.0,1.0,5.0,credit card,UNKNOWN,2023-08-09
4,4.0,4.0,16.0,cash,Takeaway,2023-03-12
5,1.0,4.0,4.0,digital wallet,Takeaway,2023-08-30
0,3.0,2.0,6.0,unknown,In-store,2023-01-11
9,5.0,2.949984155487483,7.5,credit card,In-store,2023-10-29
-1,4.0,3.0,12.0,cash,ERROR,2023-09-06
9,4.0,1.5,6.0,credit card,Takeaway,2023-08-20
4,5.0,2.949984155487483,20.0,digital wallet,Takeaway,2023-04-16
4,3.0,4.0,12.0,unknown,Unknown,2023-05-10
4,1.0,4.0,4.0,credit card,Unknown,2023-04-10
0,5.0,2.0,10.0,unknown,Unknown,2023-03-16
0,2.0,2.0,4.0,cash,Unknown,2023-12-03
6,1.0,4.0,4.0,unknown,UNKNOWN,2023-07-17
5,5.0,1.0,5.0,credit card,Takeaway,2023-10-08
0,3.0,2.0,8.924352495262161,unknown,In-store,2023-02-05
9,5.0,1.5,7.5,cash,In-store,2023-01-23
0,3.0,2.0,6.0,digital wallet,Unknown,2023-05-17
3,4.0,5.0,20.0,credit card,Takeaway,2023-01-28
3,4.0,5.0,20.0,cash,Unknown,2023-01-09
4,2.0,4.0,8.0,credit card,Unknown,2023-02-23
5,2.0,2.0,4.0,cash,Takeaway,2023-07-15
5,2.0,2.0,4.0,cash,Unknown,2023-06-17
4,4.0,4.0,16.0,unknown,Takeaway,2023-03-27
4,3.0,4.0,12.0,digital wallet,Takeaway,2023-02-15
0,5.0,2.0,10.0,credit card,Takeaway,2023-10-30
6,5.0,4.0,20.0,digital wallet,In-store,2023-07-31
8,3.0,3.0,9.0,cash,Unknown,2023-12-17
2,3.0,1.0,3.0,credit card,Unknown,2023-02-13
4,1.0,4.0,8.924352495262161,credit card,Unknown,2023-12-22
3,3.0,5.0,8.924352495262161,cash,In-store,2023-06-10
6,3.0,4.0,12.0,unknown,Takeaway,2023-01-04
3,4.0,5.0,20.0,digital wallet,In-store,2023-08-10
3,2.0,5.0,10.0,error,In-store,2023-03-08
2,1.0,1.0,1.0,cash,Unknown,2023-02-06
0,3.0,2.0,8.924352495262161,cash,Unknown,2023-11-11
2,4.0,1.0,4.0,credit card,In-store,2023-10-16
3,1.0,5.0,5.0,unknown,Takeaway,2023-05-18
0,3.0,2.0,6.0,unknown,Takeaway,2023-09-14
1,5.0,3.0,15.0,digital wallet,Unknown,2023-02-06
0,3.0,2.0,6.0,cash,Takeaway,2023-10-27
9,3.0,1.5,4.5,unknown,Unknown,2023-09-28
2,2.0,1.0,2.0,unknown,In-store,2023-07-19
9,1.0,1.5,8.924352495262161,digital wallet,Unknown,2023-01-12
1,5.0,3.0,15.0,unknown,Unknown,2023-12-17
2,4.0,1.0,4.0,digital wallet,Unknown,2023-11-17
6,5.0,4.0,20.0,credit card,In-store,2023-08-21
6,5.0,4.0,20.0,credit card,Takeaway,2023-06-13
8,2.0,3.0,6.0,cash,In-store,2023-01-30
3,4.0,5.0,8.924352495262161,credit card,Unknown,2023-11-22
6,5.0,4.0,20.0,cash,Unknown,2023-03-18
8,4.0,3.0,12.0,unknown,Unknown,2023-03-27
2,3.0,1.0,3.0,unknown,Takeaway,2023-03-14
1,4.0,3.0,12.0,cash,Unknown,2023-04-06
9,3.0,1.5,4.5,unknown,In-store,2023-12-13
9,3.028463396702027,1.5,7.5,credit card,In-store,2023-01-10
-1,2.0,5.0,10.0,digital wallet,Unknown,2023-06-18
9,2.0,1.5,3.0,unknown,In-store,2023-05-21
5,1.0,1.0,1.0,credit card,In-store,2023-11-17
8,3.0,3.0,8.924352495262161,credit card,Unknown,2023-07-17
2,3.0,1.0,3.0,unknown,Unknown,2023-03-01
2,5.0,1.0,5.0,unknown,Takeaway,2023-12-14
8,5.0,3.0,15.0,unknown,Unknown,2023-06-28
5,1.0,4.0,4.0,credit card,Unknown,2023-02-06
2,4.0,1.0,4.0,cash,In-store,2023-02-07
0,5.0,2.949984155487483,8.924352495262161,cash,ERROR,2023-08-09
0,4.0,2.0,8.0,credit card,In-store,2023-02-13
3,4.0,5.0,20.0,cash,UNKNOWN,2023-03-18
0,2.0,2.0,4.0,unknown,Unknown,2023-09-10
1,1.0,3.0,3.0,digital wallet,Takeaway,2023-07-20
0,5.0,2.0,10.0,cash,In-store,2023-06-13
2,2.0,1.0,2.0,credit card,In-store,2023-03-05
0,3.028463396702027,2.0,6.0,digital wallet,Unknown,2023-03-26
2,3.0,1.0,3.0,credit card,In-store,2023-03-01
4,3.0,4.0,8.924352495262161,unknown,Takeaway,2023-02-06
2,2.0,1.0,2.0,credit card,In-store,2023-05-11
5,5.0,2.0,10.0,cash,UNKNOWN,2023-10-22
0,5.0,2.0,10.0,unknown,Unknown,2023-02-15
1,1.0,3.0,3.0,digital wallet,Takeaway,2023-11-16
8,1.0,3.0,3.0,cash,Unknown,2023-01-25
-1,3.028463396702027,2.0,4.0,cash,Takeaway,2023-01-12
-1,2.0,5.0,10.0,digital wallet,In-store,2023-03-25
1,1.0,3.0,3.0,unknown,Takeaway,2023-03-13
1,1.0,3.0,3.0,digital wallet,Takeaway,2023-11-13
8,5.0,3.0,8.924352495262161,cash,Takeaway,2023-02-06
0,5.0,2.0,10.0,unknown,Unknown,2023-04-01
8,3.0,3.0,9.0,unknown,Unknown,2023-01-16
3,1.0,5.0,5.0,cash,In-store,2023-11-29
8,1.0,3.0,3.0,credit card,Unknown,2023-09-15
4,3.0,4.0,12.0,digital wallet,Unknown,2023-08-18
0,2.0,2.949984155487483,4.0,cash,Unknown,2023-11-24
4,2.0,4.0,8.0,unknown,Takeaway,2023-04-28
3,5.0,5.0,25.0,cash,Unknown,2023-01-05
4,1.0,4.0,4.0,credit card,In-store,2023-12-11
9,5.0,1.5,7.5,unknown,ERROR,2023-01-25
3,3.0,5.0,15.0,unknown,Takeaway,2023-05-01
1,2.0,3.0,6.0,unknown,UNKNOWN,2023-10-21
8,5.0,2.949984155487483,15.0,unknown,Takeaway,2023-03-08
0,3.0,2.949984155487483,6.0,unknown,In-store,2023-03-31
9,2.0,1.5,3.0,digital wallet,In-store,2023-10-23
6,4.0,4.0,16.0,unknown,Takeaway,2023-05-22
1,1.0,3.0,3.0,unknown,In-store,2023-11-12
8,5.0,3.0,15.0,cash,Unknown,2023-08-18
1,2.0,3.0,6.0,unknown,ERROR,2023-12-15
9,1.0,1.5,1.5,digital wallet,Takeaway,2023-04-14
2,2.0,1.0,2.0,digital wallet,Unknown,2023-02-26
1,5.0,3.0,15.0,credit card,Takeaway,2023-08-16
4,5.0,4.0,20.0,unknown,Unknown,2023-04-21
0,5.0,2.0,10.0,unknown,Unknown,2023-05-12
6,3.0,4.0,12.0,cash,Takeaway,2023-08-18
8,1.0,3.0,3.0,digital wallet,Unknown,2023-07-30
5,4.0,4.0,16.0,cash,In-store,2023-08-21
2,4.0,1.0,4.0,credit card,Unknown,2023-02-06
8,2.0,3.0,6.0,cash,Unknown,2023-11-03
4,1.0,4.0,4.0,cash,In-store,2023-05-24
2,1.0,1.0,1.0,unknown,In-store,2023-01-29
3,1.0,5.0,5.0,cash,In-store,2023-02-06
1,5.0,3.0,15.0,credit card,In-store,2023-07-19
1,2.0,3.0,6.0,cash,Takeaway,2023-07-06
4,4.0,4.0,16.0,digital wallet,Unknown,2023-12-02
9,4.0,1.5,6.0,digital wallet,In-store,2023-02-06
6,3.028463396702027,4.0,12.0,unknown,Takeaway,2023-01-26
2,1.0,1.0,1.0,cash,Unknown,2023-08-21
0,3.0,2.0,6.0,digital wallet,Unknown,2023-09-06
3,4.0,5.0,20.0,cash,Takeaway,2023-07-31
3,2.0,5.0,10.0,digital wallet,In-store,2023-04-12
9,4.0,1.5,8.924352495262161,unknown,Takeaway,2023-05-03
1,5.0,2.949984155487483,15.0,cash,Takeaway,2023-09-30
4,4.0,4.0,16.0,unknown,Unknown,2023-07-12
8,2.0,3.0,6.0,digital wallet,Takeaway,2023-03-15
8,2.0,3.0,6.0,digital wallet,Unknown,2023-01-04
2,4.0,1.0,4.0,credit card,Unknown,2023-11-01
0,4.0,2.0,8.0,credit card,Takeaway,2023-07-15
8,1.0,3.0,8.924352495262161,credit card,Unknown,2023-10-16
3,5.0,5.0,25.0,credit card,ERROR,2023-05-11
6,3.0,4.0,12.0,unknown,In-store,2023-06-10
2,5.0,1.0,5.0,unknown,In-store,2023-05-03
2,2.0,1.0,2.0,credit card,Takeaway,2023-12-21
0,3.0,2.0,6.0,digital wallet,Unknown,2023-02-06
1,5.0,3.0,15.0,cash,Takeaway,2023-06-08
2,5.0,1.0,5.0,credit card,Unknown,2023-03-08
-1,2.0,5.0,10.0,digital wallet,In-store,2023-05-10
3,4.0,5.0,20.0,digital wallet,Unknown,2023-08-07
3,3.0,5.0,15.0,digital wallet,Takeaway,2023-07-14
3,3.0,2.949984155487483,15.0,credit card,Takeaway,2023-03-12
0,2.0,2.0,4.0,digital wallet,Takeaway,2023-06-17
9,5.0,1.5,7.5,cash,Takeaway,2023-08-17
3,5.0,5.0,25.0,unknown,Unknown,2023-09-10
8,2.0,3.0,6.0,cash,In-store,2023-04-18
6,5.0,4.0,20.0,unknown,Takeaway,2023-03-02
8,2.0,3.0,6.0,unknown,Unknown,2023-10-28
9,3.0,1.5,4.5,cash,Unknown,2023-05-11
8,1.0,3.0,3.0,digital wallet,Unknown,2023-05-05
4,5.0,4.0,20.0,unknown,Takeaway,2023-04-01
0,4.0,2.0,8.0,credit card,Unknown,2023-09-10
8,3.028463396702027,3.0,3.0,error,Takeaway,2023-07-31
3,4.0,5.0,20.0,cash,In-store,2023-09-11
1,3.028463396702027,3.0,9.0,digital wallet,Takeaway,2023-02-03
0,3.0,2.0,6.0,unknown,Unknown,2023-06-24
1,2.0,3.0,6.0,unknown,In-store,2023-04-08
1,4.0,3.0,12.0,unknown,In-store,2023-03-16
2,2.0,1.0,2.0,cash,In-store,2023-12-07
4,2.0,4.0,8.0,credit card,In-store,2023-12-08
2,3.0,1.0,3.0,unknown,Unknown,2023-10-16
6,3.0,4.0,12.0,unknown,In-store,2023-05-29
6,4.0,4.0,8.924352495262161,cash,In-store,2023-11-23
0,1.0,2.0,2.0,unknown,Unknown,2023-04-02
3,5.0,5.0,25.0,digital wallet,In-store,2023-02-27
3,3.0,5.0,15.0,unknown,Takeaway,2023-12-17
1,2.0,3.0,6.0,unknown,Unknown,2023-02-07
4,3.0,4.0,12.0,error,In-store,2023-06-26
3,4.0,5.0,20.0,credit card,Takeaway,2023-02-06
0,5.0,2.0,10.0,unknown,Unknown,2023-08-17
0,3.0,2.0,6.0,credit card,In-store,2023-07-11
1,5.0,3.0,15.0,credit card,Unknown,2023-03-23
0,1.0,2.0,2.0,unknown,Takeaway,2023-02-09
8,4.0,3.0,12.0,digital wallet,In-store,2023-02-10
9,2.0,1.5,3.0,unknown,Unknown,2023-11-06
8,1.0,3.0,3.0,credit card,Unknown,2023-03-27
7,1.0,3.0,3.0,digital wallet,Unknown,2023-02-06
9,4.0,1.5,6.0,digital wallet,In-store,2023-02-06
0,5.0,2.0,10.0,credit card,In-store,2023-11-10
0,3.0,2.0,6.0,cash,In-store,2023-02-07
-1,2.0,3.0,6.0,credit card,Unknown,2023-03-30
0,2.0,2.0,4.0,credit card,In-store,2023-09-09
4,5.0,4.0,20.0,credit card,ERROR,2023-09-20
4,3.0,4.0,12.0,cash,Unknown,2023-04-28
4,2.0,4.0,8.0,unknown,Takeaway,2023-09-27
9,1.0,1.5,1.5,error,UNKNOWN,2023-09-30
2,5.0,1.0,5.0,credit card,In-store,2023-01-16
6,2.0,4.0,8.0,credit card,Unknown,2023-06-15
1,3.0,3.0,9.0,credit card,In-store,2023-08-27
1,3.0,3.0,8.924352495262161,unknown,Unknown,2023-09-14
0,3.028463396702027,2.0,8.0,digital wallet,Unknown,2023-10-26
6,4.0,4.0,16.0,cash,Takeaway,2023-03-28
1,5.0,3.0,15.0,cash,Unknown,2023-10-07
4,5.0,2.949984155487483,20.0,digital wallet,Takeaway,2023-12-03
4,2.0,4.0,8.0,unknown,Unknown,2023-07-31
5,3.028463396702027,4.0,12.0,unknown,In-store,2023-01-03
6,3.0,4.0,12.0,unknown,Takeaway,2023-10-10
2,3.0,1.0,3.0,credit card,Takeaway,2023-02-06
9,4.0,1.5,6.0,cash,Takeaway,2023-10-07
8,1.0,3.0,3.0,error,In-store,2023-03-01
0,1.0,2.0,2.0,credit card,Unknown,2023-01-06
0,1.0,2.0,2.0,digital wallet,Takeaway,2023-03-09
4,4.0,4.0,16.0,unknown,Takeaway,2023-05-03
6,3.0,4.0,12.0,unknown,In-store,2023-10-07
4,4.0,4.0,16.0,cash,In-store,2023-04-23
1,4.0,3.0,12.0,credit card,Unknown,2023-01-10
1,2.0,3.0,6.0,unknown,Unknown,2023-02-13
8,2.0,3.0,6.0,cash,In-store,2023-09-11
1,4.0,3.0,12.0,cash,Unknown,2023-12-26
8,3.0,3.0,9.0,unknown,Unknown,2023-09-15
2,4.0,1.0,4.0,cash,Takeaway,2023-08-21
8,4.0,3.0,12.0,cash,Unknown,2023-06-28
4,4.0,4.0,16.0,digital wallet,Unknown,2023-03-13
9,2.0,2.949984155487483,3.0,error,Takeaway,2023-10-23
6,5.0,4.0,20.0,unknown,Takeaway,2023-03-06
6,3.0,4.0,12.0,digital wallet,In-store,2023-10-28
9,3.0,1.5,4.5,credit card,Unknown,2023-10-06
3,2.0,5.0,10.0,cash,Takeaway,2023-01-02
1,2.0,3.0,6.0,credit card,Takeaway,2023-08-16
7,3.0,1.5,4.5,cash,In-store,2023-05-22
3,1.0,5.0,5.0,credit card,ERROR,2023-11-11
6,2.0,4.0,8.0,digital wallet,ERROR,2023-03-07
9,5.0,1.5,7.5,unknown,In-store,2023-05-23
4,4.0,4.0,16.0,unknown,In-store,2023-10-12
8,3.0,3.0,9.0,digital wallet,Takeaway,2023-12-03
9,2.0,2.949984155487483,3.0,cash,Unknown,2023-08-23
4,4.0,4.0,16.0,credit card,UNKNOWN,2023-09-29
1,5.0,3.0,15.0,credit card,Takeaway,2023-07-18
3,1.0,5.0,5.0,digital wallet,In-store,2023-07-21
-1,3.0,3.0,9.0,cash,Takeaway,2023-02-06
8,2.0,3.0,6.0,cash,In-store,2023-07-05
7,4.0,2.0,8.0,digital wallet,In-store,2023-04-13
8,2.0,3.0,6.0,cash,Takeaway,2023-01-25
9,4.0,2.949984155487483,6.0,digital wallet,Takeaway,2023-12-26
2,1.0,1.0,1.0,unknown,Unknown,2023-02-06
4,2.0,4.0,8.0,cash,Unknown,2023-05-07
6,2.0,4.0,8.0,cash,Unknown,2023-11-13
4,1.0,4.0,4.0,unknown,Unknown,2023-07-28
0,5.0,2.0,10.0,credit card,Unknown,2023-01-11
7,3.028463396702027,3.0,9.0,credit card,In-store,2023-10-04
9,4.0,1.5,6.0,unknown,Unknown,2023-12-24
8,2.0,3.0,6.0,cash,Takeaway,2023-11-03
8,1.0,3.0,3.0,credit card,Unknown,2023-11-22
6,3.0,4.0,12.0,error,In-store,2023-12-20
0,5.0,2.0,10.0,credit card,Takeaway,2023-09-22
8,4.0,3.0,12.0,unknown,In-store,2023-06-30
3,5.0,5.0,25.0,credit card,Unknown,2023-07-28
2,4.0,1.0,4.0,credit card,Takeaway,2023-04-21
3,3.0,5.0,15.0,credit card,In-store,2023-01-12
8,1.0,3.0,3.0,credit card,Takeaway,2023-08-04
0,2.0,2.0,4.0,unknown,Unknown,2023-02-28
6,5.0,4.0,20.0,credit card,In-store,2023-07-17
7,4.0,3.0,12.0,digital wallet,Takeaway,2023-12-23
7,3.0,3.0,9.0,digital wallet,Takeaway,2023-04-22
6,1.0,4.0,4.0,credit card,In-store,2023-02-06
9,4.0,1.5,6.0,credit card,Takeaway,2023-02-01
1,2.0,3.0,6.0,cash,Unknown,2023-02-12
1,1.0,3.0,3.0,unknown,Unknown,2023-01-18
4,5.0,4.0,20.0,credit card,In-store,2023-06-12
8,5.0,3.0,15.0,cash,In-store,2023-03-19
2,3.0,1.0,3.0,credit card,In-store,2023-03-02
5,1.0,1.5,1.5,unknown,Unknown,2023-02-16
6,4.0,4.0,16.0,credit card,Unknown,2023-09-30
5,3.0,2.0,6.0,cash,Takeaway,2023-05-11
4,2.0,4.0,8.0,digital wallet,Takeaway,2023-02-06
3,4.0,5.0,20.0,digital wallet,UNKNOWN,2023-06-09
8,2.0,3.0,6.0,digital wallet,In-store,2023-12-21
5,1.0,1.5,1.5,unknown,Takeaway,2023-07-27
2,5.0,1.0,5.0,digital wallet,Takeaway,2023-04-06
9,3.0,1.5,4.5,cash,Takeaway,2023-03-17
-1,5.0,3.0,15.0,cash,In-store,2023-04-10
2,4.0,1.0,4.0,credit card,ERROR,2023-08-04
9,2.0,1.5,3.0,digital wallet,In-store,2023-11-19
5,1.0,3.0,3.0,cash,Unknown,2023-09-08
1,3.0,3.0,9.0,unknown,Takeaway,2023-02-18
2,1.0,1.0,1.0,digital wallet,In-store,2023-08-11
2,2.0,1.0,2.0,cash,Takeaway,2023-09-28
6,3.0,4.0,12.0,credit card,Takeaway,2023-12-05
3,1.0,5.0,5.0,unknown,Unknown,2023-01-04
9,4.0,1.5,6.0,digital wallet,UNKNOWN,2023-02-06
8,1.0,3.0,8.924352495262161,credit card,Unknown,2023-02-25
1,5.0,3.0,15.0,digital wallet,ERROR,2023-09-18
2,5.0,2.949984155487483,5.0,unknown,Takeaway,2023-01-17
2,2.0,1.0,2.0,cash,Unknown,2023-03-30
0,3.0,2.0,6.0,unknown,In-store,2023-10-22
4,4.0,4.0,16.0,digital wallet,Unknown,2023-04-01
0,4.0,2.0,8.0,cash,In-store,2023-12-03
9,2.0,1.5,3.0,unknown,Takeaway,2023-02-24
9,5.0,1.5,7.5,cash,Takeaway,2023-11-01
0,4.0,2.0,8.0,unknown,Takeaway,2023-07-21
9,1.0,1.5,1.5,digital wallet,Takeaway,2023-05-09
4,1.0,4.0,4.0,credit card,Takeaway,2023-04-24
9,4.0,1.5,6.0,digital wallet,In-store,2023-10-06
6,1.0,4.0,4.0,cash,Unknown,2023-12-16
1,5.0,3.0,15.0,unknown,Takeaway,2023-07-25
9,5.0,1.5,7.5,error,Unknown,2023-01-15
6,3.0,4.0,12.0,unknown,In-store,2023-02-26
3,2.0,2.949984155487483,10.0,digital wallet,Unknown,2023-10-20
0,1.0,2.0,2.0,credit card,In-store,2023-01-26
3,4.0,5.0,8.924352495262161,error,Unknown,2023-02-06
4,3.0,4.0,12.0,unknown,Unknown,2023-03-28
3,4.0,5.0,20.0,unknown,Unknown,2023-04-17
1,2.0,3.0,6.0,digital wallet,Unknown,2023-05-11
2,2.0,1.0,2.0,unknown,Takeaway,2023-07-21
3,4.0,5.0,20.0,error,Takeaway,2023-11-24
4,4.0,4.0,16.0,cash,Unknown,2023-10-01
8,5.0,3.0,15.0,digital wallet,In-store,2023-10-28
0,1.0,2.0,2.0,unknown,Takeaway,2023-07-01
3,3.0,5.0,15.0,unknown,Unknown,2023-08-16
3,5.0,5.0,25.0,digital wallet,Takeaway,2023-07-17
6,3.0,4.0,12.0,digital wallet,Unknown,2023-02-06
4,4.0,4.0,8.924352495262161,unknown,Unknown,2023-06-23
4,5.0,4.0,20.0,unknown,In-store,2023-04-24
6,1.0,4.0,4.0,credit card,Takeaway,2023-08-02
8,1.0,3.0,3.0,cash,Takeaway,2023-02-06
1,4.0,3.0,12.0,unknown,Takeaway,2023-04-02
8,2.0,3.0,6.0,unknown,Takeaway,2023-12-04
8,3.0,3.0,9.0,credit card,Takeaway,2023-09-06
6,1.0,4.0,4.0,credit card,In-store,2023-07-17
7,3.0,4.0,12.0,unknown,Unknown,2023-01-14
3,5.0,5.0,25.0,cash,Takeaway,2023-04-20
4,2.0,2.949984155487483,8.0,unknown,In-store,2023-10-18
1,5.0,3.0,15.0,unknown,Unknown,2023-08-12
0,1.0,2.0,2.0,unknown,Takeaway,2023-06-11
0,1.0,2.0,2.0,unknown,Unknown,2023-03-27
1,3.0,3.0,9.0,unknown,Takeaway,2023-03-19
9,2.0,1.5,3.0,unknown,UNKNOWN,2023-08-16
-1,3.028463396702027,4.0,12.0,digital wallet,Unknown,2023-09-04
9,5.0,1.5,7.5,error,Unknown,2023-03-15
2,2.0,1.0,2.0,unknown,Unknown,2023-06-12
2,5.0,1.0,5.0,unknown,Unknown,2023-07-06
8,2.0,3.0,6.0,credit card,In-store,2023-06-17
1,3.0,3.0,9.0,cash,UNKNOWN,2023-05-05
3,2.0,5.0,10.0,unknown,Unknown,2023-06-18
1,5.0,3.0,15.0,credit card,In-store,2023-11-24
1,1.0,3.0,3.0,credit card,Takeaway,2023-01-02
9,5.0,1.5,7.5,cash,Takeaway,2023-03-13
6,5.0,4.0,20.0,unknown,Takeaway,2023-03-18
8,2.0,3.0,6.0,unknown,In-store,2023-02-04
2,3.0,1.0,3.0,credit card,Unknown,2023-07-02
2,2.0,1.0,2.0,unknown,Unknown,2023-03-05
9,5.0,1.5,7.5,cash,Takeaway,2023-04-19
6,4.0,2.949984155487483,16.0,credit card,Takeaway,2023-05-01
0,5.0,2.0,10.0,unknown,Unknown,2023-04-29
0,2.0,2.0,4.0,credit card,In-store,2023-06-08
2,2.0,1.0,2.0,cash,Unknown,2023-08-18
2,5.0,1.0,5.0,digital wallet,Unknown,2023-11-03
7,2.0,3.0,6.0,cash,Takeaway,2023-04-20
8,4.0,3.0,12.0,unknown,Unknown,2023-12-16
0,4.0,2.0,8.0,unknown,Unknown,2023-12-08
6,3.028463396702027,4.0,12.0,cash,Takeaway,2023-01-17
1,4.0,3.0,12.0,cash,Takeaway,2023-08-05
8,5.0,3.0,15.0,digital wallet,Unknown,2023-12-05
2,4.0,1.0,4.0,cash,Takeaway,2023-07-03
6,5.0,4.0,20.0,unknown,Takeaway,2023-11-20
3,3.0,5.0,15.0,unknown,Takeaway,2023-07-30
1,4.0,3.0,12.0,cash,Unknown,2023-06-06
4,1.0,4.0,4.0,unknown,Unknown,2023-06-01
2,2.0,1.0,2.0,unknown,Takeaway,2023-12-03
6,3.0,4.0,12.0,credit card,Unknown,2023-03-01
8,3.0,3.0,9.0,credit card,In-store,2023-08-23
0,3.0,2.0,6.0,credit card,ERROR,2023-03-26
8,4.0,3.0,12.0,unknown,In-store,2023-02-17
8,4.0,2.949984155487483,12.0,cash,Unknown,2023-01-27
9,5.0,1.5,7.5,unknown,Takeaway,2023-05-26
6,3.0,4.0,12.0,cash,In-store,2023-04-12
2,3.0,1.0,3.0,unknown,Takeaway,2023-06-01
3,2.0,2.949984155487483,10.0,cash,Unknown,2023-10-15
8,3.0,3.0,9.0,credit card,Unknown,2023-09-21
1,5.0,3.0,15.0,unknown,Unknown,2023-10-13
4,2.0,4.0,8.0,credit card,Unknown,2023-07-14
4,3.0,4.0,12.0,digital wallet,Unknown,2023-06-24
8,5.0,3.0,15.0,unknown,Unknown,2023-09-18
8,4.0,3.0,12.0,unknown,Takeaway,2023-11-10
2,4.0,1.0,4.0,unknown,Takeaway,2023-05-11
8,3.0,3.0,9.0,credit card,Unknown,2023-01-24
8,5.0,3.0,15.0,cash,Takeaway,2023-06-04
9,5.0,1.5,8.924352495262161,unknown,Unknown,2023-02-06
5,5.0,1.0,5.0,credit card,In-store,2023-09-13
1,4.0,2.949984155487483,12.0,credit card,Takeaway,2023-07-12
1,3.0,3.0,9.0,unknown,Unknown,2023-06-24
0,4.0,2.0,8.0,digital wallet,Takeaway,2023-07-02
4,4.0,4.0,16.0,unknown,Takeaway,2023-12-06
2,1.0,1.0,1.0,unknown,In-store,2023-02-02
2,4.0,1.0,4.0,unknown,Takeaway,2023-08-08
0,2.0,2.0,4.0,credit card,In-store,2023-12-02
2,2.0,1.0,2.0,unknown,Takeaway,2023-09-23
1,3.0,3.0,9.0,unknown,Unknown,2023-10-16
6,3.0,4.0,12.0,cash,Unknown,2023-04-23
1,5.0,3.0,15.0,cash,In-store,2023-05-18
2,2.0,2.949984155487483,2.0,digital wallet,Unknown,2023-10-29
8,1.0,3.0,3.0,digital wallet,Takeaway,2023-01-01
0,5.0,2.0,10.0,unknown,Unknown,2023-08-29
3,1.0,5.0,5.0,unknown,In-store,2023-03-07
3,4.0,5.0,20.0,digital wallet,ERROR,2023-12-29
9,2.0,1.5,3.0,unknown,Takeaway,2023-06-16
2,3.0,1.0,3.0,digital wallet,Takeaway,2023-08-18
3,3.028463396702027,5.0,8.924352495262161,unknown,In-store,2023-05-09
3,2.0,5.0,10.0,cash,Takeaway,2023-02-01
4,3.0,4.0,12.0,cash,Takeaway,2023-06-24
6,3.028463396702027,4.0,16.0,unknown,Takeaway,2023-11-26
3,1.0,5.0,5.0,digital wallet,Takeaway,2023-11-26
1,3.0,3.0,9.0,digital wallet,Takeaway,2023-06-29
3,2.0,5.0,10.0,cash,Takeaway,2023-02-06
3,1.0,5.0,5.0,credit card,ERROR,2023-07-28
0,3.0,2.0,6.0,credit card,ERROR,2023-10-15
8,3.028463396702027,3.0,12.0,unknown,Unknown,2023-08-17
1,3.0,3.0,9.0,unknown,Unknown,2023-05-23
1,2.0,3.0,6.0,unknown,Takeaway,2023-11-08
4,2.0,4.0,8.924352495262161,digital wallet,Unknown,2023-09-22
9,5.0,1.5,7.5,unknown,Takeaway,2023-10-14
1,4.0,3.0,12.0,cash,In-store,2023-01-30
3,1.0,5.0,5.0,credit card,Unknown,2023-09-29
2,3.0,1.0,3.0,digital wallet,In-store,2023-05-28
2,3.0,1.0,3.0,cash,ERROR,2023-05-03
0,1.0,2.0,2.0,unknown,Takeaway,2023-02-06
0,2.0,2.0,4.0,credit card,Unknown,2023-11-28
4,1.0,4.0,4.0,unknown,Unknown,2023-12-04
0,5.0,2.0,10.0,unknown,Unknown,2023-03-24
6,4.0,4.0,16.0,unknown,In-store,2023-10-15
3,2.0,5.0,10.0,credit card,Unknown,2023-02-05
9,5.0,1.5,7.5,unknown,Unknown,2023-05-03
0,5.0,2.0,10.0,unknown,In-store,2023-04-03
1,1.0,3.0,3.0,cash,Unknown,2023-12-10
6,4.0,4.0,16.0,cash,Takeaway,2023-12-17
1,3.028463396702027,3.0,9.0,digital wallet,In-store,2023-03-24
3,5.0,5.0,25.0,cash,In-store,2023-01-10
8,3.0,3.0,9.0,credit card,In-store,2023-06-11
0,3.0,2.0,6.0,cash,Unknown,2023-11-01
3,4.0,5.0,20.0,digital wallet,Unknown,2023-04-14
6,2.0,4.0,8.0,credit card,Takeaway,2023-10-10
4,3.0,4.0,12.0,digital wallet,Takeaway,2023-12-22
8,1.0,3.0,3.0,unknown,Takeaway,2023-10-16
1,1.0,3.0,3.0,digital wallet,Unknown,2023-07-28
8,1.0,2.949984155487483,3.0,credit card,Unknown,2023-02-12
2,1.0,1.0,1.0,unknown,In-store,2023-11-25
4,5.0,4.0,20.0,unknown,Takeaway,2023-12-26
1,2.0,3.0,6.0,credit card,Unknown,2023-08-10
3,3.0,5.0,15.0,unknown,Takeaway,2023-02-15
0,1.0,2.0,2.0,unknown,Unknown,2023-11-27
8,4.0,3.0,12.0,cash,Takeaway,2023-02-06
1,4.0,3.0,12.0,credit card,In-store,2023-06-27
6,4.0,4.0,8.924352495262161,unknown,In-store,2023-03-28
1,1.0,2.949984155487483,3.0,unknown,Unknown,2023-09-17
-1,3.0,5.0,15.0,digital wallet,Unknown,2023-02-06
6,2.0,4.0,8.924352495262161,unknown,Unknown,2023-02-19
2,4.0,1.0,4.0,unknown,ERROR,2023-01-04
1,5.0,2.949984155487483,15.0,digital wallet,Takeaway,2023-06-03
3,3.0,5.0,15.0,credit card,Unknown,2023-07-08
8,2.0,3.0,6.0,credit card,Takeaway,2023-09-02
0,5.0,2.0,10.0,cash,Takeaway,2023-02-18
1,5.0,3.0,15.0,digital wallet,In-store,2023-06-14
9,1.0,1.5,1.5,digital wallet,Unknown,2023-12-17
8,3.0,3.0,9.0,cash,Unknown,2023-06-18
0,2.0,2.949984155487483,4.0,digital wallet,Takeaway,2023-03-24
8,3.0,3.0,9.0,credit card,Unknown,2023-04-17
4,2.0,4.0,8.0,digital wallet,Unknown,2023-12-03
2,2.0,1.0,2.0,digital wallet,Unknown,2023-04-04
8,5.0,3.0,15.0,unknown,Takeaway,2023-05-09
0,5.0,2.0,10.0,credit card,Takeaway,2023-11-06
-1,4.0,1.5,6.0,credit card,Unknown,2023-02-06
8,2.0,3.0,6.0,digital wallet,Takeaway,2023-08-31
1,3.0,3.0,9.0,credit card,Unknown,2023-10-14
4,4.0,4.0,8.924352495262161,unknown,In-store,2023-11-20
5,1.0,5.0,5.0,credit card,Takeaway,2023-10-30
-1,3.0,2.0,6.0,digital wallet,Unknown,2023-10-20
6,2.0,4.0,8.0,credit card,Takeaway,2023-01-11
2,3.0,1.0,3.0,unknown,In-store,2023-06-22
0,1.0,2.949984155487483,2.0,error,Takeaway,2023-02-22
8,5.0,3.0,15.0,unknown,Takeaway,2023-04-09
2,1.0,1.0,1.0,cash,Takeaway,2023-10-24
9,2.0,1.5,3.0,digital wallet,Takeaway,2023-08-20
5,4.0,2.0,8.0,digital wallet,Takeaway,2023-02-06
1,4.0,3.0,12.0,unknown,In-store,2023-03-23
9,5.0,2.949984155487483,7.5,credit card,Takeaway,2023-06-30
8,1.0,3.0,3.0,credit card,Takeaway,2023-09-16
3,3.028463396702027,5.0,10.0,digital wallet,Takeaway,2023-12-19
5,3.0,5.0,15.0,credit card,Unknown,2023-02-06
4,1.0,4.0,4.0,credit card,Takeaway,2023-03-03
8,4.0,3.0,12.0,cash,Unknown,2023-01-03
1,5.0,3.0,15.0,unknown,Unknown,2023-06-27
3,1.0,5.0,5.0,error,In-store,2023-01-05
9,1.0,1.5,1.5,credit card,In-store,2023-09-12
4,3.0,4.0,12.0,digital wallet,Takeaway,2023-07-20
3,1.0,5.0,5.0,cash,Unknown,2023-08-03
8,2.0,3.0,6.0,digital wallet,UNKNOWN,2023-12-09
8,2.0,3.0,6.0,cash,Takeaway,2023-12-30
9,5.0,1.5,7.5,credit card,ERROR,2023-10-05
3,4.0,5.0,20.0,unknown,In-store,2023-09-20
4,5.0,4.0,20.0,digital wallet,Unknown,2023-06-25
3,5.0,5.0,25.0,digital wallet,Takeaway,2023-11-10
0,2.0,2.0,4.0,cash,Takeaway,2023-08-14
0,1.0,2.0,2.0,unknown,Takeaway,2023-09-22
5,3.0,3.0,9.0,unknown,Takeaway,2023-06-21
1,1.0,3.0,3.0,unknown,Unknown,2023-09-03
9,4.0,1.5,6.0,cash,Takeaway,2023-09-08
6,2.0,4.0,8.0,digital wallet,Unknown,2023-11-18
4,2.0,4.0,8.0,cash,ERROR,2023-04-20
2,3.028463396702027,1.0,4.0,digital wallet,UNKNOWN,2023-12-17
0,5.0,2.0,10.0,unknown,Takeaway,2023-12-03
8,4.0,3.0,12.0,cash,In-store,2023-11-02
2,4.0,1.0,4.0,digital wallet,Takeaway,2023-01-18
4,3.0,4.0,12.0,credit card,Unknown,2023-07-28
3,4.0,5.0,20.0,credit card,Unknown,2023-02-25
4,3.0,2.949984155487483,8.924352495262161,credit card,Takeaway,2023-01-18
5,3.0,2.949984155487483,15.0,unknown,In-store,2023-12-16
6,3.028463396702027,4.0,12.0,digital wallet,Takeaway,2023-01-29
9,2.0,1.5,3.0,cash,ERROR,2023-09-26
5,4.0,5.0,20.0,cash,Unknown,2023-04-30
8,4.0,3.0,12.0,unknown,In-store,2023-03-26
5,3.0,3.0,8.924352495262161,cash,Takeaway,2023-01-25
6,4.0,4.0,16.0,digital wallet,Takeaway,2023-08-29
4,2.0,2.949984155487483,8.0,unknown,In-store,2023-10-22
-1,5.0,3.0,15.0,unknown,Takeaway,2023-04-14
9,5.0,1.5,7.5,digital wallet,ERROR,2023-04-08
1,4.0,3.0,8.924352495262161,unknown,Takeaway,2023-10-10
4,4.0,4.0,16.0,digital wallet,In-store,2023-02-01
-1,2.0,5.0,10.0,digital wallet,Takeaway,2023-08-27
8,3.0,3.0,9.0,credit card,Takeaway,2023-03-28
8,1.0,3.0,3.0,cash,Takeaway,2023-03-13
0,5.0,2.0,10.0,digital wallet,Unknown,2023-04-11
3,3.028463396702027,5.0,25.0,credit card,Takeaway,2023-02-22
4,5.0,4.0,20.0,unknown,In-store,2023-08-02
9,2.0,1.5,3.0,credit card,Takeaway,2023-02-06
9,4.0,1.5,6.0,cash,In-store,2023-10-19
9,2.0,1.5,3.0,cash,In-store,2023-08-20
0,2.0,2.0,4.0,cash,In-store,2023-06-22
8,2.0,3.0,6.0,credit card,Takeaway,2023-03-26
3,5.0,5.0,25.0,digital wallet,In-store,2023-11-07
6,5.0,4.0,20.0,unknown,Unknown,2023-10-19
8,5.0,3.0,15.0,digital wallet,Takeaway,2023-01-21
1,3.0,3.0,9.0,cash,Takeaway,2023-04-11
9,5.0,1.5,7.5,unknown,In-store,2023-10-21
6,1.0,4.0,4.0,credit card,Unknown,2023-02-06
3,4.0,5.0,20.0,digital wallet,In-store,2023-07-20
8,1.0,3.0,3.0,digital wallet,Unknown,2023-03-23
2,5.0,1.0,5.0,unknown,Takeaway,2023-07-18
2,4.0,1.0,4.0,unknown,In-store,2023-02-06
4,2.0,4.0,8.0,cash,In-store,2023-10-20
0,3.0,2.0,6.0,digital wallet,Unknown,2023-06-05
1,2.0,3.0,6.0,unknown,Unknown,2023-10-25
3,1.0,5.0,5.0,credit card,In-store,2023-02-06
2,2.0,1.0,2.0,digital wallet,Unknown,2023-08-06
9,4.0,1.5,6.0,cash,Unknown,2023-05-11
8,1.0,3.0,3.0,digital wallet,Unknown,2023-01-11
2,5.0,1.0,5.0,credit card,Unknown,2023-03-27
-1,5.0,3.0,15.0,digital wallet,In-store,2023-09-08
0,5.0,2.0,10.0,unknown,Unknown,2023-06-01
4,2.0,4.0,8.0,credit card,In-store,2023-02-06
3,2.0,5.0,10.0,credit card,Takeaway,2023-11-10
8,2.0,3.0,6.0,digital wallet,UNKNOWN,2023-07-27
2,2.0,1.0,2.0,credit card,Unknown,2023-04-28
8,4.0,3.0,12.0,digital wallet,In-store,2023-09-28
6,5.0,4.0,20.0,credit card,Unknown,2023-10-31
2,4.0,1.0,4.0,cash,Takeaway,2023-02-03
9,2.0,1.5,3.0,cash,Takeaway,2023-08-10
7,3.028463396702027,5.0,5.0,cash,ERROR,2023-05-15
4,3.0,4.0,12.0,unknown,Unknown,2023-02-06
2,3.0,1.0,3.0,unknown,Unknown,2023-09-11
9,1.0,1.5,1.5,cash,In-store,2023-12-03
8,3.0,3.0,9.0,credit card,Takeaway,2023-11-17
8,1.0,3.0,3.0,unknown,In-store,2023-04-29
0,1.0,2.0,2.0,credit card,Unknown,2023-05-14
4,1.0,4.0,4.0,cash,Takeaway,2023-08-09
2,2.0,1.0,2.0,unknown,Takeaway,2023-05-08
3,3.0,5.0,15.0,credit card,Takeaway,2023-01-14
0,3.0,2.0,6.0,unknown,Unknown,2023-06-23
0,4.0,2.0,8.0,credit card,In-store,2023-11-27
8,2.0,3.0,6.0,unknown,Unknown,2023-12-06
4,4.0,4.0,16.0,unknown,Unknown,2023-04-20
9,3.0,1.5,4.5,cash,In-store,2023-03-31
3,1.0,5.0,8.924352495262161,unknown,Unknown,2023-08-11
3,1.0,5.0,5.0,unknown,Unknown,2023-08-17
3,1.0,5.0,5.0,cash,ERROR,2023-11-23
0,4.0,2.0,8.0,unknown,Takeaway,2023-06-24
9,4.0,1.5,6.0,digital wallet,Unknown,2023-06-26
9,5.0,2.949984155487483,7.5,cash,Unknown,2023-09-20
0,2.0,2.0,4.0,digital wallet,Unknown,2023-04-08
4,1.0,4.0,4.0,credit card,Takeaway,2023-03-09
7,4.0,3.0,12.0,unknown,Takeaway,2023-01-19
1,1.0,3.0,3.0,digital wallet,Takeaway,2023-03-21
0,4.0,2.0,8.0,unknown,Unknown,2023-03-18
4,1.0,4.0,4.0,cash,ERROR,2023-12-01
6,5.0,4.0,20.0,cash,Takeaway,2023-11-18
4,1.0,4.0,4.0,unknown,Takeaway,2023-07-02
0,2.0,2.0,4.0,digital wallet,Unknown,2023-11-22
5,1.0,2.0,8.924352495262161,credit card,Unknown,2023-05-15
8,5.0,3.0,8.924352495262161,cash,Unknown,2023-12-16
0,4.0,2.0,8.0,digital wallet,Unknown,2023-12-08
9,4.0,1.5,6.0,unknown,Unknown,2023-06-25
2,1.0,1.0,1.0,unknown,Takeaway,2023-05-12
7,1.0,5.0,8.924352495262161,cash,UNKNOWN,2023-03-08
6,4.0,4.0,16.0,credit card,Takeaway,2023-08-01
8,2.0,3.0,6.0,credit card,In-store,2023-10-09
4,1.0,4.0,4.0,error,Unknown,2023-02-06
2,1.0,1.0,1.0,cash,Takeaway,2023-02-06
1,5.0,3.0,15.0,digital wallet,In-store,2023-08-03
1,1.0,3.0,3.0,digital wallet,Takeaway,2023-06-30
3,2.0,5.0,10.0,credit card,In-store,2023-04-05
8,4.0,3.0,12.0,cash,Takeaway,2023-04-30
9,5.0,1.5,7.5,credit card,Unknown,2023-04-13
3,5.0,5.0,25.0,cash,ERROR,2023-10-09
6,5.0,4.0,20.0,cash,In-store,2023-01-28
8,4.0,3.0,12.0,credit card,Takeaway,2023-12-04
-1,2.0,3.0,6.0,unknown,In-store,2023-04-05
2,3.028463396702027,1.0,4.0,unknown,In-store,2023-09-25
8,2.0,3.0,6.0,unknown,Unknown,2023-10-09
2,4.0,1.0,4.0,cash,Unknown,2023-08-28
0,5.0,2.0,10.0,cash,In-store,2023-04-14
2,4.0,1.0,4.0,credit card,Takeaway,2023-08-06
-1,3.028463396702027,3.0,9.0,cash,Takeaway,2023-03-19
1,3.0,3.0,9.0,credit card,Takeaway,2023-01-10
0,3.0,2.949984155487483,6.0,cash,In-store,2023-10-18
0,1.0,2.0,2.0,cash,In-store,2023-08-02
6,1.0,4.0,4.0,digital wallet,Takeaway,2023-08-29
2,5.0,1.0,5.0,cash,UNKNOWN,2023-03-21
9,2.0,1.5,3.0,digital wallet,Unknown,2023-07-03
1,2.0,3.0,8.924352495262161,cash,Unknown,2023-03-19
8,1.0,3.0,3.0,unknown,Takeaway,2023-04-24
4,2.0,4.0,8.0,unknown,Unknown,2023-11-14
9,3.0,1.5,4.5,cash,In-store,2023-02-26
6,4.0,4.0,16.0,cash,In-store,2023-07-08
3,4.0,5.0,20.0,unknown,Unknown,2023-06-04
8,2.0,3.0,6.0,cash,In-store,2023-02-25
0,1.0,2.0,2.0,cash,Unknown,2023-05-01
2,2.0,1.0,2.0,digital wallet,ERROR,2023-07-05
2,4.0,1.0,4.0,unknown,In-store,2023-06-18
4,4.0,4.0,16.0,digital wallet,In-store,2023-06-30
8,4.0,3.0,12.0,credit card,Unknown,2023-02-03
0,1.0,2.0,2.0,digital wallet,Takeaway,2023-10-12
4,2.0,4.0,8.0,cash,Unknown,2023-11-02
8,3.0,3.0,9.0,cash,Takeaway,2023-04-22
8,1.0,3.0,3.0,unknown,Takeaway,2023-11-14
8,3.0,3.0,9.0,cash,In-store,2023-03-28
2,3.0,1.0,3.0,credit card,In-store,2023-05-01
4,5.0,4.0,20.0,digital wallet,Unknown,2023-04-27
6,2.0,4.0,8.0,unknown,Takeaway,2023-05-27
6,3.0,4.0,12.0,credit card,Unknown,2023-09-28
3,3.028463396702027,5.0,20.0,unknown,In-store,2023-01-20
8,3.0,3.0,9.0,cash,Unknown,2023-12-15
3,5.0,5.0,25.0,cash,Takeaway,2023-10-15
7,1.0,1.5,1.5,unknown,UNKNOWN,2023-03-08
1,3.0,3.0,9.0,unknown,Takeaway,2023-07-17
9,1.0,1.5,1.5,unknown,Takeaway,2023-11-08
6,1.0,4.0,4.0,credit card,In-store,2023-10-13
6,1.0,4.0,4.0,unknown,Takeaway,2023-07-02
9,2.0,1.5,3.0,cash,Unknown,2023-07-09
8,2.0,3.0,6.0,cash,Takeaway,2023-05-05
3,3.0,5.0,15.0,digital wallet,Takeaway,2023-11-10
8,4.0,3.0,12.0,unknown,Takeaway,2023-05-19
1,4.0,3.0,12.0,unknown,In-store,2023-02-20
8,2.0,3.0,6.0,credit card,Takeaway,2023-09-06
8,1.0,3.0,3.0,unknown,In-store,2023-07-09
7,5.0,4.0,8.924352495262161,unknown,Takeaway,2023-02-28
7,5.0,3.0,15.0,digital wallet,Unknown,2023-04-09
4,3.0,4.0,12.0,unknown,Takeaway,2023-12-14
3,2.0,5.0,10.0,credit card,UNKNOWN,2023-10-12
-1,1.0,3.0,3.0,credit card,Unknown,2023-12-10
3,3.0,5.0,15.0,credit card,In-store,2023-08-17
6,3.0,4.0,12.0,digital wallet,Takeaway,2023-04-28
3,1.0,5.0,5.0,digital wallet,Unknown,2023-02-06
2,5.0,1.0,5.0,digital wallet,Takeaway,2023-06-24
3,1.0,5.0,8.924352495262161,error,Takeaway,2023-10-01
1,2.0,3.0,6.0,credit card,Unknown,2023-03-02
8,2.0,3.0,6.0,cash,Takeaway,2023-01-16
0,4.0,2.0,8.924352495262161,credit card,In-store,2023-09-08
1,1.0,3.0,3.0,credit card,In-store,2023-02-02
2,1.0,1.0,1.0,digital wallet,In-store,2023-02-06
1,1.0,3.0,3.0,credit card,In-store,2023-09-23
3,1.0,5.0,5.0,unknown,In-store,2023-07-26
8,4.0,3.0,12.0,unknown,In-store,2023-09-07
2,5.0,2.949984155487483,5.0,digital wallet,Unknown,2023-05-20
6,5.0,4.0,20.0,digital wallet,Takeaway,2023-06-06
1,3.0,3.0,9.0,digital wallet,Unknown,2023-01-21
1,5.0,3.0,15.0,credit card,UNKNOWN,2023-09-06
6,4.0,4.0,16.0,unknown,Unknown,2023-08-18
8,3.0,3.0,9.0,cash,Unknown,2023-04-03
9,2.0,2.949984155487483,3.0,unknown,In-store,2023-02-19
4,3.028463396702027,4.0,8.0,credit card,Takeaway,2023-03-23
4,3.0,4.0,12.0,credit card,In-store,2023-02-22
0,1.0,2.0,2.0,unknown,In-store,2023-09-03
4,4.0,4.0,16.0,unknown,Unknown,2023-05-13
9,4.0,1.5,6.0,cash,Takeaway,2023-01-06
9,5.0,1.5,7.5,cash,Takeaway,2023-01-29
9,3.0,1.5,4.5,cash,Unknown,2023-01-06
0,3.0,2.0,6.0,unknown,In-store,2023-03-25
3,1.0,2.949984155487483,5.0,cash,Takeaway,2023-03-17
9,4.0,1.5,6.0,credit card,Takeaway,2023-01-15
6,4.0,4.0,16.0,credit card,Takeaway,2023-04-20
6,5.0,4.0,20.0,unknown,Unknown,2023-02-06
8,3.0,3.0,9.0,cash,Takeaway,2023-08-18
4,5.0,4.0,20.0,cash,Takeaway,2023-07-16
6,3.0,4.0,12.0,error,Unknown,2023-02-06
4,2.0,4.0,8.924352495262161,unknown,Unknown,2023-04-09
3,4.0,5.0,20.0,digital wallet,In-store,2023-06-19
1,3.0,3.0,9.0,digital wallet,In-store,2023-11-28
6,3.0,4.0,12.0,unknown,Unknown,2023-06-08
5,3.0,1.5,4.5,cash,Unknown,2023-04-21
4,4.0,4.0,16.0,digital wallet,Unknown,2023-03-14
2,2.0,1.0,2.0,unknown,In-store,2023-02-24
3,5.0,5.0,25.0,credit card,Takeaway,2023-12-19
4,4.0,4.0,16.0,digital wallet,Unknown,2023-04-01
2,4.0,1.0,4.0,digital wallet,Takeaway,2023-09-09
6,3.0,4.0,12.0,unknown,Unknown,2023-01-06
1,1.0,3.0,3.0,digital wallet,Takeaway,2023-03-13
9,5.0,1.5,7.5,unknown,Takeaway,2023-06-18
2,4.0,1.0,4.0,digital wallet,Unknown,2023-03-04
2,3.0,2.949984155487483,3.0,cash,Unknown,2023-05-06
3,4.0,5.0,20.0,digital wallet,Takeaway,2023-04-04
4,3.0,4.0,12.0,credit card,Unknown,2023-07-24
8,4.0,3.0,8.924352495262161,cash,UNKNOWN,2023-02-06
9,5.0,1.5,7.5,cash,In-store,2023-07-14
2,1.0,1.0,1.0,credit card,UNKNOWN,2023-06-26
9,2.0,1.5,3.0,digital wallet,Unknown,2023-02-06
6,3.0,2.949984155487483,12.0,unknown,In-store,2023-06-30
1,1.0,3.0,8.924352495262161,credit card,Takeaway,2023-04-04
4,1.0,4.0,4.0,credit card,Unknown,2023-08-26
1,4.0,3.0,12.0,credit card,Unknown,2023-10-19
6,3.0,4.0,12.0,cash,Takeaway,2023-04-15
0,2.0,2.949984155487483,4.0,digital wallet,Takeaway,2023-01-20
1,4.0,3.0,12.0,cash,Unknown,2023-08-21
9,2.0,1.5,3.0,digital wallet,Unknown,2023-11-18
8,1.0,3.0,8.924352495262161,cash,Unknown,2023-09-07
1,4.0,3.0,12.0,digital wallet,Unknown,2023-11-25
2,3.028463396702027,1.0,5.0,cash,Unknown,2023-05-19
9,1.0,1.5,1.5,digital wallet,Unknown,2023-02-06
5,2.0,1.5,3.0,digital wallet,Takeaway,2023-09-23
5,3.0,3.0,9.0,unknown,Unknown,2023-03-14
4,2.0,4.0,8.0,cash,In-store,2023-06-01
1,5.0,3.0,15.0,credit card,Unknown,2023-12-23
6,4.0,4.0,16.0,unknown,Unknown,2023-03-10
3,5.0,5.0,25.0,unknown,Takeaway,2023-12-22
0,2.0,2.0,4.0,cash,Takeaway,2023-07-24
0,1.0,2.0,2.0,digital wallet,Unknown,2023-02-06
0,5.0,2.0,10.0,digital wallet,Takeaway,2023-07-03
8,1.0,3.0,3.0,digital wallet,Unknown,2023-03-03
5,1.0,3.0,3.0,credit card,Takeaway,2023-02-23
0,5.0,2.0,10.0,digital wallet,Takeaway,2023-12-07
2,5.0,1.0,5.0,unknown,In-store,2023-09-06
2,2.0,1.0,2.0,unknown,Unknown,2023-02-18
6,5.0,4.0,20.0,unknown,In-store,2023-06-06
6,1.0,4.0,4.0,credit card,Unknown,2023-12-01
6,5.0,4.0,20.0,cash,Unknown,2023-11-07
1,1.0,3.0,3.0,unknown,UNKNOWN,2023-02-06
5,2.0,3.0,6.0,unknown,Unknown,2023-11-08
6,3.0,4.0,12.0,cash,In-store,2023-12-05
9,2.0,1.5,3.0,unknown,Unknown,2023-01-30
4,4.0,4.0,16.0,digital wallet,Unknown,2023-10-17
1,4.0,3.0,12.0,unknown,Takeaway,2023-05-28
8,1.0,3.0,3.0,credit card,Unknown,2023-05-21
8,5.0,3.0,15.0,credit card,UNKNOWN,2023-03-04
3,3.0,5.0,15.0,cash,Takeaway,2023-12-30
5,2.0,3.0,6.0,cash,Unknown,2023-04-14
0,5.0,2.0,10.0,cash,Unknown,2023-09-23
2,5.0,1.0,5.0,digital wallet,Unknown,2023-02-06
3,4.0,5.0,8.924352495262161,digital wallet,Unknown,2023-07-19
3,5.0,2.949984155487483,25.0,cash,In-store,2023-09-04
2,1.0,1.0,1.0,credit card,Unknown,2023-06-09
3,2.0,5.0,10.0,unknown,Takeaway,2023-06-17
5,5.0,1.5,7.5,unknown,In-store,2023-07-13
8,4.0,3.0,12.0,cash,In-store,2023-11-15
-1,4.0,2.0,8.0,cash,Takeaway,2023-03-31
4,2.0,4.0,8.0,digital wallet,In-store,2023-03-24
8,5.0,3.0,15.0,digital wallet,Unknown,2023-06-02
8,4.0,3.0,12.0,error,In-store,2023-02-20
8,5.0,3.0,15.0,cash,Unknown,2023-12-24
0,4.0,2.0,8.0,error,UNKNOWN,2023-09-01
5,3.028463396702027,3.0,3.0,digital wallet,Takeaway,2023-10-30
5,5.0,4.0,20.0,unknown,Takeaway,2023-03-23
8,2.0,3.0,6.0,unknown,Takeaway,2023-07-05
1,3.0,3.0,8.924352495262161,digital wallet,Unknown,2023-10-28
2,1.0,1.0,1.0,digital wallet,Takeaway,2023-02-06
6,3.0,4.0,12.0,digital wallet,Takeaway,2023-11-11
6,1.0,4.0,4.0,digital wallet,In-store,2023-04-12
6,1.0,4.0,4.0,credit card,In-store,2023-01-14
3,5.0,5.0,25.0,unknown,In-store,2023-06-30
9,1.0,1.5,1.5,digital wallet,Takeaway,2023-01-12
4,4.0,2.949984155487483,16.0,credit card,Unknown,2023-10-07
6,2.0,4.0,8.0,unknown,Takeaway,2023-08-22
0,2.0,2.949984155487483,4.0,cash,Takeaway,2023-08-10
9,3.0,1.5,4.5,unknown,In-store,2023-04-15
0,5.0,2.0,10.0,unknown,In-store,2023-02-06
8,2.0,3.0,6.0,credit card,Takeaway,2023-10-10
5,5.0,4.0,20.0,digital wallet,Unknown,2023-02-14
4,4.0,4.0,16.0,unknown,ERROR,2023-09-04
0,5.0,2.0,10.0,unknown,In-store,2023-06-20
2,2.0,1.0,2.0,cash,In-store,2023-10-30
6,4.0,4.0,16.0,unknown,Takeaway,2023-07-07
0,2.0,2.0,4.0,credit card,In-store,2023-10-21
6,3.0,4.0,12.0,unknown,Unknown,2023-10-03
9,2.0,1.5,3.0,credit card,In-store,2023-05-05
1,3.028463396702027,3.0,6.0,cash,In-store,2023-09-21
1,5.0,3.0,15.0,digital wallet,In-store,2023-09-15
9,3.0,2.949984155487483,4.5,cash,In-store,2023-10-08
6,3.0,4.0,12.0,unknown,Takeaway,2023-10-31
0,1.0,2.0,2.0,cash,In-store,2023-07-16
8,4.0,3.0,12.0,credit card,In-store,2023-08-11
6,4.0,4.0,16.0,digital wallet,In-store,2023-06-14
8,2.0,3.0,6.0,cash,Takeaway,2023-02-26
8,2.0,3.0,6.0,cash,In-store,2023-11-26
4,3.0,4.0,12.0,unknown,Unknown,2023-08-30
2,2.0,1.0,2.0,digital wallet,In-store,2023-06-26
1,3.0,3.0,8.924352495262161,cash,Takeaway,2023-10-13
4,5.0,4.0,20.0,cash,Takeaway,2023-05-14
8,3.0,3.0,9.0,unknown,Takeaway,2023-08-16
2,4.0,2.949984155487483,4.0,unknown,Unknown,2023-06-19
0,3.0,2.0,6.0,digital wallet,Unknown,2023-05-28
4,2.0,4.0,8.0,credit card,Unknown,2023-01-08
3,1.0,5.0,5.0,error,Takeaway,2023-06-18
9,1.0,1.5,1.5,unknown,Takeaway,2023-02-15
4,4.0,4.0,16.0,digital wallet,Unknown,2023-11-10
0,1.0,2.0,2.0,credit card,Unknown,2023-04-15
8,3.0,2.949984155487483,9.0,credit card,In-store,2023-07-26
3,1.0,5.0,5.0,credit card,Unknown,2023-03-16
-1,1.0,1.0,1.0,digital wallet,Takeaway,2023-03-18
6,1.0,4.0,8.924352495262161,digital wallet,Takeaway,2023-09-23
1,2.0,3.0,6.0,digital wallet,Takeaway,2023-08-02
9,2.0,1.5,3.0,cash,In-store,2023-09-02
9,1.0,1.5,1.5,credit card,In-store,2023-08-18
6,3.028463396702027,4.0,8.924352495262161,cash,In-store,2023-05-25
3,3.0,5.0,15.0,digital wallet,Unknown,2023-05-09
6,5.0,4.0,20.0,digital wallet,Takeaway,2023-03-23
0,1.0,2.0,2.0,unknown,Takeaway,2023-03-03
9,3.028463396702027,1.5,1.5,digital wallet,Takeaway,2023-01-08
8,4.0,3.0,12.0,unknown,Takeaway,2023-06-03
-1,1.0,1.0,1.0,digital wallet,In-store,2023-12-10
3,1.0,5.0,5.0,cash,Unknown,2023-04-15
0,4.0,2.0,8.0,credit card,In-store,2023-02-21
9,5.0,1.5,7.5,credit card,In-store,2023-02-06
2,3.0,1.0,3.0,cash,Takeaway,2023-10-02
0,3.0,2.0,8.924352495262161,unknown,Unknown,2023-08-15
6,1.0,4.0,4.0,cash,Takeaway,2023-05-03
2,4.0,1.0,4.0,credit card,ERROR,2023-09-09
3,5.0,5.0,25.0,error,In-store,2023-03-17
-1,5.0,2.949984155487483,15.0,unknown,In-store,2023-04-24
3,1.0,5.0,5.0,digital wallet,Unknown,2023-03-27
9,1.0,1.5,1.5,error,Unknown,2023-05-10
3,4.0,5.0,20.0,credit card,Takeaway,2023-05-27
0,2.0,2.0,4.0,credit card,UNKNOWN,2023-10-01
5,5.0,2.949984155487483,15.0,cash,Takeaway,2023-03-18
8,3.028463396702027,3.0,12.0,unknown,Takeaway,2023-02-06
0,3.028463396702027,2.0,8.924352495262161,unknown,ERROR,2023-06-03
2,2.0,1.0,2.0,cash,Unknown,2023-10-28
3,2.0,5.0,10.0,digital wallet,Takeaway,2023-11-06
8,3.0,3.0,9.0,digital wallet,In-store,2023-02-06
8,5.0,3.0,15.0,digital wallet,Unknown,2023-11-15
0,1.0,2.0,2.0,cash,Unknown,2023-01-07
4,1.0,4.0,4.0,cash,In-store,2023-11-20
1,2.0,3.0,6.0,digital wallet,In-store,2023-09-25
6,3.0,4.0,12.0,cash,UNKNOWN,2023-09-03
6,3.028463396702027,4.0,8.0,digital wallet,Unknown,2023-01-10
1,4.0,3.0,12.0,digital wallet,Unknown,2023-04-05
8,1.0,3.0,3.0,credit card,In-store,2023-06-11
1,5.0,3.0,15.0,unknown,In-store,2023-06-04
8,1.0,3.0,3.0,unknown,Takeaway,2023-06-20
6,3.028463396702027,4.0,8.924352495262161,unknown,Takeaway,2023-09-11
9,3.0,1.5,4.5,unknown,In-store,2023-01-25
8,5.0,2.949984155487483,15.0,cash,Unknown,2023-12-18
0,1.0,2.0,2.0,credit card,Unknown,2023-09-09
4,5.0,4.0,20.0,digital wallet,In-store,2023-12-15
0,5.0,2.0,10.0,digital wallet,Takeaway,2023-11-23
2,1.0,1.0,1.0,credit card,In-store,2023-04-05
0,2.0,2.0,4.0,cash,Unknown,2023-02-06
6,2.0,4.0,8.0,digital wallet,Takeaway,2023-03-17
1,2.0,3.0,8.924352495262161,cash,Takeaway,2023-12-20
8,3.0,3.0,9.0,credit card,Unknown,2023-10-24
3,2.0,5.0,10.0,credit card,Unknown,2023-03-20
0,1.0,2.0,2.0,error,In-store,2023-10-25
2,5.0,1.0,5.0,cash,Takeaway,2023-04-09
9,3.0,1.5,4.5,digital wallet,Unknown,2023-06-05
3,1.0,2.949984155487483,5.0,cash,In-store,2023-08-09
6,1.0,4.0,4.0,unknown,Unknown,2023-05-15
4,4.0,4.0,16.0,cash,In-store,2023-11-27
6,3.0,2.949984155487483,8.924352495262161,cash,Takeaway,2023-05-20
9,3.028463396702027,1.5,7.5,unknown,Takeaway,2023-02-10
6,3.0,4.0,12.0,digital wallet,Takeaway,2023-09-16
4,2.0,4.0,8.0,digital wallet,Takeaway,2023-01-16
2,2.0,1.0,2.0,unknown,Unknown,2023-05-05
6,3.028463396702027,4.0,20.0,digital wallet,In-store,2023-12-15
6,2.0,4.0,8.0,error,In-store,2023-05-13
1,5.0,3.0,15.0,digital wallet,Unknown,2023-07-21
4,1.0,4.0,4.0,credit card,Takeaway,2023-08-20
8,5.0,3.0,15.0,unknown,Unknown,2023-01-14
8,2.0,3.0,6.0,digital wallet,Unknown,2023-07-29
8,1.0,3.0,3.0,unknown,ERROR,2023-04-20
2,2.0,1.0,2.0,unknown,Takeaway,2023-09-04
1,3.028463396702027,3.0,3.0,error,Takeaway,2023-03-13
1,5.0,3.0,15.0,cash,Unknown,2023-05-15
0,2.0,2.0,4.0,unknown,In-store,2023-11-15
3,4.0,5.0,20.0,unknown,Unknown,2023-11-29
0,4.0,2.0,8.0,credit card,In-store,2023-12-08
8,2.0,3.0,6.0,unknown,Takeaway,2023-11-24
7,1.0,4.0,4.0,credit card,Unknown,2023-04-02
5,3.028463396702027,4.0,4.0,unknown,In-store,2023-01-31
0,5.0,2.0,10.0,cash,Unknown,2023-07-30
4,4.0,4.0,16.0,unknown,Unknown,2023-07-09
8,3.0,3.0,9.0,credit card,In-store,2023-11-14
1,1.0,3.0,3.0,cash,Unknown,2023-07-21
4,5.0,4.0,8.924352495262161,cash,In-store,2023-07-28
0,4.0,2.0,8.0,cash,UNKNOWN,2023-03-13
4,3.0,4.0,12.0,credit card,Unknown,2023-09-10
3,5.0,5.0,25.0,digital wallet,In-store,2023-02-22
8,2.0,3.0,6.0,digital wallet,In-store,2023-02-16
4,5.0,4.0,20.0,unknown,Unknown,2023-10-20
7,3.0,3.0,9.0,digital wallet,In-store,2023-01-13
0,3.028463396702027,2.0,10.0,cash,Unknown,2023-07-25
9,1.0,1.5,1.5,digital wallet,In-store,2023-12-09
6,5.0,4.0,20.0,digital wallet,In-store,2023-01-24
3,3.0,5.0,15.0,credit card,Unknown,2023-08-23
6,1.0,4.0,4.0,digital wallet,Unknown,2023-07-21
8,3.0,3.0,9.0,unknown,In-store,2023-07-01
4,2.0,4.0,8.0,credit card,In-store,2023-08-11
9,5.0,1.5,7.5,cash,Unknown,2023-08-31
3,2.0,5.0,10.0,digital wallet,Unknown,2023-12-27
8,1.0,3.0,3.0,credit card,Takeaway,2023-09-10
1,3.0,3.0,9.0,unknown,Unknown,2023-12-16
4,3.0,4.0,12.0,unknown,In-store,2023-06-16
3,4.0,5.0,20.0,unknown,Unknown,2023-07-12
5,2.0,3.0,6.0,digital wallet,Unknown,2023-08-25
3,2.0,5.0,10.0,unknown,Takeaway,2023-07-02
7,3.0,1.0,3.0,cash,Takeaway,2023-02-20
1,4.0,3.0,12.0,unknown,Takeaway,2023-01-28
4,3.0,4.0,12.0,credit card,Unknown,2023-05-17
5,3.0,1.5,4.5,digital wallet,In-store,2023-02-04
3,3.0,5.0,15.0,unknown,Unknown,2023-01-16
0,5.0,2.0,10.0,credit card,Takeaway,2023-02-06
4,1.0,4.0,4.0,digital wallet,Unknown,2023-10-02
3,3.0,5.0,15.0,unknown,In-store,2023-10-09
0,4.0,2.0,8.0,digital wallet,In-store,2023-04-23
1,5.0,3.0,15.0,unknown,Takeaway,2023-05-27
-1,4.0,4.0,16.0,unknown,Takeaway,2023-06-28
1,2.0,3.0,6.0,cash,Unknown,2023-03-14
8,3.0,3.0,9.0,digital wallet,Takeaway,2023-08-07
2,2.0,1.0,2.0,credit card,Takeaway,2023-07-09
3,3.0,5.0,15.0,credit card,Unknown,2023-11-01
9,3.0,1.5,4.5,digital wallet,In-store,2023-02-13
1,3.0,3.0,9.0,credit card,In-store,2023-06-22
0,3.0,2.0,6.0,digital wallet,Unknown,2023-05-08
2,4.0,1.0,4.0,cash,Unknown,2023-07-04
3,5.0,5.0,25.0,credit card,Unknown,2023-06-14
9,1.0,1.5,1.5,digital wallet,Unknown,2023-01-14
1,4.0,3.0,12.0,digital wallet,Takeaway,2023-11-04
1,1.0,2.949984155487483,3.0,digital wallet,ERROR,2023-05-15
9,4.0,2.949984155487483,6.0,unknown,In-store,2023-10-23
5,3.0,4.0,12.0,digital wallet,Takeaway,2023-02-27
0,1.0,2.949984155487483,2.0,digital wallet,Takeaway,2023-03-26
2,4.0,1.0,4.0,unknown,In-store,2023-07-26
0,5.0,2.0,10.0,cash,In-store,2023-07-30
4,3.0,4.0,12.0,unknown,UNKNOWN,2023-05-25
6,5.0,4.0,20.0,unknown,ERROR,2023-06-10
8,3.028463396702027,3.0,8.924352495262161,digital wallet,Takeaway,2023-04-08
0,5.0,2.0,10.0,credit card,Takeaway,2023-02-06
2,1.0,1.0,1.0,unknown,Takeaway,2023-06-02
8,4.0,3.0,12.0,cash,In-store,2023-01-24
9,5.0,1.5,7.5,credit card,In-store,2023-05-13
3,5.0,5.0,25.0,digital wallet,In-store,2023-02-06
1,5.0,3.0,15.0,digital wallet,Unknown,2023-10-03
6,4.0,4.0,8.924352495262161,unknown,Unknown,2023-01-19
6,3.0,4.0,12.0,cash,Takeaway,2023-01-12
1,2.0,3.0,6.0,digital wallet,Takeaway,2023-10-03
9,2.0,1.5,3.0,unknown,Unknown,2023-06-03
0,3.0,2.0,6.0,unknown,Unknown,2023-08-02
0,2.0,2.0,4.0,digital wallet,Takeaway,2023-05-04
1,2.0,3.0,8.924352495262161,unknown,Unknown,2023-03-01
4,2.0,4.0,8.0,cash,In-store,2023-12-11
2,3.0,1.0,3.0,cash,In-store,2023-03-29
3,4.0,5.0,20.0,cash,Takeaway,2023-12-13
8,2.0,3.0,6.0,unknown,Unknown,2023-01-21
4,4.0,4.0,16.0,cash,Unknown,2023-02-09
2,4.0,1.0,4.0,unknown,Unknown,2023-04-09
9,4.0,1.5,6.0,cash,In-store,2023-01-28
0,5.0,2.0,10.0,credit card,Unknown,2023-06-14
3,1.0,5.0,5.0,digital wallet,UNKNOWN,2023-02-21
2,5.0,1.0,8.924352495262161,digital wallet,Unknown,2023-07-11
1,1.0,3.0,3.0,unknown,Takeaway,2023-06-02
3,5.0,5.0,25.0,credit card,In-store,2023-07-20
4,2.0,4.0,8.0,digital wallet,ERROR,2023-03-18
6,2.0,4.0,8.0,unknown,In-store,2023-03-07
9,3.0,1.5,4.5,cash,In-store,2023-06-13
4,4.0,4.0,16.0,unknown,Unknown,2023-05-31
4,3.0,4.0,12.0,cash,Unknown,2023-06-05
3,3.0,5.0,15.0,unknown,Unknown,2023-02-05
1,3.0,3.0,9.0,cash,Unknown,2023-11-03
9,3.0,1.5,4.5,credit card,Takeaway,2023-02-06
6,2.0,4.0,8.0,cash,Takeaway,2023-09-07
9,5.0,1.5,7.5,credit card,Takeaway,2023-04-23
6,2.0,4.0,8.0,credit card,Unknown,2023-06-13
8,3.028463396702027,3.0,3.0,unknown,Unknown,2023-04-16
2,3.0,1.0,3.0,cash,Takeaway,2023-01-09
2,1.0,1.0,1.0,credit card,In-store,2023-07-12
0,5.0,2.0,10.0,cash,Takeaway,2023-10-08
9,5.0,1.5,7.5,digital wallet,In-store,2023-10-11
2,1.0,1.0,1.0,cash,Unknown,2023-02-25
1,2.0,3.0,6.0,unknown,Takeaway,2023-02-06
3,5.0,5.0,25.0,credit card,Takeaway,2023-04-15
2,5.0,1.0,8.924352495262161,unknown,Takeaway,2023-11-15
2,1.0,1.0,1.0,unknown,Takeaway,2023-06-15
2,1.0,1.0,1.0,unknown,Unknown,2023-08-04
3,3.028463396702027,5.0,5.0,digital wallet,Takeaway,2023-01-12
8,1.0,3.0,3.0,cash,In-store,2023-05-26
1,5.0,3.0,15.0,cash,Takeaway,2023-01-17
9,1.0,2.949984155487483,1.5,cash,Takeaway,2023-07-20
4,5.0,4.0,20.0,credit card,Unknown,2023-02-16
2,2.0,2.949984155487483,2.0,unknown,Unknown,2023-02-08
1,4.0,3.0,12.0,unknown,UNKNOWN,2023-02-20
3,3.0,5.0,15.0,unknown,Unknown,2023-02-06
3,1.0,5.0,5.0,unknown,Unknown,2023-08-18
9,5.0,1.5,7.5,digital wallet,In-store,2023-11-27
0,4.0,2.0,8.0,digital wallet,In-store,2023-12-16
1,5.0,3.0,15.0,unknown,In-store,2023-06-15
7,2.0,5.0,10.0,digital wallet,In-store,2023-11-13
3,4.0,5.0,20.0,cash,Takeaway,2023-06-06
6,3.028463396702027,4.0,20.0,credit card,In-store,2023-12-30
9,5.0,1.5,7.5,cash,In-store,2023-05-14
9,4.0,1.5,6.0,cash,Takeaway,2023-11-18
8,4.0,3.0,12.0,digital wallet,In-store,2023-12-27
8,1.0,3.0,3.0,digital wallet,Takeaway,2023-05-20
6,5.0,4.0,20.0,unknown,In-store,2023-09-23
3,4.0,5.0,20.0,cash,ERROR,2023-11-16
4,3.0,4.0,12.0,credit card,ERROR,2023-07-03
3,1.0,5.0,5.0,unknown,Unknown,2023-08-25
2,1.0,1.0,1.0,digital wallet,In-store,2023-01-07
6,4.0,4.0,16.0,cash,In-store,2023-11-09
2,3.028463396702027,1.0,3.0,credit card,In-store,2023-01-15
3,2.0,5.0,10.0,cash,In-store,2023-04-10
5,1.0,5.0,5.0,cash,In-store,2023-06-15
1,2.0,3.0,6.0,cash,Unknown,2023-08-04
7,3.0,3.0,9.0,credit card,Unknown,2023-12-05
0,1.0,2.0,2.0,unknown,Unknown,2023-08-05
8,1.0,3.0,3.0,digital wallet,Unknown,2023-06-07
5,2.0,3.0,6.0,unknown,Takeaway,2023-01-08
2,3.0,1.0,3.0,unknown,Takeaway,2023-12-31
-1,1.0,5.0,5.0,credit card,Takeaway,2023-09-24
4,3.0,4.0,12.0,cash,Takeaway,2023-07-19
0,1.0,2.0,2.0,digital wallet,Takeaway,2023-12-02
9,1.0,1.5,1.5,credit card,Takeaway,2023-01-11
2,1.0,1.0,1.0,digital wallet,ERROR,2023-05-01
1,4.0,3.0,12.0,cash,In-store,2023-09-21
6,3.0,4.0,12.0,digital wallet,Unknown,2023-02-10
8,5.0,3.0,15.0,credit card,Unknown,2023-03-27
-1,3.0,2.0,8.924352495262161,cash,Takeaway,2023-01-27
1,2.0,3.0,6.0,unknown,Unknown,2023-09-02
1,2.0,3.0,6.0,credit card,Takeaway,2023-01-11
0,5.0,2.949984155487483,10.0,cash,Unknown,2023-10-04
3,3.0,5.0,15.0,cash,In-store,2023-09-08
1,3.028463396702027,2.949984155487483,3.0,credit card,Takeaway,2023-01-09
2,3.0,1.0,3.0,unknown,Takeaway,2023-07-24
-1,3.0,4.0,12.0,credit card,Unknown,2023-09-19
2,2.0,1.0,2.0,digital wallet,Unknown,2023-05-26
3,2.0,5.0,10.0,error,Unknown,2023-04-14
0,4.0,2.0,8.0,credit card,Takeaway,2023-05-19
0,4.0,2.0,8.0,digital wallet,Unknown,2023-09-23
8,5.0,2.949984155487483,15.0,cash,Takeaway,2023-03-31
3,1.0,5.0,8.924352495262161,unknown,In-store,2023-09-07
5,3.0,1.0,3.0,cash,Unknown,2023-09-01
4,5.0,4.0,20.0,cash,UNKNOWN,2023-12-07
9,4.0,1.5,6.0,credit card,In-store,2023-03-27
8,3.0,2.949984155487483,9.0,error,Takeaway,2023-04-16
3,4.0,5.0,20.0,cash,Takeaway,2023-09-05
6,3.0,4.0,12.0,credit card,Unknown,2023-12-05
6,4.0,4.0,16.0,cash,Unknown,2023-12-18
4,4.0,4.0,16.0,unknown,Takeaway,2023-05-14
2,5.0,1.0,8.924352495262161,cash,In-store,2023-06-23
8,5.0,3.0,15.0,cash,Takeaway,2023-10-01
0,3.0,2.0,6.0,credit card,Takeaway,2023-02-18
8,3.028463396702027,3.0,3.0,unknown,Unknown,2023-09-30
4,5.0,4.0,20.0,credit card,Unknown,2023-08-29
6,2.0,4.0,8.0,unknown,In-store,2023-12-19
4,4.0,4.0,16.0,cash,Takeaway,2023-11-20
4,5.0,4.0,20.0,unknown,Takeaway,2023-01-30
3,2.0,5.0,10.0,cash,Unknown,2023-02-24
0,2.0,2.0,4.0,cash,Takeaway,2023-02-03
5,3.0,5.0,15.0,digital wallet,ERROR,2023-09-05
1,1.0,3.0,3.0,digital wallet,Takeaway,2023-07-13
7,3.0,4.0,12.0,digital wallet,In-store,2023-12-03
4,3.0,4.0,12.0,digital wallet,In-store,2023-05-02
6,3.0,4.0,12.0,digital wallet,Unknown,2023-10-03
8,5.0,3.0,15.0,digital wallet,In-store,2023-12-04
8,3.0,3.0,9.0,cash,Unknown,2023-07-03
-1,1.0,2.0,2.0,credit card,Takeaway,2023-08-03
4,2.0,4.0,8.0,credit card,In-store,2023-09-10
9,2.0,1.5,3.0,cash,ERROR,2023-08-13
7,3.0,1.5,4.5,unknown,Takeaway,2023-02-02
3,2.0,5.0,10.0,credit card,Unknown,2023-01-21
9,1.0,1.5,1.5,digital wallet,In-store,2023-08-09
5,3.0,3.0,9.0,unknown,Unknown,2023-03-28
8,4.0,3.0,12.0,digital wallet,Takeaway,2023-09-07
0,5.0,2.0,10.0,cash,Unknown,2023-11-16
0,1.0,2.0,2.0,unknown,Takeaway,2023-03-27
4,5.0,4.0,20.0,unknown,Takeaway,2023-10-06
2,4.0,1.0,4.0,credit card,Unknown,2023-11-11
8,1.0,2.949984155487483,3.0,unknown,Unknown,2023-10-20
3,1.0,5.0,5.0,cash,Takeaway,2023-01-25
6,5.0,4.0,20.0,unknown,Unknown,2023-02-15
4,5.0,4.0,20.0,credit card,Unknown,2023-03-31
1,3.0,3.0,9.0,digital wallet,UNKNOWN,2023-03-09
9,1.0,1.5,1.5,unknown,Unknown,2023-01-02
1,1.0,3.0,3.0,digital wallet,In-store,2023-02-09
6,1.0,4.0,4.0,unknown,Takeaway,2023-01-13
1,3.0,3.0,9.0,cash,Takeaway,2023-04-06
4,3.0,4.0,12.0,cash,Unknown,2023-02-16
2,5.0,1.0,5.0,cash,Takeaway,2023-01-17
2,1.0,1.0,1.0,unknown,In-store,2023-02-11
9,5.0,1.5,7.5,digital wallet,In-store,2023-08-17
6,1.0,4.0,4.0,unknown,In-store,2023-10-25
4,4.0,4.0,16.0,error,Unknown,2023-03-12
8,1.0,3.0,3.0,unknown,In-store,2023-07-24
7,5.0,3.0,15.0,cash,Takeaway,2023-01-06
2,3.028463396702027,1.0,8.924352495262161,credit card,In-store,2023-08-04
7,3.0,4.0,12.0,credit card,Unknown,2023-09-21
8,2.0,3.0,6.0,cash,Unknown,2023-12-07
0,1.0,2.0,2.0,digital wallet,In-store,2023-11-15
5,4.0,4.0,16.0,cash,Takeaway,2023-06-01
8,2.0,3.0,6.0,unknown,Unknown,2023-12-25
4,2.0,4.0,8.0,cash,In-store,2023-02-06
2,1.0,1.0,1.0,credit card,In-store,2023-09-16
0,1.0,2.0,2.0,digital wallet,In-store,2023-02-06
4,5.0,2.949984155487483,20.0,digital wallet,Takeaway,2023-10-10
6,2.0,4.0,8.0,unknown,Takeaway,2023-02-11
9,1.0,1.5,1.5,cash,In-store,2023-01-22
3,3.0,5.0,15.0,cash,Takeaway,2023-10-04
5,5.0,5.0,25.0,digital wallet,In-store,2023-10-14
8,3.0,3.0,9.0,credit card,Unknown,2023-05-13
5,1.0,2.0,2.0,unknown,Takeaway,2023-12-13
4,5.0,4.0,20.0,cash,Unknown,2023-08-24
3,3.0,5.0,15.0,unknown,Takeaway,2023-05-26
3,2.0,2.949984155487483,10.0,credit card,Takeaway,2023-10-08
6,2.0,4.0,8.0,digital wallet,In-store,2023-10-23
3,3.028463396702027,5.0,20.0,unknown,Takeaway,2023-01-25
0,5.0,2.0,10.0,credit card,Unknown,2023-02-13
4,4.0,4.0,16.0,digital wallet,Unknown,2023-07-24
6,1.0,4.0,4.0,cash,In-store,2023-06-01
0,3.0,2.0,6.0,digital wallet,UNKNOWN,2023-11-08
1,3.028463396702027,3.0,9.0,cash,Takeaway,2023-01-29
2,1.0,1.0,1.0,cash,Unknown,2023-09-17
0,5.0,2.0,10.0,credit card,Takeaway,2023-06-24
3,4.0,5.0,20.0,cash,ERROR,2023-05-16
-1,1.0,4.0,4.0,unknown,In-store,2023-12-01
6,2.0,4.0,8.0,unknown,Unknown,2023-08-23
9,5.0,1.5,7.5,credit card,Takeaway,2023-02-10
0,1.0,2.0,2.0,digital wallet,Unknown,2023-06-05
0,4.0,2.0,8.0,digital wallet,Unknown,2023-07-02
0,1.0,2.0,2.0,cash,Unknown,2023-07-15
1,4.0,3.0,12.0,cash,In-store,2023-11-29
9,5.0,1.5,7.5,cash,Unknown,2023-10-21
9,1.0,1.5,1.5,unknown,Unknown,2023-07-31
6,1.0,4.0,4.0,credit card,UNKNOWN,2023-11-26
1,2.0,3.0,6.0,unknown,Takeaway,2023-10-23
4,3.0,4.0,8.924352495262161,cash,Unknown,2023-05-14
4,2.0,4.0,8.0,credit card,Unknown,2023-03-23
8,4.0,3.0,8.924352495262161,digital wallet,In-store,2023-05-16
0,1.0,2.0,2.0,digital wallet,In-store,2023-06-04
8,3.0,3.0,9.0,credit card,Takeaway,2023-02-06
0,5.0,2.0,10.0,credit card,In-store,2023-11-18
-1,2.0,4.0,8.0,credit card,In-store,2023-01-16
2,5.0,1.0,5.0,credit card,Unknown,2023-01-14
3,4.0,5.0,20.0,digital wallet,Takeaway,2023-04-01
9,1.0,1.5,1.5,credit card,In-store,2023-08-02
0,4.0,2.0,8.0,unknown,Unknown,2023-08-19
2,4.0,1.0,4.0,digital wallet,Takeaway,2023-02-06
0,4.0,2.0,8.0,cash,Unknown,2023-01-14
3,3.0,5.0,15.0,cash,Unknown,2023-09-12
8,3.028463396702027,3.0,15.0,digital wallet,In-store,2023-10-28
7,5.0,4.0,20.0,digital wallet,Unknown,2023-02-06
5,1.0,4.0,4.0,unknown,Unknown,2023-02-06
8,2.0,3.0,6.0,credit card,In-store,2023-05-25
0,1.0,2.0,2.0,unknown,In-store,2023-02-24
1,2.0,3.0,8.924352495262161,unknown,Takeaway,2023-02-06
3,3.028463396702027,5.0,5.0,unknown,ERROR,2023-02-05
-1,5.0,3.0,15.0,digital wallet,In-store,2023-06-11
7,1.0,3.0,3.0,credit card,Unknown,2023-03-12
4,3.0,4.0,12.0,unknown,In-store,2023-01-29
3,1.0,5.0,5.0,cash,In-store,2023-11-06
4,2.0,4.0,8.0,unknown,Takeaway,2023-05-14
4,1.0,4.0,4.0,cash,Takeaway,2023-11-10
2,3.028463396702027,1.0,4.0,unknown,Takeaway,2023-07-18
8,4.0,3.0,12.0,digital wallet,In-store,2023-10-20
4,1.0,4.0,4.0,cash,In-store,2023-06-27
1,4.0,3.0,12.0,unknown,ERROR,2023-04-11
3,2.0,5.0,10.0,credit card,Takeaway,2023-02-28
4,2.0,4.0,8.0,digital wallet,Unknown,2023-04-25
1,5.0,3.0,15.0,cash,In-store,2023-02-03
6,4.0,4.0,16.0,unknown,Takeaway,2023-08-26
0,1.0,2.0,2.0,credit card,Takeaway,2023-03-10
3,5.0,5.0,25.0,unknown,In-store,2023-12-10
0,2.0,2.0,4.0,cash,Takeaway,2023-02-17
2,1.0,1.0,1.0,unknown,Takeaway,2023-11-26
8,3.0,3.0,9.0,credit card,Takeaway,2023-11-24
8,4.0,3.0,12.0,error,Unknown,2023-03-17
6,3.0,2.949984155487483,12.0,credit card,Unknown,2023-07-19
3,5.0,5.0,25.0,unknown,In-store,2023-05-12
3,4.0,5.0,20.0,unknown,Unknown,2023-07-20
2,2.0,1.0,2.0,unknown,In-store,2023-11-24
-1,4.0,2.949984155487483,16.0,unknown,Takeaway,2023-03-10
6,1.0,4.0,4.0,unknown,In-store,2023-07-05
2,2.0,1.0,2.0,unknown,Takeaway,2023-03-14
7,5.0,5.0,25.0,credit card,Takeaway,2023-08-26
0,1.0,2.0,2.0,unknown,Unknown,2023-04-16
2,2.0,1.0,2.0,digital wallet,In-store,2023-08-25
9,1.0,1.5,1.5,unknown,In-store,2023-01-02
9,1.0,1.5,1.5,credit card,Takeaway,2023-02-21
6,5.0,4.0,20.0,unknown,Unknown,2023-01-21
0,4.0,2.0,8.0,credit card,In-store,2023-03-16
5,5.0,1.5,7.5,unknown,In-store,2023-08-09
5,3.028463396702027,1.0,4.0,digital wallet,Unknown,2023-09-19
6,5.0,4.0,20.0,unknown,Unknown,2023-06-16
1,2.0,3.0,6.0,credit card,In-store,2023-11-25
3,4.0,5.0,20.0,unknown,Unknown,2023-05-07
0,2.0,2.0,4.0,cash,Takeaway,2023-09-29
3,4.0,5.0,20.0,unknown,Takeaway,2023-04-24
0,4.0,2.0,8.0,unknown,In-store,2023-07-12
9,3.0,1.5,8.924352495262161,credit card,Unknown,2023-07-26
0,1.0,2.0,8.924352495262161,digital wallet,Unknown,2023-03-01
8,4.0,3.0,12.0,digital wallet,Unknown,2023-11-07
9,5.0,2.949984155487483,7.5,digital wallet,In-store,2023-03-26
2,1.0,1.0,1.0,unknown,Unknown,2023-11-24
3,3.0,5.0,15.0,digital wallet,In-store,2023-12-04
2,1.0,1.0,1.0,digital wallet,In-store,2023-11-22
9,2.0,1.5,3.0,unknown,Unknown,2023-06-02
9,4.0,1.5,6.0,unknown,Takeaway,2023-03-18
3,1.0,5.0,5.0,digital wallet,In-store,2023-11-05
3,2.0,5.0,10.0,unknown,Takeaway,2023-09-26
0,4.0,2.0,8.0,digital wallet,In-store,2023-12-30
0,5.0,2.0,10.0,unknown,Takeaway,2023-02-07
4,3.028463396702027,4.0,16.0,credit card,ERROR,2023-08-31
2,1.0,1.0,1.0,digital wallet,Takeaway,2023-03-08
9,5.0,1.5,7.5,unknown,UNKNOWN,2023-01-02
6,1.0,4.0,4.0,unknown,Unknown,2023-04-04
6,5.0,4.0,20.0,digital wallet,In-store,2023-09-22
8,3.0,3.0,9.0,unknown,Takeaway,2023-07-21
9,4.0,1.5,6.0,digital wallet,Unknown,2023-09-06
3,2.0,5.0,10.0,credit card,In-store,2023-01-23
1,5.0,3.0,15.0,digital wallet,In-store,2023-05-27
3,4.0,5.0,20.0,digital wallet,Takeaway,2023-08-12
8,4.0,3.0,12.0,digital wallet,Takeaway,2023-10-06
9,4.0,1.5,6.0,digital wallet,In-store,2023-09-19
8,2.0,3.0,6.0,credit card,Takeaway,2023-12-05
6,3.0,4.0,12.0,unknown,In-store,2023-02-06
8,1.0,3.0,3.0,cash,In-store,2023-06-27
1,3.0,3.0,9.0,unknown,Unknown,2023-09-09
5,4.0,2.0,8.0,cash,Takeaway,2023-12-09
0,3.0,2.0,6.0,unknown,Takeaway,2023-03-16
1,4.0,2.949984155487483,12.0,cash,In-store,2023-05-24
1,1.0,3.0,3.0,cash,Unknown,2023-02-24
9,4.0,1.5,6.0,digital wallet,In-store,2023-02-06
6,1.0,4.0,4.0,unknown,In-store,2023-03-20
-1,5.0,2.0,10.0,digital wallet,In-store,2023-07-28
0,5.0,2.0,10.0,unknown,Unknown,2023-03-14
2,5.0,1.0,5.0,cash,In-store,2023-07-23
3,1.0,5.0,5.0,credit card,Unknown,2023-04-25
4,3.028463396702027,4.0,4.0,unknown,In-store,2023-04-07
0,3.028463396702027,2.0,2.0,credit card,Unknown,2023-06-24
7,1.0,2.0,2.0,unknown,Takeaway,2023-08-31
1,5.0,3.0,15.0,digital wallet,ERROR,2023-03-16
9,1.0,1.5,1.5,credit card,Takeaway,2023-04-12
9,5.0,2.949984155487483,7.5,unknown,Takeaway,2023-04-30
3,5.0,5.0,25.0,cash,Unknown,2023-10-30
0,4.0,2.0,8.0,digital wallet,Unknown,2023-10-26
3,4.0,5.0,20.0,unknown,Unknown,2023-02-24
5,4.0,3.0,12.0,cash,In-store,2023-07-08
4,2.0,4.0,8.924352495262161,unknown,Unknown,2023-02-06
0,2.0,2.0,4.0,cash,In-store,2023-01-01
8,4.0,3.0,12.0,unknown,In-store,2023-01-17
2,5.0,1.0,5.0,unknown,Unknown,2023-08-09
-1,5.0,2.0,10.0,credit card,Takeaway,2023-10-25
5,2.0,3.0,6.0,cash,In-store,2023-06-07
7,2.0,2.0,4.0,credit card,Takeaway,2023-03-31
6,4.0,4.0,16.0,credit card,Takeaway,2023-08-29
0,2.0,2.0,4.0,digital wallet,In-store,2023-05-18
-1,3.0,1.5,4.5,digital wallet,Takeaway,2023-08-25
8,4.0,3.0,12.0,digital wallet,Unknown,2023-04-30
6,3.0,4.0,12.0,cash,Unknown,2023-08-02
8,1.0,3.0,3.0,cash,Unknown,2023-08-18
4,2.0,4.0,8.0,credit card,Takeaway,2023-11-09
3,4.0,5.0,20.0,credit card,In-store,2023-07-01
6,3.028463396702027,4.0,20.0,unknown,Unknown,2023-10-01
4,3.0,4.0,12.0,digital wallet,ERROR,2023-12-22
0,5.0,2.0,10.0,credit card,In-store,2023-12-21
6,1.0,4.0,4.0,cash,Takeaway,2023-12-24
2,4.0,1.0,4.0,unknown,UNKNOWN,2023-08-24
3,4.0,5.0,20.0,cash,In-store,2023-01-22
0,4.0,2.0,8.0,unknown,Takeaway,2023-04-09
3,5.0,5.0,25.0,cash,Takeaway,2023-06-14
4,1.0,4.0,4.0,unknown,UNKNOWN,2023-03-25
5,5.0,4.0,20.0,unknown,Unknown,2023-12-04
9,4.0,1.5,6.0,unknown,In-store,2023-02-06
3,3.0,5.0,15.0,credit card,Takeaway,2023-10-22
3,3.0,5.0,15.0,cash,Unknown,2023-01-04
9,2.0,1.5,3.0,unknown,Takeaway,2023-07-15
3,2.0,5.0,10.0,credit card,In-store,2023-01-24
6,4.0,4.0,16.0,digital wallet,In-store,2023-08-07
0,1.0,2.0,2.0,digital wallet,In-store,2023-10-13
6,1.0,4.0,4.0,error,In-store,2023-07-11
9,3.0,1.5,4.5,unknown,Unknown,2023-08-11
9,5.0,1.5,7.5,digital wallet,Unknown,2023-07-20
0,5.0,2.0,10.0,unknown,Unknown,2023-02-27
6,3.0,4.0,12.0,cash,In-store,2023-04-22
9,2.0,1.5,3.0,error,Unknown,2023-10-07
4,1.0,4.0,4.0,credit card,ERROR,2023-07-17
0,3.0,2.0,6.0,digital wallet,Unknown,2023-03-28
1,2.0,3.0,6.0,cash,In-store,2023-02-06
3,3.028463396702027,5.0,5.0,cash,Unknown,2023-03-22
8,4.0,3.0,12.0,credit card,In-store,2023-04-14
4,5.0,4.0,20.0,unknown,In-store,2023-10-06
0,3.0,2.0,6.0,digital wallet,Unknown,2023-02-14
1,1.0,2.949984155487483,3.0,credit card,ERROR,2023-02-06
9,2.0,1.5,3.0,cash,ERROR,2023-08-29
1,5.0,2.949984155487483,15.0,digital wallet,In-store,2023-02-06
2,1.0,1.0,1.0,digital wallet,In-store,2023-08-07
5,1.0,4.0,4.0,unknown,In-store,2023-06-12
0,2.0,2.0,4.0,unknown,Takeaway,2023-07-26
0,1.0,2.0,2.0,unknown,Takeaway,2023-07-03
6,2.0,4.0,8.0,credit card,Unknown,2023-11-25
9,4.0,1.5,6.0,digital wallet,Unknown,2023-08-07
3,1.0,5.0,5.0,cash,In-store,2023-07-31
8,2.0,3.0,6.0,credit card,Unknown,2023-03-22
3,4.0,5.0,20.0,credit card,Unknown,2023-05-31
6,2.0,4.0,8.924352495262161,cash,In-store,2023-10-02
9,2.0,1.5,8.924352495262161,credit card,Takeaway,2023-06-25
0,5.0,2.0,10.0,unknown,UNKNOWN,2023-04-24
2,5.0,1.0,5.0,credit card,In-store,2023-07-21
2,2.0,1.0,2.0,cash,Takeaway,2023-02-25
6,3.0,4.0,12.0,credit card,In-store,2023-05-26
-1,2.0,2.0,4.0,credit card,ERROR,2023-11-17
1,3.028463396702027,3.0,6.0,unknown,Takeaway,2023-03-28
9,2.0,1.5,3.0,credit card,Takeaway,2023-04-13
3,2.0,5.0,10.0,credit card,ERROR,2023-03-30
4,1.0,2.949984155487483,4.0,unknown,Unknown,2023-09-01
3,3.0,5.0,15.0,credit card,Unknown,2023-08-04
6,2.0,4.0,8.0,credit card,Unknown,2023-09-04
4,5.0,4.0,20.0,credit card,In-store,2023-04-14
6,3.0,4.0,12.0,unknown,Unknown,2023-06-01
3,1.0,5.0,8.924352495262161,credit card,In-store,2023-04-10
8,4.0,3.0,12.0,unknown,UNKNOWN,2023-08-17
8,1.0,3.0,3.0,cash,Takeaway,2023-08-17
-1,4.0,2.949984155487483,12.0,credit card,Takeaway,2023-11-23
0,1.0,2.0,2.0,digital wallet,Takeaway,2023-10-16
0,1.0,2.0,2.0,credit card,Unknown,2023-11-29
6,3.0,4.0,12.0,digital wallet,Takeaway,2023-11-28
2,5.0,2.949984155487483,5.0,unknown,Unknown,2023-08-02
2,4.0,1.0,4.0,digital wallet,In-store,2023-02-12
3,5.0,5.0,25.0,credit card,Takeaway,2023-07-13
8,3.028463396702027,3.0,15.0,unknown,In-store,2023-05-21
-1,4.0,2.0,8.0,cash,In-store,2023-09-21
9,2.0,1.5,3.0,unknown,Takeaway,2023-01-05
3,1.0,5.0,8.924352495262161,digital wallet,Takeaway,2023-05-20
9,3.0,2.949984155487483,4.5,error,Unknown,2023-01-23
2,3.0,1.0,3.0,cash,Unknown,2023-05-26
1,5.0,3.0,15.0,cash,Unknown,2023-02-09
1,3.028463396702027,3.0,9.0,digital wallet,Unknown,2023-06-28
9,2.0,1.5,3.0,unknown,UNKNOWN,2023-07-24
9,3.028463396702027,2.949984155487483,7.5,credit card,Unknown,2023-02-27
0,5.0,2.0,10.0,digital wallet,In-store,2023-06-24
3,1.0,5.0,5.0,credit card,Unknown,2023-06-23
8,4.0,3.0,12.0,digital wallet,Takeaway,2023-02-27
9,3.0,1.5,4.5,credit card,Takeaway,2023-05-21
1,2.0,3.0,6.0,credit card,Unknown,2023-05-27
1,2.0,3.0,6.0,digital wallet,Takeaway,2023-02-19
3,2.0,5.0,10.0,unknown,Takeaway,2023-03-24
8,3.0,3.0,9.0,credit card,Takeaway,2023-08-14
2,3.0,1.0,3.0,cash,In-store,2023-01-19
0,5.0,2.949984155487483,10.0,credit card,In-store,2023-02-06
-1,4.0,2.0,8.0,unknown,In-store,2023-06-15
8,2.0,3.0,6.0,cash,In-store,2023-03-09
6,5.0,4.0,20.0,credit card,Unknown,2023-03-21
6,2.0,4.0,8.924352495262161,unknown,In-store,2023-02-06
4,3.0,4.0,12.0,digital wallet,Takeaway,2023-09-21
3,1.0,5.0,5.0,digital wallet,In-store,2023-04-16
1,1.0,3.0,3.0,unknown,Unknown,2023-02-01
-1,3.0,3.0,9.0,credit card,Unknown,2023-12-30
2,3.0,1.0,3.0,credit card,In-store,2023-08-27
1,3.0,3.0,9.0,cash,Takeaway,2023-11-06
6,5.0,4.0,20.0,credit card,Unknown,2023-05-18
0,1.0,2.0,2.0,cash,Unknown,2023-06-13
2,2.0,1.0,2.0,digital wallet,In-store,2023-04-22
1,2.0,3.0,6.0,digital wallet,Unknown,2023-01-31
4,1.0,4.0,4.0,digital wallet,ERROR,2023-07-25
2,4.0,1.0,4.0,unknown,Takeaway,2023-06-09
1,4.0,3.0,12.0,unknown,Takeaway,2023-05-11
-1,2.0,2.0,4.0,unknown,Takeaway,2023-11-28
2,4.0,2.949984155487483,4.0,unknown,Takeaway,2023-11-22
7,5.0,4.0,20.0,digital wallet,Takeaway,2023-08-09
6,3.0,4.0,12.0,cash,In-store,2023-02-13
1,3.0,3.0,9.0,unknown,In-store,2023-12-13
2,2.0,1.0,2.0,cash,Unknown,2023-11-10
3,1.0,5.0,5.0,unknown,Takeaway,2023-09-21
4,1.0,4.0,4.0,unknown,In-store,2023-12-29
-1,3.028463396702027,4.0,12.0,unknown,Takeaway,2023-04-19
2,1.0,1.0,8.924352495262161,digital wallet,Takeaway,2023-07-26
4,1.0,4.0,4.0,digital wallet,Takeaway,2023-05-17
-1,5.0,4.0,20.0,unknown,Unknown,2023-06-23
1,3.0,3.0,9.0,cash,Takeaway,2023-10-26
3,3.0,5.0,15.0,credit card,Unknown,2023-03-26
9,2.0,1.5,3.0,cash,Unknown,2023-03-17
4,5.0,2.949984155487483,20.0,unknown,Unknown,2023-11-18
6,1.0,4.0,4.0,cash,Unknown,2023-07-23
1,2.0,3.0,6.0,credit card,UNKNOWN,2023-12-05
3,5.0,5.0,25.0,unknown,Takeaway,2023-05-18
8,1.0,3.0,3.0,digital wallet,Takeaway,2023-10-17
1,3.0,3.0,9.0,digital wallet,Unknown,2023-04-05
-1,3.0,1.5,4.5,error,Takeaway,2023-10-25
0,4.0,2.949984155487483,8.0,cash,In-store,2023-10-30
1,3.0,3.0,9.0,credit card,UNKNOWN,2023-08-09
9,3.0,1.5,4.5,credit card,Unknown,2023-10-17
9,2.0,1.5,3.0,credit card,Unknown,2023-04-14
6,3.028463396702027,4.0,4.0,credit card,Takeaway,2023-12-28
4,2.0,2.949984155487483,8.0,digital wallet,In-store,2023-10-07
4,2.0,4.0,8.0,unknown,Takeaway,2023-09-26
8,2.0,3.0,6.0,unknown,Unknown,2023-05-06
0,5.0,2.0,10.0,cash,Takeaway,2023-01-23
0,2.0,2.0,4.0,credit card,Unknown,2023-05-06
1,5.0,3.0,15.0,cash,In-store,2023-12-18
9,4.0,1.5,6.0,credit card,Unknown,2023-12-01
1,5.0,3.0,8.924352495262161,credit card,Takeaway,2023-01-03
1,2.0,3.0,6.0,cash,Takeaway,2023-09-26
9,4.0,1.5,6.0,digital wallet,Takeaway,2023-09-30
8,1.0,3.0,3.0,credit card,In-store,2023-06-25
4,5.0,4.0,20.0,unknown,Takeaway,2023-12-24
4,4.0,4.0,16.0,unknown,Takeaway,2023-07-28
2,1.0,1.0,1.0,credit card,In-store,2023-05-05
1,3.0,3.0,9.0,unknown,Takeaway,2023-02-16
2,4.0,1.0,4.0,cash,Unknown,2023-02-06
3,2.0,2.949984155487483,10.0,cash,In-store,2023-03-25
8,2.0,3.0,6.0,digital wallet,Unknown,2023-05-14
6,3.0,4.0,12.0,credit card,Unknown,2023-04-17
9,4.0,1.5,6.0,unknown,In-store,2023-08-08
3,2.0,5.0,10.0,unknown,Unknown,2023-05-16
4,3.028463396702027,4.0,4.0,digital wallet,In-store,2023-05-15
8,1.0,3.0,3.0,cash,Unknown,2023-02-01
8,2.0,3.0,6.0,credit card,Unknown,2023-07-03
1,2.0,3.0,6.0,unknown,ERROR,2023-05-15
9,3.0,1.5,4.5,cash,In-store,2023-03-07
0,5.0,2.0,8.924352495262161,credit card,Unknown,2023-01-31
6,2.0,4.0,8.0,unknown,In-store,2023-06-13
8,2.0,3.0,8.924352495262161,cash,Takeaway,2023-04-09
4,3.0,4.0,12.0,error,Unknown,2023-09-07
9,3.0,1.5,4.5,digital wallet,Takeaway,2023-04-05
0,5.0,2.0,10.0,digital wallet,In-store,2023-02-09
3,5.0,5.0,25.0,cash,In-store,2023-07-31
4,2.0,4.0,8.0,digital wallet,In-store,2023-01-01
5,1.0,3.0,3.0,cash,Unknown,2023-11-09
9,3.0,1.5,4.5,unknown,Unknown,2023-03-28
5,2.0,5.0,10.0,digital wallet,In-store,2023-05-22
8,4.0,3.0,12.0,cash,Unknown,2023-03-23
4,3.0,4.0,12.0,cash,Unknown,2023-05-01
7,2.0,1.0,2.0,digital wallet,Unknown,2023-04-10
9,4.0,1.5,6.0,digital wallet,Takeaway,2023-10-13
0,5.0,2.0,10.0,cash,Unknown,2023-02-06
4,5.0,4.0,20.0,unknown,Takeaway,2023-08-01
0,3.0,2.0,6.0,unknown,Unknown,2023-10-21
3,5.0,5.0,25.0,digital wallet,In-store,2023-04-21
3,2.0,5.0,10.0,error,In-store,2023-01-05
8,3.0,3.0,9.0,unknown,Takeaway,2023-02-06
6,4.0,4.0,8.924352495262161,cash,Unknown,2023-03-16
3,5.0,5.0,25.0,unknown,Unknown,2023-11-28
9,5.0,1.5,7.5,unknown,Unknown,2023-04-02
1,2.0,3.0,8.924352495262161,cash,Unknown,2023-07-21
1,2.0,3.0,6.0,unknown,In-store,2023-09-05
9,1.0,1.5,1.5,digital wallet,In-store,2023-05-28
0,2.0,2.0,4.0,unknown,In-store,2023-03-22
9,4.0,1.5,6.0,digital wallet,ERROR,2023-10-31
9,5.0,1.5,7.5,credit card,Unknown,2023-03-18
1,3.0,3.0,9.0,credit card,Unknown,2023-03-18
5,3.0,2.0,6.0,credit card,In-store,2023-09-02
0,2.0,2.0,4.0,credit card,Unknown,2023-02-06
5,2.0,3.0,6.0,credit card,Unknown,2023-04-12
9,3.0,1.5,4.5,digital wallet,In-store,2023-11-12
6,3.0,4.0,12.0,credit card,Unknown,2023-03-28
4,5.0,4.0,20.0,digital wallet,Unknown,2023-11-11
4,3.0,4.0,12.0,credit card,Takeaway,2023-04-05
2,2.0,1.0,2.0,digital wallet,In-store,2023-10-04
4,5.0,4.0,20.0,unknown,Takeaway,2023-08-23
6,3.0,4.0,12.0,cash,In-store,2023-11-12
6,5.0,4.0,20.0,unknown,Takeaway,2023-03-13
9,2.0,1.5,3.0,unknown,Takeaway,2023-05-09
7,2.0,3.0,6.0,unknown,Takeaway,2023-12-30
8,3.0,3.0,9.0,digital wallet,In-store,2023-10-14
0,4.0,2.0,8.0,credit card,Unknown,2023-02-10
8,4.0,3.0,12.0,credit card,In-store,2023-05-14
0,3.0,2.0,6.0,digital wallet,UNKNOWN,2023-11-29
2,3.0,1.0,3.0,unknown,In-store,2023-05-20
2,2.0,1.0,2.0,digital wallet,Takeaway,2023-02-06
3,1.0,5.0,5.0,unknown,Unknown,2023-06-28
-1,5.0,4.0,20.0,cash,Takeaway,2023-05-04
3,5.0,5.0,25.0,credit card,Unknown,2023-12-25
9,1.0,1.5,1.5,credit card,Unknown,2023-12-17
0,5.0,2.0,10.0,unknown,Unknown,2023-10-04
8,3.0,3.0,9.0,credit card,Unknown,2023-08-06
3,1.0,5.0,5.0,credit card,In-store,2023-07-08
4,5.0,4.0,20.0,digital wallet,Takeaway,2023-02-06
1,4.0,3.0,8.924352495262161,unknown,Unknown,2023-02-21
8,1.0,3.0,3.0,digital wallet,ERROR,2023-11-14
6,3.0,4.0,12.0,credit card,Unknown,2023-11-03
7,5.0,3.0,15.0,cash,In-store,2023-04-02
4,5.0,4.0,20.0,digital wallet,Takeaway,2023-10-06
2,2.0,1.0,2.0,credit card,In-store,2023-03-14
1,1.0,3.0,3.0,unknown,Unknown,2023-11-12
0,1.0,2.0,2.0,unknown,In-store,2023-06-12
6,5.0,4.0,20.0,credit card,Takeaway,2023-09-20
2,2.0,1.0,2.0,credit card,Unknown,2023-06-02
3,1.0,5.0,5.0,cash,Takeaway,2023-07-15
4,1.0,4.0,4.0,unknown,In-store,2023-08-03
2,2.0,1.0,2.0,digital wallet,Unknown,2023-07-25
1,4.0,3.0,12.0,credit card,Takeaway,2023-09-15
0,3.0,2.0,6.0,cash,Takeaway,2023-10-07
4,4.0,4.0,16.0,credit card,Unknown,2023-12-11
2,4.0,1.0,4.0,cash,Unknown,2023-06-28
7,2.0,3.0,6.0,unknown,Takeaway,2023-02-09
1,2.0,3.0,6.0,credit card,In-store,2023-07-20
0,2.0,2.0,4.0,credit card,Unknown,2023-02-18
3,3.0,5.0,15.0,unknown,Unknown,2023-02-12
9,4.0,1.5,6.0,digital wallet,Unknown,2023-10-09
3,3.0,5.0,15.0,cash,In-store,2023-07-09
2,2.0,1.0,2.0,credit card,Unknown,2023-05-13
0,2.0,2.0,4.0,credit card,In-store,2023-01-24
2,5.0,1.0,5.0,unknown,Unknown,2023-10-07
0,2.0,2.0,4.0,cash,Takeaway,2023-06-30
4,2.0,4.0,8.0,credit card,Takeaway,2023-11-26
1,4.0,3.0,12.0,digital wallet,Unknown,2023-06-20
6,1.0,4.0,4.0,unknown,Takeaway,2023-10-22
8,3.028463396702027,3.0,15.0,unknown,Unknown,2023-03-25
0,3.0,2.0,6.0,credit card,ERROR,2023-08-14
8,2.0,3.0,6.0,credit card,Takeaway,2023-12-24
6,1.0,4.0,4.0,error,In-store,2023-11-22
3,5.0,5.0,25.0,unknown,Takeaway,2023-08-04
8,4.0,3.0,8.924352495262161,cash,Unknown,2023-04-08
5,4.0,5.0,8.924352495262161,digital wallet,Unknown,2023-02-07
3,1.0,5.0,5.0,cash,Unknown,2023-02-28
1,3.0,3.0,9.0,digital wallet,ERROR,2023-01-13
-1,5.0,1.0,5.0,unknown,Unknown,2023-08-15
8,2.0,3.0,6.0,unknown,In-store,2023-10-04
2,2.0,1.0,8.924352495262161,cash,Unknown,2023-02-06
8,1.0,3.0,3.0,digital wallet,Unknown,2023-10-16
1,3.028463396702027,3.0,3.0,unknown,Takeaway,2023-01-29
6,1.0,4.0,4.0,digital wallet,Unknown,2023-11-28
4,2.0,4.0,8.0,credit card,Unknown,2023-07-24
3,4.0,5.0,20.0,cash,Unknown,2023-03-06
0,1.0,2.0,2.0,error,Unknown,2023-05-18
3,2.0,5.0,10.0,unknown,In-store,2023-12-09
-1,5.0,5.0,25.0,credit card,In-store,2023-03-23
3,4.0,5.0,20.0,credit card,Takeaway,2023-04-17
4,3.0,4.0,12.0,credit card,Unknown,2023-04-19
3,2.0,5.0,10.0,credit card,In-store,2023-08-27
2,2.0,1.0,2.0,unknown,Takeaway,2023-02-06
0,2.0,2.0,4.0,cash,In-store,2023-02-06
6,2.0,4.0,8.0,digital wallet,In-store,2023-02-04
4,5.0,4.0,20.0,credit card,Unknown,2023-10-02
2,5.0,1.0,5.0,credit card,Unknown,2023-03-07
3,5.0,5.0,25.0,unknown,ERROR,2023-07-07
1,2.0,2.949984155487483,6.0,unknown,In-store,2023-09-23
-1,2.0,2.949984155487483,8.0,credit card,ERROR,2023-05-01
1,5.0,3.0,15.0,cash,Unknown,2023-11-29
3,4.0,5.0,20.0,credit card,In-store,2023-06-30
9,2.0,1.5,3.0,digital wallet,Takeaway,2023-05-31
2,4.0,1.0,4.0,unknown,Takeaway,2023-04-29
1,3.0,3.0,8.924352495262161,digital wallet,Takeaway,2023-10-17
8,3.0,3.0,9.0,unknown,Takeaway,2023-06-28
6,4.0,4.0,16.0,digital wallet,Unknown,2023-01-27
0,1.0,2.0,2.0,digital wallet,ERROR,2023-01-04
4,2.0,4.0,8.0,cash,In-store,2023-01-13
8,1.0,3.0,3.0,unknown,In-store,2023-05-08
0,4.0,2.0,8.0,cash,Unknown,2023-09-10
1,4.0,3.0,12.0,unknown,ERROR,2023-02-11
9,5.0,1.5,7.5,unknown,In-store,2023-02-28
0,2.0,2.0,4.0,cash,Unknown,2023-10-05
5,4.0,1.5,6.0,credit card,In-store,2023-10-08
5,2.0,2.0,8.924352495262161,cash,In-store,2023-06-13
-1,1.0,4.0,4.0,credit card,Takeaway,2023-06-23
4,3.0,2.949984155487483,12.0,credit card,Takeaway,2023-10-04
9,3.0,1.5,4.5,digital wallet,Unknown,2023-01-31
1,2.0,3.0,6.0,credit card,Takeaway,2023-09-24
8,4.0,3.0,12.0,cash,In-store,2023-04-02
4,1.0,4.0,4.0,unknown,ERROR,2023-11-02
1,5.0,3.0,15.0,unknown,Unknown,2023-12-09
8,1.0,3.0,3.0,credit card,Unknown,2023-02-06
8,5.0,3.0,15.0,credit card,Unknown,2023-02-16
0,1.0,2.0,2.0,credit card,In-store,2023-09-10
9,2.0,1.5,3.0,unknown,ERROR,2023-03-12
6,4.0,4.0,16.0,cash,In-store,2023-07-27
9,4.0,1.5,6.0,credit card,Unknown,2023-11-12
4,1.0,4.0,4.0,unknown,Takeaway,2023-10-14
2,2.0,1.0,2.0,cash,Unknown,2023-12-11
6,2.0,4.0,8.0,credit card,Unknown,2023-04-09
0,4.0,2.0,8.0,unknown,Takeaway,2023-09-19
7,3.0,4.0,12.0,cash,Unknown,2023-03-23
2,3.0,1.0,8.924352495262161,digital wallet,In-store,2023-01-19
9,1.0,1.5,1.5,digital wallet,Unknown,2023-07-08
4,5.0,4.0,20.0,unknown,Unknown,2023-11-18
9,1.0,2.949984155487483,8.924352495262161,unknown,Unknown,2023-03-16
3,1.0,5.0,5.0,unknown,Unknown,2023-02-15
8,3.028463396702027,3.0,9.0,digital wallet,Takeaway,2023-10-13
2,3.0,1.0,3.0,digital wallet,In-store,2023-12-24
9,2.0,1.5,3.0,unknown,Unknown,2023-01-26
-1,3.0,4.0,12.0,digital wallet,In-store,2023-02-06
-1,2.0,4.0,8.0,digital wallet,Takeaway,2023-12-02
8,5.0,3.0,15.0,digital wallet,In-store,2023-10-28
0,5.0,2.0,10.0,credit card,UNKNOWN,2023-09-02
2,5.0,1.0,5.0,credit card,In-store,2023-08-16
8,3.0,3.0,9.0,cash,Takeaway,2023-08-27
4,3.028463396702027,4.0,20.0,unknown,Takeaway,2023-08-02
2,3.028463396702027,1.0,5.0,cash,Unknown,2023-02-06
0,3.0,2.0,6.0,credit card,Unknown,2023-12-14
7,5.0,1.0,5.0,unknown,Takeaway,2023-09-05
4,1.0,4.0,4.0,unknown,Takeaway,2023-01-05
0,1.0,2.0,2.0,credit card,In-store,2023-08-07
4,5.0,4.0,20.0,digital wallet,Takeaway,2023-01-07
6,2.0,4.0,8.0,digital wallet,In-store,2023-02-06
3,1.0,5.0,5.0,credit card,In-store,2023-02-04
4,1.0,4.0,4.0,credit card,Takeaway,2023-08-22
8,3.0,3.0,9.0,unknown,Takeaway,2023-07-02
5,3.0,2.949984155487483,12.0,digital wallet,Unknown,2023-09-07
6,1.0,4.0,4.0,unknown,In-store,2023-02-06
2,2.0,1.0,2.0,credit card,In-store,2023-11-18
0,5.0,2.0,10.0,unknown,In-store,2023-02-26
7,3.028463396702027,4.0,8.0,credit card,Unknown,2023-08-02
0,2.0,2.0,4.0,credit card,Unknown,2023-08-14
9,5.0,1.5,7.5,digital wallet,Unknown,2023-10-28
-1,4.0,2.0,8.0,unknown,Unknown,2023-04-22
9,5.0,1.5,7.5,digital wallet,Unknown,2023-08-06
4,5.0,4.0,20.0,credit card,Takeaway,2023-03-19
1,3.0,3.0,9.0,cash,Unknown,2023-12-02
4,5.0,4.0,20.0,unknown,In-store,2023-02-06
2,4.0,1.0,8.924352495262161,digital wallet,Takeaway,2023-11-11
6,3.0,4.0,12.0,credit card,Takeaway,2023-11-01
0,2.0,2.0,4.0,error,Unknown,2023-09-12
-1,3.0,1.5,4.5,cash,In-store,2023-07-10
2,3.0,1.0,3.0,cash,Unknown,2023-06-01
6,1.0,4.0,4.0,unknown,Unknown,2023-07-22
2,1.0,1.0,8.924352495262161,credit card,Unknown,2023-02-18
8,2.0,3.0,6.0,cash,In-store,2023-02-03
2,1.0,1.0,1.0,cash,In-store,2023-02-20
0,4.0,2.0,8.0,unknown,Takeaway,2023-02-06
4,2.0,4.0,8.0,digital wallet,Unknown,2023-02-06
0,3.0,2.0,6.0,credit card,Unknown,2023-03-28
4,2.0,4.0,8.0,unknown,Unknown,2023-06-17
3,3.0,5.0,15.0,unknown,Takeaway,2023-07-27
-1,5.0,4.0,20.0,credit card,In-store,2023-05-17
9,2.0,1.5,3.0,credit card,In-store,2023-11-23
4,2.0,4.0,8.0,digital wallet,In-store,2023-02-06
-1,4.0,1.5,6.0,unknown,In-store,2023-10-21
6,1.0,4.0,4.0,unknown,In-store,2023-07-12
3,1.0,5.0,8.924352495262161,credit card,Takeaway,2023-05-31
2,5.0,1.0,5.0,cash,Unknown,2023-10-12
3,4.0,5.0,20.0,cash,Takeaway,2023-06-24
2,3.0,1.0,3.0,cash,ERROR,2023-10-19
0,4.0,2.0,8.0,digital wallet,Takeaway,2023-05-05
0,4.0,2.0,8.0,digital wallet,UNKNOWN,2023-08-07
6,3.0,4.0,8.924352495262161,unknown,Takeaway,2023-06-24
8,3.0,3.0,9.0,unknown,Unknown,2023-04-04
2,5.0,1.0,5.0,credit card,Unknown,2023-04-01
3,4.0,5.0,20.0,unknown,In-store,2023-03-11
1,5.0,3.0,15.0,digital wallet,Unknown,2023-10-04
2,1.0,1.0,1.0,credit card,Takeaway,2023-03-18
6,3.0,4.0,12.0,unknown,Unknown,2023-05-26
-1,3.028463396702027,3.0,15.0,cash,ERROR,2023-02-06
9,4.0,1.5,6.0,cash,In-store,2023-03-08
6,4.0,4.0,16.0,digital wallet,In-store,2023-01-14
-1,3.0,2.0,6.0,digital wallet,In-store,2023-07-13
3,5.0,5.0,25.0,unknown,In-store,2023-07-01
8,4.0,3.0,12.0,cash,In-store,2023-07-06
-1,1.0,4.0,4.0,unknown,In-store,2023-03-08
2,1.0,1.0,1.0,unknown,Takeaway,2023-02-10
9,4.0,1.5,6.0,credit card,In-store,2023-06-09
2,1.0,1.0,1.0,digital wallet,Takeaway,2023-01-29
1,3.028463396702027,3.0,15.0,cash,In-store,2023-05-03
2,4.0,1.0,4.0,digital wallet,Takeaway,2023-10-27
9,4.0,1.5,6.0,error,Unknown,2023-07-05
3,5.0,5.0,25.0,cash,Unknown,2023-09-13
2,2.0,1.0,2.0,unknown,Unknown,2023-04-05
2,4.0,1.0,4.0,credit card,ERROR,2023-08-16
3,3.0,5.0,15.0,cash,Unknown,2023-01-16
9,3.0,2.949984155487483,4.5,cash,In-store,2023-01-15
9,4.0,1.5,6.0,digital wallet,Unknown,2023-09-04
8,1.0,3.0,3.0,error,Takeaway,2023-04-12
3,5.0,5.0,25.0,unknown,Unknown,2023-02-05
1,4.0,2.949984155487483,12.0,digital wallet,Unknown,2023-10-17
6,5.0,4.0,20.0,cash,Takeaway,2023-09-07
1,4.0,3.0,12.0,credit card,In-store,2023-10-30
3,4.0,5.0,20.0,cash,Unknown,2023-09-21
3,3.0,5.0,15.0,credit card,Takeaway,2023-08-30
0,2.0,2.0,4.0,cash,In-store,2023-11-19
3,1.0,5.0,5.0,cash,In-store,2023-12-11
4,4.0,4.0,16.0,digital wallet,In-store,2023-08-04
6,3.0,4.0,12.0,credit card,Unknown,2023-09-16
0,3.028463396702027,2.0,6.0,digital wallet,Unknown,2023-06-27
6,1.0,4.0,4.0,digital wallet,In-store,2023-04-15
2,2.0,1.0,2.0,cash,Unknown,2023-10-22
0,4.0,2.0,8.0,credit card,Unknown,2023-04-21
2,4.0,1.0,4.0,error,ERROR,2023-07-18
5,3.0,3.0,9.0,digital wallet,Unknown,2023-09-18
6,4.0,4.0,16.0,cash,Unknown,2023-02-16
5,5.0,3.0,15.0,cash,In-store,2023-04-09
2,3.028463396702027,1.0,5.0,credit card,In-store,2023-04-02
0,5.0,2.0,10.0,unknown,In-store,2023-02-06
8,5.0,3.0,15.0,digital wallet,Takeaway,2023-06-23
6,4.0,4.0,16.0,cash,Takeaway,2023-12-06
3,4.0,5.0,20.0,credit card,Unknown,2023-02-06
6,3.028463396702027,4.0,8.0,credit card,ERROR,2023-02-06
3,3.0,5.0,15.0,digital wallet,Takeaway,2023-12-20
2,2.0,1.0,2.0,credit card,Takeaway,2023-08-26
0,3.028463396702027,2.0,8.0,error,In-store,2023-10-17
8,5.0,3.0,15.0,unknown,Takeaway,2023-02-06
8,4.0,3.0,12.0,cash,Takeaway,2023-06-17
0,3.0,2.0,6.0,credit card,Unknown,2023-11-26
-1,5.0,2.0,10.0,digital wallet,Unknown,2023-03-29
1,1.0,3.0,3.0,unknown,Unknown,2023-04-12
3,2.0,5.0,10.0,cash,In-store,2023-07-04
6,3.0,4.0,12.0,digital wallet,In-store,2023-04-02
0,4.0,2.0,8.0,digital wallet,UNKNOWN,2023-01-13
0,4.0,2.0,8.0,unknown,In-store,2023-02-20
5,3.0,1.5,8.924352495262161,unknown,Unknown,2023-03-16
6,2.0,4.0,8.0,unknown,In-store,2023-04-02
9,4.0,1.5,6.0,cash,Takeaway,2023-07-18
2,5.0,1.0,5.0,digital wallet,Unknown,2023-04-02
6,2.0,4.0,8.0,cash,In-store,2023-10-12
6,2.0,4.0,8.0,unknown,In-store,2023-03-01
3,2.0,5.0,10.0,unknown,Takeaway,2023-05-15
3,3.0,5.0,15.0,unknown,In-store,2023-07-05
0,1.0,2.0,8.924352495262161,credit card,In-store,2023-07-24
1,5.0,3.0,8.924352495262161,unknown,Takeaway,2023-12-25
2,2.0,1.0,2.0,digital wallet,In-store,2023-01-05
3,4.0,5.0,20.0,credit card,Takeaway,2023-04-11
4,3.0,4.0,12.0,unknown,Unknown,2023-06-23
0,3.028463396702027,2.0,2.0,unknown,Unknown,2023-07-24
8,5.0,3.0,8.924352495262161,unknown,Unknown,2023-03-23
4,2.0,4.0,8.0,unknown,Takeaway,2023-08-26
4,5.0,4.0,20.0,credit card,Unknown,2023-12-08
2,5.0,1.0,5.0,unknown,Takeaway,2023-11-01
3,5.0,5.0,25.0,unknown,In-store,2023-08-31
2,5.0,1.0,5.0,cash,In-store,2023-03-20
8,1.0,3.0,3.0,digital wallet,Unknown,2023-05-29
8,1.0,3.0,3.0,credit card,In-store,2023-09-13
1,3.0,3.0,9.0,digital wallet,Takeaway,2023-01-01
8,4.0,3.0,12.0,digital wallet,In-store,2023-02-16
3,5.0,5.0,25.0,credit card,Unknown,2023-10-16
2,3.0,1.0,3.0,cash,In-store,2023-04-02
5,1.0,3.0,3.0,digital wallet,ERROR,2023-10-07
-1,4.0,1.5,6.0,digital wallet,Takeaway,2023-10-11
0,2.0,2.0,4.0,error,UNKNOWN,2023-11-02
6,5.0,2.949984155487483,20.0,digital wallet,Takeaway,2023-11-20
9,3.0,1.5,4.5,cash,Takeaway,2023-11-13
1,1.0,3.0,3.0,cash,Unknown,2023-06-06
-1,5.0,4.0,20.0,credit card,ERROR,2023-04-26
8,4.0,3.0,12.0,credit card,Takeaway,2023-02-20
2,3.028463396702027,1.0,3.0,digital wallet,Unknown,2023-05-29
9,3.0,1.5,4.5,credit card,Unknown,2023-11-16
0,1.0,2.0,2.0,cash,Takeaway,2023-04-07
1,4.0,3.0,12.0,cash,Unknown,2023-05-09
2,1.0,1.0,1.0,credit card,Unknown,2023-02-06
8,5.0,2.949984155487483,15.0,cash,Unknown,2023-03-31
4,1.0,4.0,4.0,cash,Unknown,2023-06-09
6,2.0,4.0,8.0,unknown,Takeaway,2023-09-30
9,3.0,1.5,4.5,digital wallet,Unknown,2023-09-23
3,2.0,5.0,10.0,digital wallet,Takeaway,2023-07-12
4,3.0,4.0,12.0,credit card,In-store,2023-05-18
2,1.0,1.0,1.0,unknown,Takeaway,2023-01-07
6,5.0,4.0,20.0,digital wallet,In-store,2023-02-06
2,4.0,2.949984155487483,4.0,digital wallet,Takeaway,2023-06-02
7,1.0,2.949984155487483,3.0,cash,Unknown,2023-02-06
6,4.0,4.0,16.0,unknown,In-store,2023-07-29
9,5.0,1.5,7.5,cash,In-store,2023-10-29
9,3.0,1.5,4.5,digital wallet,Unknown,2023-01-26
4,5.0,4.0,20.0,cash,In-store,2023-11-28
4,5.0,4.0,20.0,credit card,Unknown,2023-04-18
2,2.0,1.0,2.0,cash,In-store,2023-03-20
8,1.0,2.949984155487483,3.0,unknown,ERROR,2023-02-03
-1,4.0,5.0,20.0,cash,Takeaway,2023-04-23
8,4.0,3.0,12.0,unknown,Unknown,2023-10-08
-1,3.0,3.0,9.0,cash,Takeaway,2023-12-29
0,5.0,2.0,10.0,credit card,Unknown,2023-03-29
2,5.0,1.0,5.0,unknown,In-store,2023-12-31
3,2.0,5.0,10.0,credit card,In-store,2023-04-20
6,2.0,4.0,8.0,cash,ERROR,2023-11-20
3,3.0,5.0,15.0,cash,In-store,2023-03-04
6,5.0,4.0,20.0,digital wallet,Takeaway,2023-04-25
0,5.0,2.0,10.0,cash,In-store,2023-04-01
4,3.0,4.0,8.924352495262161,error,Unknown,2023-10-05
9,3.0,1.5,4.5,unknown,Unknown,2023-12-29
1,5.0,3.0,15.0,digital wallet,UNKNOWN,2023-11-14
1,5.0,3.0,15.0,cash,Takeaway,2023-04-17
6,5.0,4.0,20.0,digital wallet,Takeaway,2023-02-06
8,2.0,3.0,6.0,digital wallet,In-store,2023-09-29
1,3.0,3.0,9.0,error,Takeaway,2023-12-14
6,1.0,4.0,4.0,cash,Unknown,2023-01-20
8,3.0,3.0,9.0,cash,In-store,2023-07-09
4,5.0,4.0,20.0,digital wallet,Takeaway,2023-01-09
8,2.0,3.0,6.0,cash,In-store,2023-10-30
8,4.0,3.0,12.0,cash,In-store,2023-02-06
6,2.0,4.0,8.0,unknown,Takeaway,2023-04-17
2,1.0,1.0,1.0,credit card,In-store,2023-09-07
1,2.0,3.0,6.0,unknown,Unknown,2023-05-27
6,3.0,4.0,12.0,unknown,ERROR,2023-11-23
2,2.0,1.0,2.0,unknown,Unknown,2023-12-04
6,2.0,4.0,8.0,unknown,In-store,2023-01-06
0,4.0,2.949984155487483,8.0,unknown,Unknown,2023-06-26
9,2.0,1.5,3.0,digital wallet,Takeaway,2023-09-11
8,1.0,3.0,3.0,unknown,UNKNOWN,2023-11-02
2,1.0,2.949984155487483,1.0,unknown,Takeaway,2023-03-13
2,2.0,1.0,2.0,credit card,Takeaway,2023-11-20
3,2.0,5.0,10.0,credit card,In-store,2023-04-14
2,5.0,1.0,5.0,unknown,Takeaway,2023-10-02
5,3.0,2.949984155487483,6.0,unknown,Unknown,2023-09-21
0,2.0,2.0,4.0,error,In-store,2023-08-30
-1,4.0,3.0,12.0,digital wallet,Unknown,2023-01-27
9,1.0,1.5,1.5,credit card,Takeaway,2023-02-06
3,1.0,5.0,5.0,credit card,ERROR,2023-09-19
6,2.0,4.0,8.0,credit card,Unknown,2023-08-24
3,1.0,5.0,5.0,digital wallet,ERROR,2023-03-25
0,4.0,2.0,8.0,unknown,ERROR,2023-01-13
9,5.0,1.5,7.5,credit card,In-store,2023-07-17
1,4.0,3.0,12.0,digital wallet,Takeaway,2023-10-22
2,5.0,1.0,5.0,credit card,In-store,2023-11-29
9,4.0,1.5,6.0,digital wallet,In-store,2023-01-06
8,2.0,2.949984155487483,6.0,error,Unknown,2023-11-16
9,1.0,1.5,1.5,digital wallet,In-store,2023-07-15
6,3.0,4.0,12.0,digital wallet,In-store,2023-10-04
4,4.0,4.0,16.0,credit card,Unknown,2023-09-06
2,2.0,1.0,2.0,unknown,Unknown,2023-08-14
9,5.0,1.5,7.5,unknown,Unknown,2023-07-20
3,3.028463396702027,5.0,5.0,unknown,Unknown,2023-04-13
4,4.0,4.0,16.0,cash,Unknown,2023-09-12
4,1.0,4.0,4.0,unknown,Takeaway,2023-02-24
2,1.0,1.0,8.924352495262161,cash,UNKNOWN,2023-04-20
6,4.0,4.0,16.0,cash,Unknown,2023-08-28
1,3.0,3.0,9.0,unknown,Unknown,2023-02-07
3,4.0,5.0,20.0,cash,Unknown,2023-07-21
0,3.0,2.0,6.0,unknown,Unknown,2023-05-21
6,1.0,4.0,8.924352495262161,unknown,Takeaway,2023-02-06
9,2.0,1.5,3.0,cash,In-store,2023-11-10
4,1.0,4.0,4.0,credit card,In-store,2023-12-18
7,4.0,2.949984155487483,6.0,cash,Unknown,2023-02-06
2,2.0,1.0,2.0,cash,Unknown,2023-05-06
4,5.0,4.0,20.0,cash,In-store,2023-03-30
8,4.0,2.949984155487483,12.0,unknown,Unknown,2023-02-06
2,5.0,1.0,5.0,digital wallet,Unknown,2023-09-24
8,2.0,3.0,6.0,digital wallet,In-store,2023-04-13
5,3.0,3.0,9.0,credit card,Unknown,2023-08-24
-1,4.0,4.0,16.0,credit card,In-store,2023-09-08
9,3.0,1.5,4.5,unknown,In-store,2023-09-20
1,1.0,3.0,3.0,cash,Unknown,2023-11-18
1,3.028463396702027,2.949984155487483,3.0,cash,In-store,2023-12-20
4,1.0,4.0,4.0,credit card,Takeaway,2023-02-07
0,5.0,2.0,10.0,unknown,In-store,2023-02-13
9,2.0,1.5,3.0,digital wallet,In-store,2023-03-15
1,3.0,3.0,9.0,credit card,Unknown,2023-07-07
5,3.0,4.0,12.0,cash,In-store,2023-10-06
1,5.0,3.0,15.0,credit card,Takeaway,2023-09-21
5,2.0,3.0,6.0,unknown,Unknown,2023-08-22
8,4.0,3.0,12.0,unknown,Takeaway,2023-06-13
8,2.0,3.0,6.0,credit card,ERROR,2023-09-22
1,4.0,3.0,12.0,unknown,Unknown,2023-01-11
4,4.0,4.0,16.0,digital wallet,In-store,2023-09-28
0,1.0,2.0,2.0,cash,In-store,2023-12-27
8,3.0,3.0,9.0,error,Unknown,2023-04-03
4,4.0,4.0,16.0,unknown,Unknown,2023-06-12
1,1.0,3.0,3.0,cash,Takeaway,2023-06-26
6,4.0,4.0,16.0,credit card,UNKNOWN,2023-12-08
4,2.0,4.0,8.0,credit card,Unknown,2023-11-13
3,4.0,5.0,8.924352495262161,cash,Unknown,2023-02-18
8,3.0,3.0,8.924352495262161,unknown,In-store,2023-04-23
1,3.0,3.0,8.924352495262161,credit card,Unknown,2023-11-22
3,3.0,5.0,15.0,cash,In-store,2023-09-02
2,3.0,1.0,3.0,error,Takeaway,2023-02-25
4,2.0,4.0,8.0,unknown,Takeaway,2023-10-04
3,1.0,5.0,5.0,digital wallet,Unknown,2023-07-26
4,4.0,4.0,16.0,credit card,Unknown,2023-01-15
5,2.0,3.0,6.0,error,In-store,2023-09-29
6,4.0,4.0,16.0,credit card,ERROR,2023-02-25
6,2.0,4.0,8.0,cash,ERROR,2023-06-16
1,5.0,3.0,15.0,error,In-store,2023-04-02
3,3.0,5.0,15.0,digital wallet,Takeaway,2023-11-06
0,5.0,2.0,10.0,digital wallet,In-store,2023-07-21
9,5.0,1.5,7.5,digital wallet,Takeaway,2023-09-01
-1,1.0,3.0,3.0,cash,Unknown,2023-11-20
-1,3.0,5.0,15.0,unknown,Takeaway,2023-01-10
3,1.0,5.0,8.924352495262161,credit card,In-store,2023-09-16
8,5.0,2.949984155487483,15.0,cash,Takeaway,2023-05-05
5,4.0,2.0,8.924352495262161,credit card,Takeaway,2023-04-23
3,5.0,2.949984155487483,25.0,unknown,Unknown,2023-05-18
3,4.0,5.0,20.0,unknown,Takeaway,2023-02-06
0,2.0,2.0,4.0,cash,Takeaway,2023-07-28
4,3.0,4.0,12.0,cash,In-store,2023-10-08
3,1.0,5.0,5.0,credit card,Unknown,2023-04-10
9,4.0,1.5,6.0,cash,Takeaway,2023-04-07
-1,5.0,1.0,5.0,digital wallet,In-store,2023-06-08
6,3.0,4.0,12.0,unknown,In-store,2023-02-13
9,5.0,1.5,7.5,cash,In-store,2023-11-07
3,1.0,5.0,8.924352495262161,digital wallet,In-store,2023-07-26
1,4.0,3.0,12.0,unknown,Unknown,2023-05-13
-1,4.0,4.0,16.0,digital wallet,Unknown,2023-09-13
2,3.028463396702027,1.0,1.0,credit card,Unknown,2023-03-27
8,3.0,3.0,9.0,digital wallet,Unknown,2023-10-13
1,4.0,3.0,8.924352495262161,unknown,UNKNOWN,2023-01-08
3,1.0,5.0,5.0,digital wallet,Takeaway,2023-04-22
4,5.0,4.0,20.0,unknown,In-store,2023-12-17
9,4.0,1.5,6.0,cash,In-store,2023-10-19
0,3.0,2.0,6.0,digital wallet,UNKNOWN,2023-10-22
5,2.0,1.5,3.0,cash,Takeaway,2023-04-21
1,2.0,3.0,6.0,error,In-store,2023-01-03
2,5.0,1.0,5.0,cash,Takeaway,2023-11-25
4,3.028463396702027,4.0,12.0,credit card,Unknown,2023-07-07
6,4.0,4.0,16.0,error,In-store,2023-09-09
0,4.0,2.0,8.0,cash,In-store,2023-07-31
3,5.0,5.0,25.0,digital wallet,Takeaway,2023-07-06
3,2.0,5.0,8.924352495262161,digital wallet,In-store,2023-11-11
6,3.0,4.0,8.924352495262161,credit card,In-store,2023-10-03
-1,2.0,4.0,8.0,credit card,UNKNOWN,2023-10-21
3,1.0,5.0,5.0,digital wallet,Takeaway,2023-10-29
4,5.0,4.0,20.0,digital wallet,UNKNOWN,2023-07-09
4,5.0,2.949984155487483,20.0,credit card,Takeaway,2023-04-30
4,1.0,4.0,4.0,digital wallet,Unknown,2023-09-30
4,5.0,4.0,20.0,error,In-store,2023-02-23
2,4.0,1.0,4.0,cash,Unknown,2023-04-16
0,4.0,2.0,8.0,unknown,Unknown,2023-12-10
4,3.0,4.0,12.0,digital wallet,ERROR,2023-11-10
3,3.0,5.0,15.0,digital wallet,Unknown,2023-02-18
8,4.0,3.0,12.0,unknown,UNKNOWN,2023-07-07
9,5.0,1.5,7.5,cash,Unknown,2023-08-23
9,2.0,1.5,3.0,cash,In-store,2023-07-05
6,3.0,4.0,12.0,digital wallet,In-store,2023-06-19
8,3.0,3.0,9.0,cash,Takeaway,2023-09-15
1,4.0,3.0,12.0,unknown,Unknown,2023-11-22
8,4.0,3.0,12.0,cash,In-store,2023-04-24
0,5.0,2.0,10.0,unknown,In-store,2023-12-04
9,4.0,1.5,6.0,digital wallet,Takeaway,2023-02-14
8,3.0,3.0,9.0,cash,Takeaway,2023-12-01
6,3.0,2.949984155487483,12.0,credit card,In-store,2023-12-08
4,4.0,4.0,16.0,unknown,Takeaway,2023-11-09
1,3.0,3.0,9.0,cash,In-store,2023-09-06
1,2.0,3.0,6.0,unknown,Unknown,2023-09-24
6,3.028463396702027,4.0,20.0,cash,Unknown,2023-10-07
9,3.0,1.5,4.5,cash,Takeaway,2023-01-26
4,4.0,4.0,16.0,credit card,Takeaway,2023-03-19
8,5.0,3.0,15.0,unknown,In-store,2023-06-19
3,3.0,5.0,15.0,cash,In-store,2023-02-04
1,2.0,3.0,6.0,credit card,Unknown,2023-06-07
2,2.0,2.949984155487483,2.0,digital wallet,Unknown,2023-12-13
2,1.0,1.0,1.0,unknown,In-store,2023-08-17
3,5.0,5.0,25.0,credit card,In-store,2023-03-07
0,2.0,2.0,4.0,digital wallet,Takeaway,2023-08-22
9,3.0,1.5,4.5,unknown,Unknown,2023-09-05
2,5.0,1.0,5.0,digital wallet,Unknown,2023-11-15
6,2.0,4.0,8.0,unknown,UNKNOWN,2023-12-19
4,5.0,4.0,20.0,cash,Takeaway,2023-02-06
4,3.0,4.0,12.0,unknown,Unknown,2023-07-12
1,5.0,3.0,15.0,unknown,In-store,2023-07-24
8,1.0,3.0,3.0,credit card,Takeaway,2023-02-05
6,5.0,4.0,8.924352495262161,digital wallet,Takeaway,2023-01-23
8,2.0,3.0,6.0,digital wallet,In-store,2023-07-17
4,4.0,4.0,16.0,credit card,Unknown,2023-02-17
2,4.0,1.0,4.0,unknown,Unknown,2023-07-31
0,2.0,2.0,4.0,error,In-store,2023-12-27
8,2.0,3.0,6.0,credit card,In-store,2023-06-01
9,5.0,1.5,7.5,unknown,In-store,2023-10-01
1,2.0,3.0,6.0,error,Unknown,2023-02-06
0,5.0,2.0,10.0,unknown,Unknown,2023-06-28
3,1.0,2.949984155487483,5.0,cash,Takeaway,2023-07-23
1,4.0,3.0,12.0,unknown,In-store,2023-10-08
5,5.0,4.0,20.0,cash,In-store,2023-06-07
4,1.0,4.0,4.0,unknown,Takeaway,2023-09-19
0,3.0,2.0,6.0,credit card,In-store,2023-10-14
0,5.0,2.0,10.0,credit card,Takeaway,2023-03-06
8,3.0,3.0,9.0,digital wallet,Unknown,2023-04-19
8,3.0,3.0,9.0,credit card,Unknown,2023-01-25
5,4.0,5.0,20.0,credit card,Takeaway,2023-02-20
8,1.0,3.0,3.0,unknown,In-store,2023-10-16
6,3.028463396702027,4.0,8.924352495262161,credit card,In-store,2023-01-18
2,4.0,1.0,4.0,digital wallet,Unknown,2023-07-21
8,2.0,3.0,6.0,digital wallet,ERROR,2023-05-02
8,4.0,3.0,12.0,unknown,In-store,2023-04-30
8,5.0,3.0,15.0,cash,In-store,2023-07-23
0,1.0,2.0,2.0,digital wallet,Unknown,2023-06-06
8,3.028463396702027,3.0,15.0,digital wallet,Unknown,2023-08-24
5,5.0,3.0,15.0,unknown,Takeaway,2023-05-08
8,4.0,3.0,12.0,credit card,Takeaway,2023-04-10
2,1.0,1.0,8.924352495262161,cash,Takeaway,2023-06-16
5,3.0,1.0,3.0,cash,Takeaway,2023-02-06
9,1.0,1.5,1.5,credit card,Takeaway,2023-08-14
8,3.0,3.0,9.0,unknown,ERROR,2023-01-23
9,5.0,1.5,7.5,digital wallet,Takeaway,2023-02-16
4,1.0,4.0,4.0,credit card,Unknown,2023-11-11
1,2.0,2.949984155487483,6.0,unknown,Unknown,2023-05-23
3,5.0,5.0,25.0,unknown,Takeaway,2023-07-10
8,1.0,3.0,3.0,cash,Unknown,2023-07-29
0,5.0,2.0,10.0,cash,Unknown,2023-11-14
1,2.0,3.0,6.0,unknown,Unknown,2023-11-07
-1,1.0,3.0,3.0,unknown,Unknown,2023-02-06
3,5.0,5.0,25.0,credit card,In-store,2023-04-07
9,4.0,1.5,8.924352495262161,credit card,Takeaway,2023-03-27
1,4.0,3.0,12.0,digital wallet,Unknown,2023-04-01
1,4.0,3.0,12.0,credit card,Takeaway,2023-02-06
2,4.0,1.0,8.924352495262161,credit card,In-store,2023-10-21
7,5.0,3.0,15.0,cash,In-store,2023-05-16
3,2.0,5.0,10.0,digital wallet,Takeaway,2023-06-24
3,1.0,5.0,5.0,error,Unknown,2023-10-09
4,3.0,4.0,12.0,credit card,Unknown,2023-02-18
-1,3.0,5.0,15.0,cash,In-store,2023-05-29
8,3.028463396702027,3.0,6.0,unknown,Takeaway,2023-09-01
6,3.0,4.0,12.0,cash,In-store,2023-02-21
9,3.028463396702027,1.5,7.5,unknown,Takeaway,2023-08-02
6,4.0,4.0,16.0,unknown,Takeaway,2023-02-08
4,1.0,4.0,4.0,credit card,Takeaway,2023-08-07
4,3.0,4.0,12.0,digital wallet,Takeaway,2023-06-13
3,1.0,5.0,5.0,credit card,In-store,2023-12-16
2,2.0,1.0,2.0,digital wallet,In-store,2023-09-17
6,3.0,4.0,12.0,unknown,Takeaway,2023-07-25
1,5.0,3.0,15.0,unknown,Takeaway,2023-02-01
1,2.0,3.0,6.0,cash,Takeaway,2023-08-03
1,1.0,3.0,3.0,credit card,Takeaway,2023-03-22
8,3.0,3.0,9.0,cash,In-store,2023-04-25
1,3.028463396702027,3.0,15.0,credit card,Unknown,2023-08-08
9,5.0,1.5,7.5,cash,ERROR,2023-02-27
0,3.028463396702027,2.0,4.0,unknown,Takeaway,2023-05-05
2,5.0,1.0,8.924352495262161,unknown,In-store,2023-10-09
6,5.0,4.0,20.0,credit card,Unknown,2023-04-19
9,3.0,1.5,4.5,cash,In-store,2023-07-30
0,1.0,2.0,2.0,unknown,Unknown,2023-06-08
7,5.0,4.0,20.0,digital wallet,Unknown,2023-07-13
8,1.0,3.0,3.0,digital wallet,Unknown,2023-12-22
0,2.0,2.949984155487483,4.0,digital wallet,Takeaway,2023-10-08
3,3.0,5.0,8.924352495262161,credit card,Unknown,2023-08-17
2,2.0,1.0,2.0,cash,Takeaway,2023-09-17
6,4.0,4.0,16.0,cash,Takeaway,2023-12-08
6,3.0,4.0,12.0,unknown,In-store,2023-04-23
9,3.0,1.5,4.5,credit card,Takeaway,2023-06-09
0,1.0,2.949984155487483,2.0,unknown,Unknown,2023-02-22
5,1.0,1.0,1.0,digital wallet,In-store,2023-02-10
2,2.0,1.0,2.0,digital wallet,In-store,2023-09-17
2,3.0,1.0,3.0,credit card,Unknown,2023-05-06
2,3.0,1.0,3.0,digital wallet,Unknown,2023-12-04
-1,3.0,1.5,4.5,unknown,In-store,2023-10-25
2,2.0,1.0,2.0,credit card,Unknown,2023-12-17
1,2.0,3.0,8.924352495262161,credit card,Unknown,2023-03-27
9,2.0,1.5,3.0,unknown,Unknown,2023-04-03
3,1.0,5.0,5.0,cash,Unknown,2023-12-28
0,3.0,2.0,6.0,digital wallet,Takeaway,2023-08-18
0,3.0,2.0,6.0,credit card,Unknown,2023-07-19
6,3.0,4.0,12.0,unknown,Takeaway,2023-08-07
-1,1.0,4.0,4.0,cash,Takeaway,2023-11-06
0,1.0,2.0,2.0,unknown,UNKNOWN,2023-07-20
8,5.0,3.0,15.0,unknown,Takeaway,2023-05-21
4,3.0,4.0,12.0,error,In-store,2023-06-01
9,2.0,1.5,3.0,unknown,In-store,2023-10-02
1,5.0,3.0,15.0,digital wallet,In-store,2023-08-03
8,1.0,3.0,3.0,credit card,Takeaway,2023-12-17
8,5.0,3.0,15.0,unknown,Unknown,2023-03-28
8,4.0,3.0,12.0,credit card,Unknown,2023-01-22
6,3.0,4.0,12.0,digital wallet,Takeaway,2023-06-02
-1,3.0,1.0,3.0,cash,ERROR,2023-08-19
5,1.0,2.949984155487483,4.0,credit card,Unknown,2023-03-30
0,2.0,2.0,4.0,cash,Unknown,2023-05-05
9,5.0,1.5,8.924352495262161,credit card,Takeaway,2023-06-18
9,3.0,1.5,8.924352495262161,credit card,Takeaway,2023-02-06
0,5.0,2.0,10.0,unknown,Takeaway,2023-09-26
8,2.0,3.0,6.0,cash,Takeaway,2023-06-13
2,1.0,1.0,1.0,cash,Takeaway,2023-06-02
9,1.0,1.5,1.5,digital wallet,Takeaway,2023-01-29
3,2.0,5.0,10.0,cash,In-store,2023-02-06
9,2.0,1.5,3.0,unknown,Takeaway,2023-11-16
3,2.0,5.0,10.0,credit card,Unknown,2023-03-24
6,2.0,4.0,8.0,unknown,Unknown,2023-02-01
6,3.0,4.0,12.0,unknown,Takeaway,2023-08-20
8,4.0,3.0,12.0,unknown,Takeaway,2023-12-25
3,3.0,5.0,15.0,cash,Takeaway,2023-08-30
9,1.0,1.5,1.5,digital wallet,Unknown,2023-04-10
2,1.0,1.0,1.0,unknown,In-store,2023-01-30
4,3.0,4.0,12.0,unknown,Unknown,2023-04-17
0,1.0,2.0,8.924352495262161,credit card,In-store,2023-11-07
6,5.0,4.0,20.0,digital wallet,ERROR,2023-12-24
3,2.0,5.0,10.0,unknown,Takeaway,2023-12-04
7,1.0,5.0,5.0,credit card,In-store,2023-11-23
1,1.0,3.0,3.0,credit card,UNKNOWN,2023-07-10
2,3.0,1.0,3.0,cash,Takeaway,2023-05-15
8,3.0,3.0,9.0,unknown,Takeaway,2023-09-25
5,5.0,5.0,25.0,credit card,Unknown,2023-06-22
0,1.0,2.0,2.0,unknown,In-store,2023-05-29
8,2.0,3.0,6.0,unknown,Unknown,2023-02-09
4,5.0,4.0,8.924352495262161,cash,In-store,2023-06-23
8,2.0,3.0,6.0,cash,In-store,2023-01-07
6,5.0,4.0,20.0,unknown,Unknown,2023-05-08
6,1.0,4.0,4.0,credit card,Takeaway,2023-03-25
0,2.0,2.0,4.0,digital wallet,Unknown,2023-12-12
0,5.0,2.0,10.0,unknown,Takeaway,2023-08-04
3,5.0,5.0,25.0,credit card,Takeaway,2023-10-10
0,2.0,2.0,4.0,credit card,UNKNOWN,2023-04-10
3,2.0,5.0,10.0,digital wallet,In-store,2023-02-06
8,1.0,3.0,3.0,credit card,Takeaway,2023-02-06
1,1.0,3.0,3.0,credit card,Takeaway,2023-12-01
5,2.0,1.0,2.0,digital wallet,Unknown,2023-08-25
9,2.0,1.5,3.0,unknown,Unknown,2023-02-06
6,5.0,4.0,20.0,cash,Takeaway,2023-02-24
6,2.0,4.0,8.0,cash,Unknown,2023-12-08
3,3.028463396702027,5.0,15.0,unknown,In-store,2023-08-19
-1,1.0,2.949984155487483,2.0,credit card,Takeaway,2023-11-20
8,3.0,3.0,9.0,credit card,In-store,2023-02-07
6,2.0,4.0,8.0,unknown,Takeaway,2023-03-22
3,5.0,5.0,25.0,unknown,Takeaway,2023-01-30
9,5.0,1.5,7.5,unknown,Unknown,2023-11-25
3,3.0,5.0,15.0,credit card,Takeaway,2023-04-08
8,2.0,3.0,6.0,unknown,In-store,2023-09-17
8,3.0,3.0,9.0,digital wallet,Unknown,2023-03-27
9,3.028463396702027,1.5,1.5,digital wallet,Unknown,2023-06-07
6,4.0,4.0,16.0,cash,Takeaway,2023-12-16
5,2.0,4.0,8.0,digital wallet,UNKNOWN,2023-08-13
0,3.0,2.0,6.0,unknown,Takeaway,2023-12-09
8,5.0,3.0,15.0,digital wallet,In-store,2023-03-13
-1,5.0,2.0,10.0,credit card,In-store,2023-04-11
4,5.0,4.0,20.0,unknown,Unknown,2023-09-20
1,5.0,3.0,15.0,credit card,In-store,2023-02-16
4,3.0,4.0,12.0,cash,Unknown,2023-11-21
5,3.0,1.5,4.5,credit card,In-store,2023-07-03
6,2.0,4.0,8.0,cash,In-store,2023-07-21
0,4.0,2.0,8.924352495262161,credit card,Unknown,2023-05-21
0,3.0,2.0,6.0,credit card,Unknown,2023-05-28
2,4.0,2.949984155487483,4.0,digital wallet,In-store,2023-06-29
2,4.0,1.0,4.0,credit card,Unknown,2023-10-15
3,2.0,5.0,10.0,digital wallet,Unknown,2023-05-08
1,5.0,3.0,15.0,cash,Unknown,2023-08-13
3,5.0,2.949984155487483,25.0,cash,In-store,2023-01-16
1,2.0,3.0,6.0,cash,Unknown,2023-06-26
2,5.0,1.0,5.0,unknown,Unknown,2023-06-11
2,5.0,1.0,5.0,credit card,Takeaway,2023-01-29
1,3.0,3.0,9.0,cash,Unknown,2023-11-17
3,2.0,5.0,10.0,error,Takeaway,2023-06-28
6,3.0,4.0,12.0,credit card,UNKNOWN,2023-12-12
4,1.0,4.0,4.0,digital wallet,Unknown,2023-11-30
6,3.028463396702027,4.0,4.0,cash,Takeaway,2023-09-10
4,2.0,4.0,8.0,digital wallet,Unknown,2023-02-20
5,1.0,2.0,2.0,unknown,In-store,2023-03-23
8,1.0,2.949984155487483,3.0,digital wallet,In-store,2023-01-16
1,4.0,3.0,12.0,digital wallet,Unknown,2023-06-03
6,3.0,2.949984155487483,12.0,unknown,In-store,2023-07-24
3,4.0,5.0,20.0,unknown,In-store,2023-12-02
6,3.0,4.0,12.0,cash,Takeaway,2023-06-17
6,4.0,4.0,16.0,credit card,In-store,2023-02-06
0,3.0,2.0,6.0,credit card,Takeaway,2023-12-26
8,4.0,3.0,12.0,unknown,UNKNOWN,2023-02-13
7,5.0,3.0,15.0,digital wallet,Unknown,2023-11-12
9,1.0,1.5,1.5,unknown,In-store,2023-10-14
5,2.0,3.0,6.0,unknown,Unknown,2023-08-15
5,3.0,2.949984155487483,9.0,credit card,In-store,2023-02-06
8,3.0,3.0,9.0,credit card,Unknown,2023-06-12
9,5.0,1.5,7.5,unknown,Takeaway,2023-02-06
6,3.0,4.0,12.0,digital wallet,Unknown,2023-07-27
-1,3.0,1.5,4.5,credit card,UNKNOWN,2023-10-04
1,3.0,3.0,9.0,unknown,In-store,2023-02-06
6,1.0,4.0,4.0,digital wallet,Takeaway,2023-06-15
-1,1.0,4.0,4.0,cash,In-store,2023-10-27
6,4.0,4.0,16.0,credit card,Unknown,2023-08-04
8,5.0,3.0,15.0,digital wallet,Takeaway,2023-01-17
3,2.0,5.0,10.0,digital wallet,In-store,2023-02-22
2,4.0,1.0,4.0,digital wallet,Takeaway,2023-05-15
9,4.0,1.5,6.0,credit card,In-store,2023-08-30
5,2.0,1.5,3.0,credit card,Takeaway,2023-08-02
1,4.0,3.0,12.0,digital wallet,In-store,2023-02-10
0,5.0,2.0,8.924352495262161,credit card,In-store,2023-03-15
7,1.0,1.0,1.0,unknown,In-store,2023-05-30
4,4.0,4.0,16.0,unknown,Takeaway,2023-06-23
8,4.0,3.0,12.0,digital wallet,Unknown,2023-10-20
1,1.0,3.0,3.0,credit card,Takeaway,2023-10-15
6,1.0,4.0,4.0,unknown,In-store,2023-05-17
8,1.0,3.0,3.0,cash,Unknown,2023-06-18
4,5.0,4.0,20.0,cash,Unknown,2023-12-21
0,4.0,2.0,8.0,credit card,Takeaway,2023-07-28
-1,5.0,5.0,25.0,digital wallet,Unknown,2023-09-17
0,1.0,2.0,2.0,unknown,Unknown,2023-05-23
4,4.0,4.0,16.0,cash,Unknown,2023-09-19
3,5.0,5.0,25.0,digital wallet,In-store,2023-01-04
9,2.0,1.5,3.0,digital wallet,In-store,2023-10-07
2,2.0,1.0,2.0,cash,Unknown,2023-11-12
4,3.0,4.0,12.0,digital wallet,In-store,2023-03-04
3,4.0,5.0,20.0,credit card,Takeaway,2023-09-21
2,2.0,2.949984155487483,2.0,digital wallet,In-store,2023-01-14
9,3.028463396702027,1.5,7.5,cash,Unknown,2023-05-09
3,4.0,5.0,8.924352495262161,unknown,In-store,2023-05-17
6,1.0,4.0,4.0,credit card,Takeaway,2023-10-21
0,1.0,2.0,2.0,unknown,Unknown,2023-01-29
0,4.0,2.0,8.0,cash,In-store,2023-08-09
8,2.0,3.0,6.0,digital wallet,Unknown,2023-09-07
9,1.0,1.5,1.5,cash,Unknown,2023-06-02
3,2.0,5.0,10.0,credit card,Takeaway,2023-08-31
3,5.0,5.0,25.0,unknown,Unknown,2023-01-17
9,4.0,1.5,6.0,cash,In-store,2023-04-17
4,2.0,4.0,8.0,unknown,Unknown,2023-02-28
1,4.0,3.0,12.0,credit card,Unknown,2023-06-21
0,4.0,2.0,8.0,unknown,In-store,2023-12-30
3,4.0,5.0,20.0,digital wallet,In-store,2023-11-27
9,2.0,1.5,3.0,unknown,Unknown,2023-04-12
8,4.0,3.0,12.0,credit card,Unknown,2023-08-07
8,3.0,3.0,9.0,cash,Unknown,2023-11-23
9,3.0,1.5,4.5,cash,Unknown,2023-01-21
0,3.0,2.0,6.0,unknown,Takeaway,2023-04-17
4,2.0,4.0,8.0,credit card,Takeaway,2023-02-04
9,3.0,1.5,4.5,digital wallet,Unknown,2023-08-03
4,1.0,4.0,4.0,digital wallet,Takeaway,2023-04-12
-1,3.028463396702027,2.949984155487483,20.0,credit card,Unknown,2023-08-19
-1,5.0,2.949984155487483,15.0,cash,Unknown,2023-02-13
1,5.0,3.0,15.0,cash,In-store,2023-05-11
2,1.0,1.0,1.0,error,Unknown,2023-02-16
9,2.0,1.5,3.0,digital wallet,Takeaway,2023-12-30
4,4.0,4.0,16.0,credit card,In-store,2023-04-22
3,1.0,5.0,5.0,cash,In-store,2023-01-21
8,2.0,3.0,6.0,digital wallet,Unknown,2023-09-09
0,1.0,2.0,8.924352495262161,digital wallet,Takeaway,2023-01-06
8,5.0,3.0,15.0,digital wallet,In-store,2023-05-24
2,5.0,1.0,5.0,error,Unknown,2023-04-24
2,2.0,1.0,2.0,digital wallet,Takeaway,2023-09-09
4,3.0,4.0,12.0,cash,Unknown,2023-07-15
9,3.028463396702027,1.5,1.5,error,In-store,2023-08-26
4,4.0,4.0,16.0,cash,Unknown,2023-02-06
0,2.0,2.0,4.0,digital wallet,Unknown,2023-08-02
6,5.0,4.0,20.0,cash,In-store,2023-06-16
5,3.0,4.0,12.0,cash,In-store,2023-05-10
8,1.0,3.0,3.0,digital wallet,Takeaway,2023-02-04
6,1.0,4.0,8.924352495262161,cash,Takeaway,2023-02-06
1,2.0,3.0,6.0,digital wallet,Takeaway,2023-09-13
9,2.0,1.5,3.0,unknown,In-store,2023-04-05
1,2.0,3.0,6.0,unknown,In-store,2023-12-07
0,2.0,2.0,4.0,unknown,Takeaway,2023-05-09
0,3.0,2.0,6.0,unknown,In-store,2023-02-25
3,3.028463396702027,5.0,5.0,error,In-store,2023-08-06
6,5.0,4.0,20.0,digital wallet,In-store,2023-06-15
0,3.028463396702027,2.0,6.0,unknown,In-store,2023-03-07
2,2.0,1.0,2.0,cash,Takeaway,2023-05-23
1,5.0,3.0,15.0,unknown,Unknown,2023-04-27
0,1.0,2.0,2.0,cash,Unknown,2023-07-07
1,5.0,3.0,15.0,cash,Takeaway,2023-12-24
4,4.0,4.0,16.0,digital wallet,Unknown,2023-11-23
3,3.028463396702027,5.0,15.0,unknown,Unknown,2023-12-19
1,1.0,3.0,8.924352495262161,digital wallet,UNKNOWN,2023-02-16
6,5.0,4.0,20.0,credit card,Unknown,2023-12-08
-1,2.0,1.5,3.0,unknown,Unknown,2023-11-21
0,3.0,2.0,6.0,cash,In-store,2023-02-14
9,3.0,1.5,4.5,unknown,In-store,2023-05-29
0,1.0,2.0,2.0,cash,Unknown,2023-07-04
9,2.0,1.5,3.0,digital wallet,Unknown,2023-04-06
6,5.0,4.0,20.0,digital wallet,Unknown,2023-05-28
3,3.0,5.0,15.0,unknown,Takeaway,2023-06-28
0,3.0,2.0,6.0,credit card,Unknown,2023-08-13
1,4.0,3.0,12.0,unknown,Unknown,2023-10-06
3,4.0,5.0,20.0,digital wallet,Unknown,2023-12-01
7,5.0,2.0,10.0,unknown,Takeaway,2023-07-06
4,3.0,4.0,12.0,cash,Unknown,2023-01-08
3,4.0,5.0,20.0,digital wallet,In-store,2023-08-06
8,4.0,3.0,12.0,cash,Takeaway,2023-01-30
0,3.028463396702027,2.0,8.924352495262161,digital wallet,Unknown,2023-01-15
6,5.0,4.0,20.0,credit card,Unknown,2023-04-28
4,1.0,4.0,4.0,credit card,Takeaway,2023-04-17
1,5.0,3.0,15.0,unknown,UNKNOWN,2023-11-26
8,5.0,3.0,15.0,digital wallet,Takeaway,2023-02-28
9,4.0,1.5,6.0,cash,Takeaway,2023-09-23
2,1.0,1.0,1.0,credit card,In-store,2023-03-16
-1,1.0,2.0,2.0,unknown,In-store,2023-03-30
4,1.0,4.0,4.0,unknown,ERROR,2023-02-06
6,3.0,4.0,12.0,unknown,Unknown,2023-10-07
3,5.0,5.0,25.0,digital wallet,In-store,2023-10-19
1,2.0,3.0,6.0,error,In-store,2023-12-08
6,2.0,4.0,8.0,cash,UNKNOWN,2023-04-25
0,5.0,2.0,10.0,cash,Unknown,2023-02-11
9,2.0,1.5,3.0,digital wallet,In-store,2023-02-08
8,3.0,3.0,9.0,credit card,Unknown,2023-02-05
-1,3.0,4.0,12.0,credit card,In-store,2023-02-06
3,3.0,5.0,15.0,digital wallet,In-store,2023-04-18
3,3.028463396702027,5.0,10.0,unknown,In-store,2023-06-01
6,4.0,4.0,16.0,digital wallet,Unknown,2023-06-06
3,1.0,5.0,5.0,cash,ERROR,2023-07-05
4,2.0,4.0,8.924352495262161,digital wallet,Takeaway,2023-05-05
0,5.0,2.0,10.0,unknown,In-store,2023-05-09
8,1.0,3.0,3.0,unknown,Takeaway,2023-01-27
8,2.0,2.949984155487483,8.924352495262161,digital wallet,Takeaway,2023-02-02
2,1.0,1.0,1.0,cash,Takeaway,2023-11-23
4,5.0,4.0,20.0,error,Unknown,2023-08-26
0,3.028463396702027,2.0,10.0,cash,In-store,2023-03-12
8,5.0,3.0,15.0,digital wallet,Unknown,2023-09-21
8,3.0,3.0,9.0,cash,Takeaway,2023-09-27
8,1.0,3.0,3.0,cash,Takeaway,2023-10-24
8,5.0,3.0,15.0,credit card,Unknown,2023-03-07
2,1.0,1.0,1.0,digital wallet,In-store,2023-07-15
9,5.0,1.5,7.5,credit card,Takeaway,2023-07-18
1,2.0,3.0,6.0,digital wallet,In-store,2023-01-26
9,4.0,1.5,6.0,digital wallet,In-store,2023-07-02
4,1.0,4.0,4.0,credit card,Takeaway,2023-01-21
1,1.0,3.0,3.0,cash,Unknown,2023-09-26
2,1.0,1.0,1.0,unknown,Takeaway,2023-02-06
3,5.0,5.0,25.0,credit card,UNKNOWN,2023-06-22
6,5.0,4.0,20.0,digital wallet,Takeaway,2023-04-30
7,2.0,3.0,6.0,digital wallet,UNKNOWN,2023-01-12
0,3.028463396702027,2.0,10.0,unknown,Takeaway,2023-08-18
4,5.0,4.0,20.0,unknown,In-store,2023-12-08
9,1.0,1.5,1.5,credit card,UNKNOWN,2023-12-13
1,3.0,3.0,9.0,credit card,Takeaway,2023-11-22
3,1.0,5.0,5.0,unknown,In-store,2023-02-24
0,3.0,2.0,6.0,digital wallet,In-store,2023-10-15
4,1.0,4.0,4.0,cash,Unknown,2023-09-10
7,1.0,4.0,4.0,digital wallet,Takeaway,2023-03-04
1,1.0,3.0,3.0,unknown,Takeaway,2023-09-20
3,4.0,5.0,20.0,cash,In-store,2023-03-09
4,3.0,4.0,12.0,credit card,In-store,2023-09-19
9,1.0,1.5,1.5,unknown,Unknown,2023-06-28
1,2.0,3.0,6.0,unknown,Unknown,2023-09-10
8,2.0,2.949984155487483,6.0,digital wallet,Unknown,2023-12-24
4,4.0,4.0,16.0,digital wallet,Unknown,2023-06-27
1,4.0,2.949984155487483,12.0,digital wallet,Takeaway,2023-11-09
6,3.0,4.0,12.0,unknown,Takeaway,2023-11-18
3,3.0,5.0,15.0,unknown,In-store,2023-04-06
8,1.0,3.0,3.0,cash,Unknown,2023-05-31
6,3.0,4.0,12.0,unknown,Takeaway,2023-10-31
4,2.0,4.0,8.0,unknown,UNKNOWN,2023-02-06
9,3.028463396702027,1.5,3.0,cash,Unknown,2023-04-20
1,1.0,3.0,3.0,unknown,Takeaway,2023-02-06
4,5.0,4.0,20.0,digital wallet,In-store,2023-03-16
9,3.028463396702027,1.5,6.0,unknown,Takeaway,2023-11-09
4,2.0,4.0,8.0,cash,Unknown,2023-02-05
1,1.0,3.0,3.0,unknown,Unknown,2023-02-06
6,4.0,4.0,16.0,cash,Unknown,2023-05-20
6,2.0,4.0,8.0,credit card,ERROR,2023-08-23
3,2.0,5.0,10.0,digital wallet,Takeaway,2023-10-15
8,4.0,3.0,12.0,cash,Takeaway,2023-01-23
3,1.0,5.0,5.0,digital wallet,Takeaway,2023-09-27
0,4.0,2.0,8.0,credit card,In-store,2023-05-20
1,3.028463396702027,3.0,15.0,credit card,Takeaway,2023-04-14
2,2.0,1.0,2.0,cash,Takeaway,2023-10-12
5,1.0,4.0,4.0,cash,Takeaway,2023-09-24
4,4.0,4.0,16.0,cash,Takeaway,2023-02-04
9,1.0,1.5,1.5,unknown,In-store,2023-09-27
8,3.0,3.0,9.0,unknown,In-store,2023-02-06
1,1.0,3.0,3.0,digital wallet,Unknown,2023-03-09
7,4.0,1.0,4.0,unknown,Takeaway,2023-10-20
6,1.0,4.0,4.0,digital wallet,Unknown,2023-01-28
1,5.0,3.0,15.0,credit card,Takeaway,2023-11-29
0,4.0,2.0,8.924352495262161,credit card,In-store,2023-11-21
9,4.0,1.5,6.0,error,Unknown,2023-09-16
2,3.0,1.0,3.0,unknown,Takeaway,2023-10-08
0,3.028463396702027,2.0,8.0,credit card,Takeaway,2023-11-15
7,2.0,5.0,10.0,credit card,In-store,2023-08-02
8,2.0,3.0,6.0,digital wallet,In-store,2023-05-28
8,5.0,3.0,15.0,unknown,In-store,2023-03-04
9,2.0,2.949984155487483,3.0,cash,Unknown,2023-12-29
6,4.0,4.0,16.0,cash,In-store,2023-05-23
1,5.0,3.0,15.0,unknown,Takeaway,2023-02-14
1,3.0,3.0,9.0,unknown,In-store,2023-11-07
9,2.0,1.5,3.0,digital wallet,Unknown,2023-12-20
0,2.0,2.0,4.0,unknown,Unknown,2023-05-24
8,4.0,3.0,12.0,unknown,In-store,2023-03-26
4,3.0,4.0,12.0,digital wallet,Takeaway,2023-03-14
0,2.0,2.0,4.0,cash,In-store,2023-09-12
6,5.0,4.0,20.0,cash,In-store,2023-03-05
3,5.0,5.0,25.0,cash,Takeaway,2023-02-04
1,4.0,3.0,12.0,unknown,In-store,2023-08-06
3,2.0,5.0,10.0,digital wallet,Unknown,2023-01-26
9,4.0,1.5,6.0,cash,In-store,2023-04-01
1,1.0,3.0,3.0,cash,In-store,2023-01-20
2,1.0,1.0,1.0,unknown,Takeaway,2023-08-26
8,2.0,3.0,8.924352495262161,digital wallet,In-store,2023-11-04
9,3.0,1.5,4.5,unknown,Unknown,2023-02-16
4,5.0,4.0,20.0,cash,In-store,2023-07-20
9,4.0,1.5,6.0,unknown,Unknown,2023-08-24
7,5.0,4.0,20.0,digital wallet,Unknown,2023-02-27
2,2.0,1.0,2.0,unknown,Takeaway,2023-12-30
4,3.0,4.0,12.0,cash,Unknown,2023-02-06
4,3.028463396702027,4.0,4.0,cash,Takeaway,2023-07-27
1,2.0,3.0,6.0,unknown,UNKNOWN,2023-01-03
6,2.0,4.0,8.0,credit card,In-store,2023-12-14
8,5.0,3.0,15.0,cash,Unknown,2023-07-31
1,5.0,3.0,8.924352495262161,error,Unknown,2023-02-06
8,5.0,3.0,15.0,cash,Unknown,2023-08-18
0,5.0,2.0,10.0,digital wallet,Unknown,2023-05-22
6,3.0,4.0,12.0,cash,Takeaway,2023-02-24
4,4.0,4.0,16.0,unknown,In-store,2023-07-05
4,2.0,4.0,8.924352495262161,cash,Unknown,2023-10-20
5,4.0,4.0,16.0,unknown,Unknown,2023-01-08
0,2.0,2.0,4.0,unknown,UNKNOWN,2023-08-30
-1,3.0,2.949984155487483,3.0,digital wallet,Unknown,2023-06-02
0,4.0,2.0,8.0,digital wallet,Unknown,2023-03-02
2,3.0,2.949984155487483,3.0,digital wallet,Unknown,2023-12-02
6,3.0,4.0,12.0,cash,In-store,2023-11-07
